title,abstract,authors,year,doi,source,include_title_screening,exclusion_reason,url,publisher,cites
Convolutional neural networks for the classification of guitar effects and extraction of the parameter settings of single and multi-guitar effects from instrument …,"… of guitar effects and extraction of their parameter settings from solo guitar audio recordings. … and parameter extraction of guitar effects from audio samples containing guitar, bass, …","R Hinrichs, K Gerkens, A Lange, ...",2022,10.1186/s13636-022-00257-4,Google Scholar,yes,,https://link.springer.com/article/10.1186/s13636-022-00257-4,Springer,8
Classification of guitar effects and extraction of their parameter settings from instrument mixes using convolutional neural networks,… The confusion of slapback and feedback delay on the GEC-GIT is not surprising as mostly very small parameter settings for the feedback parameter of the feedback delay were …,"R Hinrichs, K Gerkens, J Ostermann",2022,10.1007/978-3-031-03789-4_7,Google Scholar,yes,,https://link.springer.com/chapter/10.1007/978-3-031-03789-4_7,Springer,6
A customizable mathematical model for determining the difficulty of guitar triad chords for machine learning,"… Music recommendation systems (MRS) for guitar learning … , guitar is one of the toughest instruments to play, and the growing number of guitar learners makes system design for guitar …","N Sharma, S Sharma",2022,10.1007/978-981-99-2322-9_51,Google Scholar,yes,,https://link.springer.com/chapter/10.1007/978-981-99-2322-9_51,Springer,8
Towards developing a virtual guitar instructor through biometrics informed human-computer interaction,"… of guitar players, we intend to apply deep learning models, eg, … human feedback (via insights from expert guitar performers) to … and amateur guitar players and receive their feedback on …","C Rhodes, R Allmendinger, C Jay, ...",2023,10.1145/3544549.3582738,Google Scholar,yes,,https://dl.acm.org/doi/abs/10.1145/3544549.3582738,dl.acm.org,7
Measuring the impacts of extra-musical elements in guitar music playing: a pilot study,"… In addition, to measure manifestations of expressivity … From these results, we used machine learning techniques to … test the experts’ evaluation and audio analysis processes. Following …","I Héroux, S Giraldo, R Ramírez, F Dubé, ...",2020,10.3389/fpsyg.2020.01964,Google Scholar,yes,,https://www.frontiersin.org/articles/10.3389/fpsyg.2020.01964/full,frontiersin.org,3
Soloist: Generating mixed-initiative tutorials from existing guitar instructional videos through audio processing,"… -shelf guitar video lessons. Soloist takes raw videos as input and leverages deep-learning … A remote user study, conducted to gather feedback from guitar players, shows encouraging …","B Wang, MY Yang, T Grossman",2021,10.1145/3411764.3445162,Google Scholar,no,Relacionado a guitarra/aprendizado mas não menciona IA/ML,https://dl.acm.org/doi/abs/10.1145/3411764.3445162,dl.acm.org,37
Cloud-smart musical instrument interactions: Querying a large music collection with a smart guitar,"… criteria, a formal evaluation of the audio analysis can be made. … if we consider that machine learning methods may need large training … This is a nascent topic within the machine learning …","L Turchet, J Pauwels, C Fischione, ...",2020,10.1145/3377881,Google Scholar,yes,,https://dl.acm.org/doi/abs/10.1145/3377881,dl.acm.org,49
GTR-CTRL: instrument and genre conditioning for guitar-focused music generation with transformers,"… In this work, we use the DadaGP dataset for guitar tab music … Transformer-XL deep learning model to generate guitar tabs (… a toolkit for symbolic music generation and evaluation [8]. We …","P Sarmento, A Kumar, YH Chen, CJ Carr, ...",2023,10.1007/978-3-031-29956-8_17,Google Scholar,yes,,https://link.springer.com/chapter/10.1007/978-3-031-29956-8_17,Springer,40
Let's frets! Assisting guitar students during practice via capacitive sensing,"… of traditional guitar notation. Then, we provide an overview on audio analysis, setups based … Further, our results show how different feedback modalities impact the practice of new guitar …","K Marky, A Weiß, A Matviienko, F Brandherm, ...",2021,10.1145/3411764.3445595,Google Scholar,no,Relacionado a guitarra/aprendizado mas não menciona IA/ML,https://dl.acm.org/doi/abs/10.1145/3411764.3445595,dl.acm.org,33
GUITAR: Gradient Pruning toward Fast Neural Ranking,… measure evaluation is saved by using GUITAR? … deep learning for feature learning in a new neural network architecture. We set the factorization part dimension as 8 and deep learning …,"W Zhao, S Tan, P Li",2024,10.1145/3626772.3657728,Google Scholar,yes,,https://dl.acm.org/doi/abs/10.1145/3626772.3657728,dl.acm.org,2
Blind extraction of guitar effects through blind system inversion and neural guitar effect modeling,"… of a target guitar sound using another guitar. This work is a … a guitar, including possible distortion effects, to another guitar … In their MUSHRA evaluation, they achieved a perceptual …","R Hinrichs, K Gerkens, A Lange, ...",2024,10.1186/s13636-024-00330-0,Google Scholar,no,Relacionado a guitarra/aprendizado mas não menciona IA/ML,https://link.springer.com/article/10.1186/s13636-024-00330-0,Springer,6
Applying deep learning techniques to estimate patterns of musical gesture,"… The purpose of this study was to investigate how state-of-the-art machine learning … Using violin performance as a test-case, we aimed to provide real-time feedback to musicians …","D Dalmazzo, G Waddell, R Ramírez",2021,10.3389/fpsyg.2020.575971,Google Scholar,no,Contém palavra-chave de exclusão: violin,https://www.frontiersin.org/journals/psychology/articles/10.3389/fpsyg.2020.575971/full,frontiersin.org,12
Let's frets! Mastering guitar playing with capacitive sensing and visual guidance,"… support system that combines visual indicators, feedback about … guitar tab requires information about the finger position, which cannot be determined for each tone by audio analysis…","K Marky, A Weiß, F Müller, M Schmitz, ...",2021,10.1145/3411763.3451536,Google Scholar,no,Relacionado a guitarra/aprendizado mas não menciona IA/ML,https://dl.acm.org/doi/abs/10.1145/3411763.3451536,dl.acm.org,12
Leveraging Computer Vision Networks for Guitar Tablature Transcription,"… guitar tablature transcription network named TabCNN against state-of-the-art computer vision networks. The evaluation … to transcribe guitar-related notations, also called guitar tablatures…","C El Achkar, R Couturier, A Makhoul, ...",2023,10.1007/978-3-031-50069-5_2,Google Scholar,yes,,https://link.springer.com/chapter/10.1007/978-3-031-50069-5_2,Springer,2
Interactive machine learning of musical gesture,… negative guiding feedback to the agent about the proposed mapping. This feedback guides … The piece is a duet for alto or soprano sax and electric guitar tuned in Drop C (open strings …,"FG Visi, A Tanaka",2021,10.1007/978-3-030-72116-9_27,Google Scholar,yes,,https://link.springer.com/chapter/10.1007/978-3-030-72116-9_27,Springer,39
Artificial intelligence in music: recent trends and challenges,"… : evaluation of the Chinese music style (internal evaluation of the created melodic line) and evaluation of the counterpoint (evaluation of … Similarly to [19], the evaluation is based on the …","J Mycka, J Mańdziuk",2025,10.1007/s00521-024-10555-x,Google Scholar,yes,,https://link.springer.com/article/10.1007/s00521-024-10555-x,Springer,26
Enhancing machine learning classification of microstructures: A workflow study on joining image data and metadata in CNN,"… and machine learning (ML) pipeline to extract metadata from micrograph image files, then combine image data and their metadata for microstructure classification with a deep learning …","M Stiefel, M Müller, BI Bachmann, MA Guitar, ...",2024,10.1557/s43579-024-00549-0,Google Scholar,yes,,https://link.springer.com/article/10.1557/s43579-024-00549-0,Springer,6
A TMR angle sensor for gesture acquisition and disambiguation on the electric guitar,… This paper presents a novel approach to the acquisition of musical gestures on guitar based … Evaluation of inertial sensor data by a comparison with optical motion capture data of guitar …,"AL Benito Temprano, A McPherson",2021,10.1145/3478384.3478427,Google Scholar,no,Relacionado a guitarra/aprendizado mas não menciona IA/ML,https://dl.acm.org/doi/abs/10.1145/3478384.3478427,dl.acm.org,3
Dynamics of musical success: A machine learning approach for multimedia data fusion,"… In this article, the authors develop a novel multimodal machine learning framework that combines multimedia data (eg, metadata, acoustic features, user-generated textual data) in …","K Boughanmi, A Ansari",2021,10.1177/00222437211016495,Google Scholar,yes,,https://journals.sagepub.com/doi/abs/10.1177/00222437211016495,journals.sagepub.com,57
Classification of guitar tab and numbered musical notation using ResNet50 network,"… advancement of deep learning and the growth of AI, a new concept for classifying music score images has been introduced. This paper presents a classification method for guitar tabs …","H Ma, L Zhang, Y Han",2023,10.1117/12.2684610.short,Google Scholar,yes,,https://www.spiedigitallibrary.org/conference-proceedings-of-spie/12717/127172P/Classification-of-guitar-tab-and-numbered-musical-notation-using-ResNet50/10.1117/12.2684610.short,spiedigitallibrary.org,1
BettaNet: a deep learning architecture for classification of wild siamese betta species,"… samaragdina, Betta siamorientails, Betta samaragdina guitar and Betta splendens. This does not … The performance evaluation of various existing deep learning architectures against the …","V Pattana-Anake, P Danphitsanuparn, ...",2021,10.1088/1757-899X/1055/1/012104,Google Scholar,yes,,https://iopscience.iop.org/article/10.1088/1757-899X/1055/1/012104/meta,iopscience.iop.org,24
LooperGP: A loopable sequence model for live coding performance using GuitarPro tablature,"… Despite their impressive offline results, deep learning models for … A Guitar Pro formatted song is first converted into a list M of … Our statistical evaluation showed a significant effect of …","S Adkins, P Sarmento, M Barthet",2023,10.1007/978-3-031-29956-8_1,Google Scholar,yes,,https://link.springer.com/chapter/10.1007/978-3-031-29956-8_1,Springer,14
Chord-based music generation using long short-term memory neural networks in the context of artificial intelligence,"… Furthermore, an evaluation of the chord music generation algorithm is conducted, utilizing … piano, guitar, or string instruments. Moreover, exploring how to combine other deep learning …",F Li,2024,10.1007/s11227-023-05704-3,Google Scholar,no,Contém palavra-chave de exclusão: piano,https://link.springer.com/article/10.1007/s11227-023-05704-3,Springer,27
"A survey on deep learning for symbolic music generation: Representations, algorithms, evaluations, and challenges","… of deep learning network architectures in symbolic music generation in recent years, but we do not deny the value of nondeep learning … This section summarizes the music evaluation …","S Ji, X Yang, J Luo",2023,10.1145/3597493,Google Scholar,yes,,https://dl.acm.org/doi/abs/10.1145/3597493,dl.acm.org,152
Recognition and classification model of music genres and Chinese traditional musical instruments based on deep neural networks,"… defines the concept of deep learning and ideological and … and evaluation, and new models of intelligent learning that … to form music of singing and guitar alternately. The blues are based …",K Xu,2021,10.1155/2021/2348494,Google Scholar,no,Contém palavra-chave de exclusão: singing,https://onlinelibrary.wiley.com/doi/abs/10.1155/2021/2348494,Wiley Online Library,22
Assessing the effects of delay to NMP via audio analysis,"… percussion, piano, and guitar. Musicians listened to the feedback from their own instruments … a rock piece was performed with bass and acoustic guitar, both having rhythm roles. As …","K Tsioutas, G Xylomenos",2022,10.1007/s42979-022-01555-6,Google Scholar,no,Contém palavra-chave de exclusão: piano,https://link.springer.com/article/10.1007/s42979-022-01555-6,Springer,5
Synchronize dual hands for physics-based dexterous guitar playing,… Single-hand policy evaluation: We evaluate the performance of the separately trained single-hand … We present a deep learning method for composite and task-driven motion control for …,"P Xu, R Wang",2024,10.1145/3680528.3687692,Google Scholar,yes,,https://dl.acm.org/doi/abs/10.1145/3680528.3687692,dl.acm.org,9
Deep learning for regression and classification,… evaluation the value of a diamond for a diamond vender or a person who want to buy a diamond. … A schematic of changing a piano sound to a guitar sound suing machine learning. Two …,"WK Liu, Z Gan, M Fleming",2022,10.1007/978-3-030-87832-0_6,Google Scholar,no,Contém palavra-chave de exclusão: piano,https://link.springer.com/chapter/10.1007/978-3-030-87832-0_6,Springer,5
AI based music recommendation system using deep learning algorithms,"… feedback for the needs of various viewers, it takes adjustments. To find the better deep learning … Results and Discussion We perform experiment to detect and Acoustic guitar, bass drum, …","R Anand, RS Sabeenian, D Gurang, ...",2021,10.1088/1755-1315/785/1/012013,Google Scholar,yes,,https://iopscience.iop.org/article/10.1088/1755-1315/785/1/012013/meta,iopscience.iop.org,32
Deep learning-based wave digital modeling of rate-dependent hysteretic nonlinearities for virtual analog applications,"… of the output stage of a vacuum-tube guitar amplifier featuring a nonlinear transformer. … wave mappings for static nonlinear components, deep learning methods capable of dealing with …","O Massi, AI Mezza, R Giampiccolo, ...",2023,10.1186/s13636-023-00277-8,Google Scholar,yes,,https://link.springer.com/article/10.1186/s13636-023-00277-8,Springer,17
A combination of multi-objective genetic algorithm and deep learning for music harmony generation,… guitar music by minimizing hand and finger movements [33]. … the evaluation can be done in real-time and its feedback can … Using some of the deep learning methods such as LSTMs for …,"M Majidi, RM Toroghi",2023,10.1007/s11042-022-13329-6,Google Scholar,yes,,https://link.springer.com/article/10.1007/s11042-022-13329-6,Springer,33
Evaluation of an e-learning tool for augmented acoustics in music education,… We obtained too little data from the clarinet and guitar class to investigate developments … The guitar class had some technical issues with the microphone that sometimes prevented …,"N Klanjscek, L David, M Frank",2021,10.1177/20592043211037511,Google Scholar,no,Relacionado a guitarra/aprendizado mas não menciona IA/ML,https://journals.sagepub.com/doi/abs/10.1177/20592043211037511,journals.sagepub.com,16
Deep learning and knowledge integration for music audio analysis (Dagstuhl Seminar 22082),"… , lead sheet and guitar tabs). … evaluation of MIR systems. In particular, we discussed the gap between loss functions typically used for optimizing deep learning pipelines and evaluation …","M Müller, R Bittner, J Nam, M Krause, Y Özer",2022,10.4230/DagRep.12.2.103,Google Scholar,no,Contém palavra-chave de exclusão: mir,https://drops.dagstuhl.de/entities/document/10.4230/DagRep.12.2.103,drops.dagstuhl.de,3
On the development and practice of ai technology for contemporary popular music production,"… was trained on bass guitar tracks, and LeadNet was trained on vocal and lead guitar tracks. … technology in addition to standard machine learning evaluation criteria such as prediction …","E Deruty, M Grachten, S Lattner, ...",2022,10.5334/tismir.100,Google Scholar,yes,,https://transactions.ismir.net/articles/10.5334/tismir.100?_rsc=169o1,transactions.ismir.net,97
3D objects reconstruction from frontal images: an example with guitars,… and allow existing deep learning architectures developed for … of guitar we are dealing with: a classical Spanish guitar or an … much larger distance between the surfaces in our evaluation. …,"A Beacco, J Gallego, M Slater",2023,10.1007/s00371-022-02669-x,Google Scholar,yes,,https://link.springer.com/article/10.1007/s00371-022-02669-x,Springer,10
The Psychological Education Strategy of Music Generation and Creation by Generative Confrontation Network under Deep Learning,"… A music evaluation method based on subjective evaluation … music samples in the bass and guitar tracks without notes. Based … In the UPC evaluation data, except for the piano track, the …","J Hu, Z Ge, X Wang",2022,10.1155/2022/3847415,Google Scholar,no,Contém palavra-chave de exclusão: piano,https://onlinelibrary.wiley.com/doi/abs/10.1155/2022/3847415,Wiley Online Library,5
Application and study of musical artificial intelligence in music education field,"… different evaluation … guitar system designed and invented by students of the Department of Computer Science of the Engineering University of Helsinki, Finland-simulates playing guitar …",SY Yuan,2020,10.1088/1742-6596/1533/3/032033,Google Scholar,yes,,https://iopscience.iop.org/article/10.1088/1742-6596/1533/3/032033/meta,iopscience.iop.org,24
Artificial intelligence in music education,… Artificial intelligence linked the indicator estimates with the actual results of learning (performance scores and teacher feedback). … learning strategy ‘Start Playing the Guitar!’ in Solfeg.io …,"P Li, B Wang",2024,10.1080/10447318.2023.2209984,Google Scholar,yes,,https://www.tandfonline.com/doi/abs/10.1080/10447318.2023.2209984,Taylor &Francis,84
"Image synthesis: a review of methods, datasets, evaluation metrics, and future outlook","… Regarding the evaluation, we summarize the metrics used to evaluate the image synthesis models. Moreover, a detailed analysis based on the evaluation metrics of the results of the …","SS Baraheem, TN Le, TV Nguyen",2023,10.1007/s10462-023-10434-2,Google Scholar,no,Contém palavra-chave de exclusão: synthesis,https://link.springer.com/article/10.1007/s10462-023-10434-2,Springer,57
Piano education of children using musical instrument recognition and deep learning technologies under the educational psychology,"… Additionally, it can extract the tones of the instrument to construct a new digital music evaluation … The effectiveness of the evaluation model depends on the tone analysis algorithm. Thus, …",H Li,2021,10.3389/fpsyg.2021.705116,Google Scholar,no,Contém palavra-chave de exclusão: piano,https://www.frontiersin.org/articles/10.3389/fpsyg.2021.705116/full,frontiersin.org,26
Methods and metrics for explaining artificial intelligence models: A review,"… providing explaination of Electric guitar and Acoustic guitar. Finally, … evaluation metrics to achieve. Standardization organizations such as ISO have also raised the need for evaluation …","P Banerjee, RP Barnwal",2022,10.1007/978-3-031-12807-3_4,Google Scholar,yes,,https://link.springer.com/chapter/10.1007/978-3-031-12807-3_4,Springer,16
An empirical study on how people perceive AI-generated music,"… and discuss future research directions of deep learning models for music creation. … evaluation metrics of the 40 music generation models. First, we collect all subjective evaluation …","H Chu, J Kim, S Kim, H Lim, H Lee, S Jin, ...",2022,10.1145/3511808.3557235,Google Scholar,yes,,https://dl.acm.org/doi/abs/10.1145/3511808.3557235,dl.acm.org,55
"Navigating knowledge dynamics: Algorithmic music recombination, deep learning, blockchain, economic knowledge, and copyright challenges","… This evaluation demonstrates that our method consistently produces music that excels in these critical areas. In other words, our music generation approach is more musically coherent, …","Y Zhou, F Huang",2025,10.1007/s13132-023-01700-3,Google Scholar,yes,,https://link.springer.com/article/10.1007/s13132-023-01700-3,Springer,6
Literature survey of multi-track music generation model based on generative confrontation network in intelligent composition,"… Therefore, this paper aims to use artificial intelligence (AI) for … music tracks for bass, drums, guitar, piano, and strings. The … This work uses the index evaluation method designed by …",W Liu,2023,10.1007/s11227-022-04914-5,Google Scholar,no,Contém palavra-chave de exclusão: piano,https://link.springer.com/article/10.1007/s11227-022-04914-5,Springer,44
Human-interacted computation system: A state of the art in music,… playlist continuation and evaluation parameters selection to measure its efficiency. A systematic review of machine learning state of the art specifically for guitar playing and learning is …,"N Sharma, S Sharma",2023,10.1201/9781003363606-1,Google Scholar,yes,,https://www.taylorfrancis.com/chapters/edit/10.1201/9781003363606-1/human-interacted-computation-system-nipun-sharma-swati-sharma,taylorfrancis.com,6
Explainable classification of EEG data for an active touch task using shapley values,… feedback in the interaction. This study demonstrates the use of explainable machine learning … asked to slide their index finger across guitar strings displayed on a Tanvas touchscreen …,"H Alsuradi, W Park, M Eid",2020,10.1007/978-3-030-60117-1_30,Google Scholar,yes,,https://link.springer.com/chapter/10.1007/978-3-030-60117-1_30,Springer,26
A review on methods and applications in multimodal deep learning,"… MMDL methods and applications are categorized into multiple groups, and the impact of feature extractor, deep learning architecture, datasets, and evaluation metrics are analyzed for …","S Jabeen, X Li, MS Amin, O Bourahla, S Li, ...",2023,10.1145/3545572,Google Scholar,yes,,https://dl.acm.org/doi/abs/10.1145/3545572,dl.acm.org,195
Differentiable black-box and gray-box modeling of nonlinear audio effects,"… and applied to nonlinear effects like guitar amplifiers, overdrive, … metrics and conduct extensive subjective evaluation. Code and … And, with the advancement of machine learning, neural …","M Comunità, CJ Steinmetz, J Reiss",2025,10.3389/frsip.2025.1580395,Google Scholar,yes,,https://www.frontiersin.org/journals/signal-processing/articles/10.3389/frsip.2025.1580395/abstract,frontiersin.org,5
"From artificial neural networks to deep learning for music generation: history, concepts and trends",… only to traditional statistical machine learning tasks: prediction … in using the capacity of modern deep learning techniques to … music generation based on deep learning techniques. After a …,JP Briot,2021,10.1007/s00521-020-05399-0,Google Scholar,yes,,https://link.springer.com/article/10.1007/s00521-020-05399-0,Springer,160
Deep learning for procedural content generation,"… The search is led by a fitness or evaluation function which measures the quality or … Levels for music games, such as Guitar Hero or Dance Dance revolution, can be seen as 2D levels as …","J Liu, S Snodgrass, A Khalifa, S Risi, ...",2021,10.1007/s00521-020-05383-8,Google Scholar,yes,,https://link.springer.com/article/10.1007/s00521-020-05383-8,Springer,250
"Deep learning for sensor-based human activity recognition: Overview, challenges, and opportunities","… for public datasets that can be used for evaluation in different challenge tasks. We then … of the activity recognition system (eg, learning to play guitar for the first time). Third, it is difficult to …","K Chen, D Zhang, L Yao, B Guo, Z Yu, ...",2021,10.1145/3447744,Google Scholar,yes,,https://dl.acm.org/doi/abs/10.1145/3447744,dl.acm.org,1036
Study on integration and application of artificial intelligence and wireless network in piano music teaching,"… When artificial intelligence was first introduced to the music … styles can benefit from the timbres of the guitar, but rock &roll is … Performance analysis of teaching system’s effect evaluation …",J Li,2022,10.1155/2022/8745833,Google Scholar,no,Contém palavra-chave de exclusão: piano,https://onlinelibrary.wiley.com/doi/abs/10.1155/2022/8745833,Wiley Online Library,4
Automatic melody harmonization with triad chords: A comparative study,… We report the result of an objective evaluation using six … non-deep learning based and two deep learning based models … Automatic composition of guitar tabs by transformers and groove …,"YC Yeh, WY Hsiao, S Fukayama, ...",2021,10.1080/09298215.2021.1873392,Google Scholar,no,Contém palavra-chave de exclusão: composition,https://www.tandfonline.com/doi/abs/10.1080/09298215.2021.1873392,Taylor &Francis,85
Crowdsourcing and evaluating concept-driven explanations of machine learning models,"… Evaluation Task: In our evaluation task, the users were presented with a stimulus, the model response on that stimulus, and its corresponding explanation (Fig. 5). Participants provided …","S Mishra, JM Rzeszotarski",2021,10.1145/3449213,Google Scholar,yes,,https://dl.acm.org/doi/abs/10.1145/3449213,dl.acm.org,24
Transfer of knowledge among instruments in automatic music transcription,"… because models trained on spectrograms for guitar recordings will not learn the same way of … For model evaluation, we used metrics used by other automatic music transcription works …","M Leś, M Woźniak",2023,10.1007/978-3-031-42505-9_11,Google Scholar,no,Relacionado a guitarra/aprendizado mas não menciona IA/ML,https://link.springer.com/chapter/10.1007/978-3-031-42505-9_11,Springer,3
Performance study on CPU-based machine learning with PyTorch,"… in machine learning by scaling ARM based CPU technology. To that end, we study and present the performance of machine learning … In this section we describe the evaluation strategy …","S Chheda, A Curtis, E Siegmann, ...",2023,10.1145/3581576.3581615,Google Scholar,yes,,https://dl.acm.org/doi/abs/10.1145/3581576.3581615,dl.acm.org,5
Towards quantification of explainability algorithms,"… Inspired by earlier work in XAI evaluation, we ""propose"" an evaluation framework consisting of four metrics – (1) Consistency, (2) Efficiency, (3) Integrity and (4) Preciseness, which help …","P Rokade, BKR Alluri",2021,10.1145/3505711.3505716,Google Scholar,no,Relacionado a guitarra/aprendizado mas não menciona IA/ML,https://dl.acm.org/doi/abs/10.1145/3505711.3505716,dl.acm.org,3
Blind Source Separation in the Presence of AWGN Using ICA-FFT Algorithms a Machine Learning Process,"… For implementing the proposed module, the music system is taken as input, consider that the music system has three different sounds DrumsS1 Guitar S2 and Human voice S3 these 3 …","MR Ezilarasan, G Rajesh, KR Vinoth, ...",2023,10.1201/9781003388913-34,Google Scholar,no,Contém palavra-chave de exclusão: drums,https://www.taylorfrancis.com/chapters/edit/10.1201/9781003388913-34/blind-source-separation-presence-awgn-using-ica-fft-algorithms-machine-learning-process-ezilarasan-rajesh-kumar-vinoth-aanandhasaravanan,taylorfrancis.com,5
Dance to your own drum: Identification of musical genre and individual dancer from motion capture using machine learning,"… with the presence of kick drum and bass guitar, uniquely related to the speed of head … Once features have been chosen and computed, a method of evaluation should be chosen, …","E Carlson, P Saari, B Burger, ...",2020,10.1080/09298215.2020.1711778,Google Scholar,yes,,https://www.tandfonline.com/doi/abs/10.1080/09298215.2020.1711778,Taylor &Francis,46
New colour fusion deep learning model for large-scale action recognition,In this work we propose a fusion methodology that takes advantage of multiple deep convolutional neural network (CNN) models and two colour spaces RGB and oRGB to improve …,"Y Lavinia, H Vo, A Verma",2020,10.1504/IJCVR.2020.104356,Google Scholar,yes,,https://www.inderscienceonline.com/doi/abs/10.1504/IJCVR.2020.104356,inderscienceonline.com,21
Chmusic: a traditional Chinese music dataset for evaluation of instrument recognition,"… Deep learning is great tool for image processing [1–3], video processing [4–6], natural … While deep learning based approaches rely on proper datasets to train model and evaluate …","X Gong, Y Zhu, H Zhu, H Wei",2021,10.1145/3490322.3490351,Google Scholar,yes,,https://dl.acm.org/doi/abs/10.1145/3490322.3490351,dl.acm.org,38
Deep learning techniques for music generation,"… loop of recommendation and feedback. The problem calls for an interdisciplinary perspective, combining fields such as machine learning, artificial intelligence, engineering, design, and …","JP Briot, G Hadjeres, FD Pachet",2020,10.1007/978-3-319-70163-9,Google Scholar,yes,,https://link.springer.com/content/pdf/10.1007/978-3-319-70163-9.pdf,Springer,412
Popular Song Composition Based on Deep Learning and Neural Network,"… Most composers like to use guitar or piano to create while … development needs, artificial intelligence has accelerated its … neural network increases the feedback link from hidden layer to …","J Kuang, T Yang",2021,10.1155/2021/7164817,Google Scholar,no,Contém palavra-chave de exclusão: piano,https://onlinelibrary.wiley.com/doi/abs/10.1155/2021/7164817,Wiley Online Library,12
Mobile learning as deep learning: Content analysis of in-service primary school music teachers' lesson plans in mobile music creation,"… sets, electric bass and electric guitar on the GarageBand … provide feedback to adjust behaviour to achieve deep learning. … in the application, and provided feedback to students to adjust …",JCW Chen,2024,10.1177/02557614231191520,Google Scholar,yes,,https://journals.sagepub.com/doi/abs/10.1177/02557614231191520,journals.sagepub.com,3
Computational creativity and music generation systems: An introduction to the state of the art,"… To do so, we first give a picture of the research on the definition and the evaluation of … creative behaviors and its importance within Artificial Intelligence studies. We then review the state …","F Carnovalini, A Rodà",2020,10.3389/frai.2020.00014,Google Scholar,yes,,https://www.frontiersin.org/journals/artificial-intelligence/articles/10.3389/frai.2020.00014/full,frontiersin.org,226
A comparison of deep learning techniques for corrosion detection,… determine which is most accurate according to set evaluation metrics. We use a dataset with … knowledge through playing the guitar. The person who plays the guitar will be able to learn …,"T Bolton, J Bass, T Gaber",2022,10.1007/978-3-031-20601-6_18,Google Scholar,yes,,https://link.springer.com/chapter/10.1007/978-3-031-20601-6_18,Springer,11
"Wavelet transform, reconstructed phase space, and deep learning neural networks for EEG-based schizophrenia detection","… Then, a deep learning network was trained to enhance the … steady performance across all evaluation strategies, underscoring … recognition in guitar and Kurdish Tanbur Makams studies. …","A Al Fahoum, A Zyout",2024,10.1142/S0129065724500461,Google Scholar,yes,,https://www.worldscientific.com/doi/abs/10.1142/S0129065724500461,World Scientific,34
GuitarPD: A Randomized Pilot Study on the Impact of Nontraditional Guitar Instruction on Functional Movement and Well‐Being in Parkinson's Disease,"… to guitar classes limited our power and ability to draw firm conclusions. However, based on our results and on feedback obtained from study participants, guitar … of artificial intelligence …","S Bastepe-Gray, L Wainwright, DC Lanham, ...",2022,10.1155/2022/1061045,Google Scholar,yes,,https://onlinelibrary.wiley.com/doi/abs/10.1155/2022/1061045,Wiley Online Library,15
Semantic structure in deep learning,… well representations derived from deep learning capture “semantics… deep learning's ability to account for key phenomena within each. … Three broad categories of evaluation methods are …,E Pavlick,2022,10.1146/annurev-linguistics-031120-122924,Google Scholar,yes,,https://www.annualreviews.org/content/journals/10.1146/annurev-linguistics-031120-122924,annualreviews.org,102
Artificial cognition: How experimental psychology can help generate explainable artificial intelligence,"… training data, or the way feedback is incorporated into behavior)… group of researchers in machine learning who are doing the … in both the dog face and the guitar, we venture a guess that …","JET Taylor, GW Taylor",2021,10.3758/s13423-020-01825-5,Google Scholar,yes,,https://link.springer.com/article/10.3758/s13423-020-01825-5,Springer,167
Research on pattern recognition of different music types in the context of AI with the help of multimedia information processing,"… Artificial intelligence models used in composing music include … guitar music to train our networks, which will refer to as the ""train set"" in tables."" Although the three distinct evaluation …","W Sun, R Sundarasekar",2023,10.1145/3523284,Google Scholar,yes,,https://dl.acm.org/doi/abs/10.1145/3523284,dl.acm.org,19
Using incongruous genres to explore music making with ai generated content,"… of user-centred evaluation of Machine Learning systems for … bottom notes of chords to emphasise the guitar), and then set the … The second verse of our song involves the guitar and bass …","N Bryan-Kinns, A Noel-Hirst, C Ford",2024,10.1145/3635636.3656198,Google Scholar,yes,,https://dl.acm.org/doi/abs/10.1145/3635636.3656198,dl.acm.org,15
Exploring ai music generation: A review of deep learning algorithms and datasets for undergraduate researchers,… This review paper presents an exploration of the deep learning-based … the intersections of deep learning and music generation. … GTR-CTRL: instrument and genre conditioning for guitar-…,"I Yunoki, G Berreby, N D'Andrea, Y Lu, X Qu",2023,10.1007/978-3-031-49215-0_13,Google Scholar,yes,,https://link.springer.com/chapter/10.1007/978-3-031-49215-0_13,Springer,16
"Advancing soil health: challenges and opportunities in integrating digital imaging, spectroscopy, and machine learning for bioindicator analysis","… 23 In the last 5 years, numerous reviews have delved into bioindicators for soil health evaluation. Table 1 summarizes some of the soil bioindicators and their soil health indications …","L Wang, Y Cheng, IM Meftaul, F Luo, MA Kabir, ...",2024,10.1021/acs.analchem.3c05311,Google Scholar,yes,,https://pubs.acs.org/doi/full/10.1021/acs.analchem.3c05311,ACS Publications,14
Neural architecture search for energy-efficient always-on audio machine learning,"… guitar playing) and not simply low volume noise. In total, we have 9 classes with one class being negative. We use the original train/evaluation/… the reward on the evaluation dataset. The …","DT Speckhard, K Misiunas, S Perel, T Zhu, ...",2023,10.1007/s00521-023-08345-y,Google Scholar,yes,,https://link.springer.com/article/10.1007/s00521-023-08345-y,Springer,25
Real-time pattern recognition of symbolic monophonic music,"… from 20 keyboard players and 20 guitar players. The evaluation focuses on the algorithms’ ability … Taken together, our findings demonstrate the potential of machine learning in handling …","NS Silva, L Turchet",2024,10.1145/3678299.3678329,Google Scholar,yes,,https://dl.acm.org/doi/abs/10.1145/3678299.3678329,dl.acm.org,5
RETRACTED: Study on Intelligent Online Piano Teaching System Based on Deep Learning Recurrent Neural Network Model,This study has been conducted to solve the problem of repetitive piano lessons and to bring a personalized experience for each piano learner. The application of deep learning (DL) …,Y Li,2022,10.1155/2022/9469975,Google Scholar,no,Contém palavra-chave de exclusão: piano,https://onlinelibrary.wiley.com/doi/abs/10.1155/2022/9469975,Wiley Online Library,6
Application of artificial intelligence technology in music education supported by wireless network,"… use of artificial intelligence technology in … artificial intelligence environment, algorithms can continuously iterate and provide personalized learning to students based on their feedback …",Q Jiang,2022,10.1155/2022/2138059,Google Scholar,yes,,https://onlinelibrary.wiley.com/doi/abs/10.1155/2022/2138059,Wiley Online Library,22
A Lightweight Deep Learning‐Based Approach for Jazz Music Generation in MIDI Format,"… generate the piano rolls for the different tracks such as guitar, bass, piano, drums, and strings… The evaluation of the model can be conducted based on either being graded by humans or …","PS Yadav, S Khan, YV Singh, P Garg, ...",2022,10.1155/2022/2140895,Google Scholar,no,Contém palavra-chave de exclusão: piano,https://onlinelibrary.wiley.com/doi/abs/10.1155/2022/2140895,Wiley Online Library,49
Deep Learning-Based Music Instrument Recognition: Exploring Learned Feature Representations,"… Instead, we aim to show that deep learning approaches to AIR can substantially benefit from … best set of parameters based on the obtained evaluation score calculated in every iteration. …","M Taenzer, SI Mimilakis, J Abeßer",2021,10.1007/978-3-031-35382-6_4,Google Scholar,yes,,https://link.springer.com/chapter/10.1007/978-3-031-35382-6_4,Springer,7
Neural Network-Based Virtual Analog Modeling,… A recent rise in machine learning has lead to the ubiquity of … others in objective and subjective evaluation. Their follow-up … Almost all of the data used comprises clean guitar Direct Input …,"T Vanhatalo, P Legrand, M Desainte-Catherine, ...",2022,10.1007/978-3-031-42616-2_5,Google Scholar,yes,,https://link.springer.com/chapter/10.1007/978-3-031-42616-2_5,Springer,3
Automatic chord label personalization through deep learning of shared harmonic interval profiles,… We use the standard MIREX chord label evaluation methods that are introduced in Sect. 2.2 to compare the output of our system with the reference annotation from an annotator [25]. …,"HV Koops, WB de Haas, J Bransen, A Volk",2020,10.1007/s00521-018-3703-y,Google Scholar,no,Contém palavra-chave de exclusão: mir,https://link.springer.com/article/10.1007/s00521-018-3703-y,Springer,21
"Deep learning-based personalized learning recommendation system design for"" T++"" Guzheng Pedagogy","… of deep learning in education. We will present our methodology for data collection, deep learning model … of our recommendation system, we will employ the following evaluation metrics: …",X Wang,2024,10.1007/s41870-024-01871-5,Google Scholar,yes,,https://link.springer.com/article/10.1007/s41870-024-01871-5,Springer,10
Robotics: fast and curious: a cnn for ethical deep learning musical generation,"… This work has been covered in many performances, from responding to guitar cue … Our evaluation framework did not include the ethical goals we set out above. We believe …","R Savery, G Weinberg",2022,10.4324/9780429356797-7,Google Scholar,yes,,https://www.taylorfrancis.com/chapters/edit/10.4324/9780429356797-7/robotics-richard-savery-gil-weinberg,taylorfrancis.com,6
Combination of resnet and spatial pyramid pooling for musical instrument identification,"… Nevertheless, as shown in Figure 1, the violin, cello, and guitar all have a similar basic shape. … Additionally, we intend to include Explainable Artificial Intelligence (XAI) into our future …","C Dewi, RC Chen",2022,10.2478/cait-2022-0007,Google Scholar,no,Contém palavra-chave de exclusão: violin,https://sciendo.com/pdf/10.2478/cait-2022-0007,sciendo.com,24
Employing crowdsourcing for enriching a music knowledge base in higher education,"… Secondly, we aimed to collect feedback about the CrowdHeritage platform as a tool for … the CrowdHeritage platform as a means to express their perceptions and provide feedback. …","V Lyberatos, S Kantarelis, E Kaldeli, S Bekiaris, ...",2023,10.1007/978-981-99-7947-9_17,Google Scholar,no,Relacionado a guitarra/aprendizado mas não menciona IA/ML,https://link.springer.com/chapter/10.1007/978-981-99-7947-9_17,Springer,4
Reimagining speech: a scoping review of deep learning-based methods for non-parallel voice conversion,"… current state of the art in the field of deep learning-based VC, 2) identify the commonly used tools, techniques, and evaluation methods in deep learning-based VC research, and 3) gain …","AR Bargum, S Serafin, C Erkut",2024,10.3389/frsip.2024.1339159,Google Scholar,no,Contém palavra-chave de exclusão: voice,https://www.frontiersin.org/journals/signal-processing/articles/10.3389/frsip.2024.1339159/full,frontiersin.org,13
Perceptual quality assessment of omnidirectional audio-visual signals,"… The ODV contents include acappella chorus, shopping, guitar playing, restaurant ordering, … The optimal weights depend on the used single-mode A/V quality evaluation models and we …","X Zhu, H Duan, Y Cao, Y Zhu, Y Zhu, J Liu, ...",2023,10.1007/978-981-99-9119-8_46,Google Scholar,no,Relacionado a guitarra/aprendizado mas não menciona IA/ML,https://link.springer.com/chapter/10.1007/978-981-99-9119-8_46,Springer,33
Artificial intelligence for designing games,"… s Sky were largely towards the expressivity of its generators [115… Evolutionary computation, machine learning, constraint … include rhythm games such as Guitar Hero [57] where the music …",A Liapis,2021,10.1007/978-3-030-59475-6_11,Google Scholar,yes,,https://link.springer.com/content/pdf/10.1007/978-3-030-59475-6_11.pdf,Springer,9
A hybrid deep learning framework for daily living human activity recognition with cluster-based video summarization,"… the dataset description, evaluation of different frameworks, and several performance metrics, the experimental configuration is detailed in Section 4. The performance evaluation of each …","S Hossain, K Deb, S Sakib, IH Sarker",2025,10.1007/s11042-024-19022-0,Google Scholar,yes,,https://link.springer.com/article/10.1007/s11042-024-19022-0,Springer,12
A review of intelligent music generation systems,"… in music evaluation. Briot et al. [4] introduced algorithms based on deep learning based … of instrument timbres such as cello, violin and electric guitar. In addition, Coconet [36] used a …","L Wang, Z Zhao, H Liu, J Pang, Y Qin, Q Wu",2024,10.1007/s00521-024-09418-2,Google Scholar,no,Contém palavra-chave de exclusão: violin,https://link.springer.com/article/10.1007/s00521-024-09418-2,Springer,81
Machine learning-based prediction of intergranular corrosion resistance in austenitic stainless steels exposed to various heat treatments,"… the data analytic tool, ie machine learning. These ML algorithms also … To overcome the above problem, the machine learning … the experimental evaluation and machine learning-based …","S Sheik, R Mohammed, K Teeparthi, ...",2025,10.1007/s40033-024-00675-y,Google Scholar,yes,,https://link.springer.com/article/10.1007/s40033-024-00675-y,Springer,6
Sampling the user controls in neural modeling of audio devices,"… Based on objective and subjective evaluation of the trained … in related subjects, suggested using machine learning. … The audio was divided into 1 min of guitar and 1 min of bass …","O Mikkonen, A Wright, V Välimäki",2024,10.1186/s13636-024-00347-5,Google Scholar,yes,,https://link.springer.com/article/10.1186/s13636-024-00347-5,Springer,4
"The WASABI dataset: Cultural, lyrics and audio analysis metadata about 2 million popular commercially released songs","… Some MIDI content was used in WASABI during the evaluation of the chord extraction. … distinct values among which 16 different types of guitar) and equipment types (eg microphone, …","M Buffa, E Cabrio, M Fell, F Gandon, A Giboin, ...",2021,10.1007/978-3-030-77385-4_31,Google Scholar,no,Relacionado a guitarra/aprendizado mas não menciona IA/ML,https://link.springer.com/chapter/10.1007/978-3-030-77385-4_31,Springer,25
Artificial intelligence in music composition,"… An example that illustrates the use of technology in music is the use of artificial intelligence (AI… Dealing with an acoustic Jazz Guitar, however, produces a much less accurate result. If we …","M Alaeddine, A Tannoury",2021,10.1007/978-3-030-79150-6_31,Google Scholar,no,Contém palavra-chave de exclusão: composition,https://link.springer.com/chapter/10.1007/978-3-030-79150-6_31,Springer,19
Research on motion pattern recognition of exoskeleton robot based on multimodal machine learning model,"… supervised learning because it receives feedback, but feedback is not necessary for … deep learning, multimodal machine learning has become a research hotspot of artificial intelligence. …","Y Zheng, Q Song, J Liu, Q Song, Q Yue",2020,10.1007/s00521-019-04567-1,Google Scholar,yes,,https://link.springer.com/article/10.1007/s00521-019-04567-1,Springer,55
Application of artificial intelligence in arrangement creation,"… LSTM belongs to the category of feedback neural network. It not only has its own … instruments such as intelligent piano, intelligent guitar and intelligent drummer, and also develops …",X Hu,2021,10.1007/978-3-030-89508-2_1,Google Scholar,no,Contém palavra-chave de exclusão: piano,https://link.springer.com/chapter/10.1007/978-3-030-89508-2_1,Springer,2
Research on Piano Program Programming and Creative Optimization Methods Based on Big Data Technology,"… applying machine learning algorithms, intelligent evaluation … 6 that our guitar has a relatively strong jumping ability, and … This study applied machine learning algorithms to intelligently …",L Liu,2025,10.1142/S0129156424400901,Google Scholar,no,Contém palavra-chave de exclusão: piano,https://www.worldscientific.com/doi/abs/10.1142/S0129156424400901,World Scientific,2
Compute and resonate: An ongoing experiment in creating acid music using accessible artificial intelligence and computer-based generative tools,"… Through reflective practice and evaluation of AI-generated works, as demonstrated in this chapter, it may be possible for electronic musicians to further evaluate and develop their own …",D Davis,2022,10.4324/9781003140535-3,Google Scholar,yes,,https://www.taylorfrancis.com/chapters/edit/10.4324/9781003140535-3/compute-resonate-dylan-davis,taylorfrancis.com,5
Machine-learning-aided self-powered assistive physical therapy devices,"… self-powered sensors and optimized machine-learning algorithms will play innovative roles … In this Perspective, we provide an overview of the latest developments in machine-learning-…","X Xiao, Y Fang, X Xiao, J Xu, J Chen",2021,10.1021/acsnano.1c10676,Google Scholar,no,Relacionado a guitarra/aprendizado mas não menciona IA/ML,https://pubs.acs.org/doi/abs/10.1021/acsnano.1c10676,ACS Publications,87
A Deep Learning Model for Investigation on Human Body Movements and Action,"… [4] propose a 3D CNN framework for pose evaluation for videos containing multiple people. The work, which is the first of the works which briefs about multi-… Strumming guitar and sit up …","J Naren, V Ganesan, N Jayaseelan, ...",2020,10.1007/978-981-15-8752-8_34,Google Scholar,yes,,https://link.springer.com/chapter/10.1007/978-981-15-8752-8_34,Springer,2
Multimodal music datasets? Challenges and future goals in music processing,… in machine learning systems: “A machine learning task is … [75] introduced a dataset for evaluating algorithms related to guitar … and their instruments in guitar performance analysis. …,"AM Christodoulou, O Lartillot, AR Jensenius",2024,10.1007/s13735-024-00344-6,Google Scholar,yes,,https://link.springer.com/article/10.1007/s13735-024-00344-6,Springer,17
Probing associations between interbrain synchronization and interpersonal action coordination during guitar playing,… Statistical evaluation of the time interval after play onset (0−200 ms) in the delta frequency … and data mining and training of artificial intelligence technologies or similar technologies. …,"V Müller, U Lindenberger",2022,10.1111/nyas.14689,Google Scholar,yes,,https://nyaspubs.onlinelibrary.wiley.com/doi/abs/10.1111/nyas.14689,Wiley Online Library,29
Music and affectivity in the age of artificial intelligence,"… From the perspective of the listener, examples of musical affective affordances are melodies, rhythmic patterns, guitar riffs, and grooves. However, musical affective affordances can …",V de Aguiar,2024,10.1007/s11245-024-10050-x,Google Scholar,yes,,https://link.springer.com/article/10.1007/s11245-024-10050-x,Springer,8
Music generation using deep learning,"… in algorithm but shifted to machine learning and neural networks … He generated music of blues genre using guitar dataset by … After feeding the models with data, evaluation will be done …","DR Vemula, SK Tripathi, NK Sharma, ...",2023,10.1007/978-981-99-0189-0_47,Google Scholar,yes,,https://link.springer.com/chapter/10.1007/978-981-99-0189-0_47,Springer,3
Benchmarking deep learning models on point cloud segmentation,… evaluation … our evaluation process is that the learning-related or system-related metrics if used in isolation do not provide clear instruction to a user on which is the best deep learning …,"T Zoumpekas, G Molina, M Salamó, ...",2021,10.3233/FAIA210152,Google Scholar,yes,,https://ebooks.iospress.nl/doi/10.3233/FAIA210152,ebooks.iospress.nl,4
Comparing object recognition models and studying hyperparameter selection for the detection of bolts,"… In this study, we make use of several contemporary machine learning-… through playing the guitar. The person who plays the … mean average precision values of each evaluation noted. …","T Bolton, J Bass, T Gaber, T Mansouri",2023,10.1007/978-3-031-35320-8_13,Google Scholar,yes,,https://link.springer.com/chapter/10.1007/978-3-031-35320-8_13,Springer,7
Two heads are better than one: A dimension space for unifying human and artificial intelligence in shared control,"… the reduced kinaesthetic feedback surgeons experience during … Acrobot, which uses force feedback to prevent surgeons from … Air Guitar (C2) helps humans to strum an imaginary guitar …","G Cimolino, TCN Graham",2022,10.1145/3491102.3517610,Google Scholar,yes,,https://dl.acm.org/doi/abs/10.1145/3491102.3517610,dl.acm.org,31
Comparing social robot embodiment for child musical education,… Guitar Tuner consists of two main functionalities: tuning process and performance evaluation… Interactive and Artificial Intelligence (AI) technologies can enhance those functionalities and …,"B de Souza Jeronimo, ...",2022,10.1007/s10846-022-01604-5,Google Scholar,yes,,https://link.springer.com/article/10.1007/s10846-022-01604-5,Springer,13
Evaluating the accuracy of step tracking and fall detection in the Starkey Livio artificial intelligence hearing aids: a pilot study,Purpose The primary purpose of this study was to examine the efficacy and the effectiveness of Starkey Livio Artificial Intelligence hearing aids in tracking step count. A secondary …,"M Rahme, P Folkeard, S Scollie",2021,10.1044/2020_AJA-20-00105,Google Scholar,no,Tem IA/ML mas não relacionado a guitarra ou aprendizado/performance,https://pubs.asha.org/doi/abs/10.1044/2020_AJA-20-00105,pubs.asha.org,26
Venire: A Machine Learning-Guided Panel Review System for Community Content Moderation,"… feedback from our initial interviews, we implemented the strict voting mock-up. We made a few updates to the interface based on lower-level feedback … playing the guitar and piano on …","V Koshy, F Choi, YS Chiang, H Sundaram, ...",2025,10.1145/3757699,Google Scholar,no,Contém palavra-chave de exclusão: piano,https://dl.acm.org/doi/abs/10.1145/3757699,dl.acm.org,7
Machine learning and the Turing test: Immediate human-like musicality,"… The author personally associates this with guitar solos wherein a guitarist may start playing an instrumental solo, then queues or signals another guitarist to continue the instrumental …","TK Hua, A Samson",2022,10.22541/au.166792120.02985444,Google Scholar,yes,,https://www.authorea.com/doi/full/10.22541/au.166792120.02985444,authorea.com,11
Algorithmic Nostalgia: Longing for the Past in the Age of Artificial Intelligence,"… The feedback loop is well illustrated by the policies of Netflix, whose role in popularising … Lennon’s voice was distilled via the machine learning audio restoration, and the bass, guitar, …",D Brzeziński,2024,10.4324/9781032646930-9/algorithmic-nostalgia-dariusz-brzezi%C5%84ski,Google Scholar,no,Contém palavra-chave de exclusão: voice,https://www.taylorfrancis.com/chapters/edit/10.4324/9781032646930-9/algorithmic-nostalgia-dariusz-brzezi%C5%84ski,taylorfrancis.com,3
Acoustic analysis in stuttering: a machine-learning study,"… evaluation and assessment of dysfluencies in PWS, at different ages of life. More recently, artificial intelligence … Finally, we aimed to assess the usefulness of machine learning analysis …","F Asci, L Marsili, A Suppa, G Saggio, E Michetti, ...",2023,10.3389/fneur.2023.1169707,Google Scholar,yes,,https://www.frontiersin.org/articles/10.3389/fneur.2023.1169707/full,frontiersin.org,8
Fusion of Hilbert-Huang transform and deep convolutional neural network for predominant musical instruments recognition,"… But with a better structure of deep learning network, our … the IRMAS dataset, and objective evaluation has shown that the … that the image-based deep learning method has good potential …","X Li, K Wang, J Soraghan, J Ren",2020,10.1007/978-3-030-43859-3_6,Google Scholar,yes,,https://link.springer.com/chapter/10.1007/978-3-030-43859-3_6,Springer,18
Experiential learning through immersive XR: cybersecurity education for critical infrastructures,"… testbed that seamlessly integrates Artificial Intelligence (AI) and … (AI) was not used to provide real-time feedback to help the … Instead, we could use AI and train the model with a guitar-…","A Lee, K King, D Gračanin, M Azab",2024,10.1007/978-3-031-61382-1_4,Google Scholar,yes,,https://link.springer.com/chapter/10.1007/978-3-031-61382-1_4,Springer,9
Deep learning for video game genre classification,"… In this paper, we aim to develop three deep learning algorithm … 1 (d), there is a guitar in the cover, which implies that this is a … They provided a detailed evaluation of the state-of-the-art …","Y Jiang, L Zheng",2023,10.1007/s11042-023-14560-5,Google Scholar,yes,,https://link.springer.com/article/10.1007/s11042-023-14560-5,Springer,26
Comparing online wrist and forearm EMG-based control using a rhythm game-inspired evaluation environment,"… a new temporally constrained evaluation environment with a … it decouples the machine learning algorithm's performance from … For example, rhythm games, such as Guitar Hero, prompt …","R Meredith, E Eddy, S Bateman, ...",2024,10.1088/1741-2552/ad692e,Google Scholar,yes,,https://iopscience.iop.org/article/10.1088/1741-2552/ad692e/meta,iopscience.iop.org,14
ImproScales: a self-tutoring web system for using scales in improvisations,"… skills, by providing them feedback and statistics on what they play. … interviews with four electric guitar players to investigate the … a client: is the main responsible for all audio analysis and …","T Borgogno, L Turchet",2022,10.1145/3561212.3561229,Google Scholar,no,Relacionado a guitarra/aprendizado mas não menciona IA/ML,https://dl.acm.org/doi/abs/10.1145/3561212.3561229,dl.acm.org,1
Conditional drums generation using compound word representations,"… When using any deep learning model which considers music … Similar to [30, 31], we exclude pitch information for Guitar … [2], we will include a quantitative evaluation as well as a listening …","D Makris, G Zixun, M Kaliakatsos-Papakostas, ...",2022,10.1007/978-3-031-03789-4_12,Google Scholar,no,Contém palavra-chave de exclusão: drums,https://link.springer.com/chapter/10.1007/978-3-031-03789-4_12,Springer,12
Deep learning pipeline,"To make the machine able to recognize objects, we can give it previous knowledge from experts in a way the machine can understand. Such knowledge-based systems form the second …","H El-Amir, M Hamdy",2020,10.1007/978-1-4842-5349-6,Google Scholar,yes,,https://link.springer.com/content/pdf/10.1007/978-1-4842-5349-6.pdf,Springer,75
A comparative evaluation and analysis of three generations of Distributional Semantic Models,… routinely used in deep learning architectures to initialize their … the approach to DSM evaluation. The previous generation of … deep learning architectures has boosted extrinsic evaluation …,"A Lenci, M Sahlgren, P Jeuniaux, ...",2022,10.1007/s10579-021-09575-z,Google Scholar,yes,,https://link.springer.com/article/10.1007/s10579-021-09575-z,Springer,101
"Deep learning-based for human segmentation and tracking, 3D human pose estimation and action recognition on monocular video of MADS dataset","… a standard database for evaluating deep learning models for many tasks takes a lot of time and money. Therefore in this paper, we publish MADS dataset for multi-task evaluation: HS-T, …",VH Le,2023,10.1007/s11042-022-13921-w,Google Scholar,yes,,https://link.springer.com/article/10.1007/s11042-022-13921-w,Springer,37
Acoustic epidemiology of pulmonary tuberculosis (TB) &Covid19 leveraging AI/ML,… shall be facilitated by Machine Learning tools that address … These changes may be hypothesized with an Acoustic Guitar … patient was later found to be positive on further evaluation. …,"R Pathri, S Jha, S Tandon, S GangaShetty",2022,10.1101/2022.02.05.22269707.abstract,Google Scholar,yes,,https://www.medrxiv.org/content/10.1101/2022.02.05.22269707.abstract,medrxiv.org,16
Multi-chromosomal CGP-evolved RNN for signal reconstruction,"… long short-term memory deep learning neural network. Diverse … speech signal, 29.92 dB for guitar signal and 28.45 dB for flute … and performance evaluation of the proposed algorithm. …","NM Khan, GM Khan",2021,10.1007/s00521-021-05953-4,Google Scholar,yes,,https://link.springer.com/article/10.1007/s00521-021-05953-4,Springer,5
MobileNet for human activity recognition in smart surveillance using transfer learning,"… and successful deployment of deep learning techniques for … categories of activities, such as playing guitar, jumping, and typing. … Section VI covers performance evaluation and metrics. …","M Rani, M Kumar",2025,10.1007/s00521-024-10882-z,Google Scholar,yes,,https://link.springer.com/article/10.1007/s00521-024-10882-z,Springer,6
Deep learning-powered multimodal biometric authentication: integrating dynamic signatures and facial data for enhanced online security,"… Deep learning models, including convolutional neural networks (CNN), long short-term … This integration of various deep learning algorithms has demonstrated remarkable performance …","S Salturk, N Kahraman",2024,10.1007/s00521-024-09690-2,Google Scholar,yes,,https://link.springer.com/article/10.1007/s00521-024-09690-2,Springer,28
DF‐3DNet: A Lightweight Approach Based on Deep Learning for 3D Telecommunication Tower Asset Classification,"… This research introduces a framework for telecommunication tower asset inspection, utilising a lightweight, deep learning‐based 3D classifier called DF‐3DNet. The process involves …","A Omairi, ZH Ismail, GG Casas",2025,10.1049/ipr2.70149,Google Scholar,yes,,https://ietresearch.onlinelibrary.wiley.com/doi/abs/10.1049/ipr2.70149,Wiley Online Library,1
HMR-vid: a comparative analytical survey on human motion recognition in video data,"… used in the evaluation of background subtraction methods. Furthermore, the main idea, benefits, and challenges of feature extraction and machine learning classification methods are …","MR Keyvanpour, S Vahidian, M Ramezani",2020,10.1007/s11042-020-09485-2,Google Scholar,yes,,https://link.springer.com/article/10.1007/s11042-020-09485-2,Springer,25
Musical robots: Overview and methods for evaluation,… (CC) and Artificial Intelligence (AI) … evaluation of Human-Robot Interaction (HRI) in robot musicianship but also about the quality of the generated musical output. The topic of evaluation …,E Frid,2023,10.1201/9781003320470-12,Google Scholar,yes,,https://www.taylorfrancis.com/chapters/edit/10.1201/9781003320470-12/musical-robots-overview-methods-evaluation-emma-frid,taylorfrancis.com,4
Knowledge representation in artificial intelligence: An overview,"In real world, knowledge plays a significant role in exhibiting intelligent behavior by artificial intelligence (AI) agents. In AI, an agent can act accurately if it has past experience related to …","L Sharma, PK Garg",2021,10.1201/9781003140351-3,Google Scholar,no,Tem IA/ML mas não relacionado a guitarra ou aprendizado/performance,https://www.taylorfrancis.com/chapters/edit/10.1201/9781003140351-3/knowledge-representation-artificial-intelligence-overview-lavanya-sharma-pradeep-kumar-garg,taylorfrancis.com,8
Sustainable employability: Sustainable employability in the age of generative artificial intelligence,"Unless you have been deliberately living under a rock, I assume that most of you are familiar with ChatGPT: the artificial intelligence chatbot developed by OpenAI (https://openai. com/…",K Adiasto,2024,10.1177/10596011241238792,Google Scholar,no,Tem IA/ML mas não relacionado a guitarra ou aprendizado/performance,https://journals.sagepub.com/doi/abs/10.1177/10596011241238792,journals.sagepub.com,17
Four responsibility gaps with artificial intelligence: Why they matter and how to address them,The notion of “responsibility gap” with artificial intelligence (AI) was originally introduced in the philosophical debate to indicate the concern that “learning automata” may make more …,"F Santoni de Sio, G Mecacci",2021,10.1007/s13347-021-00450-x,Google Scholar,yes,,https://link.springer.com/article/10.1007/s13347-021-00450-x,Springer,479
Machine Learning for Finance,"… our products, and our authors can see your feedback on their book. Thank you! … guitar, that’sa process that describes machine learning. If someone asks you to look for the best guitar …",S Singla,2020,10.0000/9789389328622-001,Google Scholar,yes,,https://sciendo.com/2/v2/download/chapter/9789389328622/10.0000/9789389328622-001.pdf?Token=eyJhbGciOiJIUzI1NiIsInR5cCI6IkpXVCJ9.eyJ1c2VycyI6W3sic3ViIjoyNTY3ODUxNywicHVicmVmIjoiNzY0NDg4IiwibmFtZSI6Ikdvb2dsZSBHb29nbGVib3QgLSBXZWIgQ3Jhd2xlciBTRU8iLCJ0eXBlIjoiaW5zdGl0dXRpb24iLCJsb2dvdXRfbGluayI6Imh0dHBzOi8vY29ubmVjdC5saWJseW54LmNvbS9sb2dvdXQvNjdmNThlNTAxMTQ1Y2ZlYTdlZDk3NmFiNDkxMWMyNjUiLCJhdXRoX21ldGhvZCI6ImlwIiwiaXAiOiI2Ni4yNDkuNzYuMTYwIn1dLCJpYXQiOjE3NDQxNDY2NDQsImV4cCI6MTc0NTM1NjI0NH0.EFDirskOw-wyNqfyn_E8QWEHQVvcM1h7Tz21INc8XlQ,sciendo.com,10
A novel method based on deep learning algorithms for material deformation rate detection,"… Utilizing advanced artificial intelligence techniques, microstructure images of S235-JR were … This research utilized deep learning (DL) architectures ResNet50, ResNet101, ResNet152, …","S Özdem, IM Orak",2025,10.1007/s10845-024-02409-z,Google Scholar,yes,,https://link.springer.com/article/10.1007/s10845-024-02409-z,Springer,10
The role of nurses in inpatient geriatric rehabilitation units: A scoping review,"The role of nurses in inpatient geriatric rehabilitation units: A scoping review - Guitar - 2023 … to providing patient motivation and evaluation, as well as goal-oriented rehabilitation care …","NA Guitar, DM Connelly, K Prentice, A Nguyen, ...",2023,10.1002/nop2.1951,Google Scholar,no,Relacionado a guitarra/aprendizado mas não menciona IA/ML,https://onlinelibrary.wiley.com/doi/abs/10.1002/nop2.1951,Wiley Online Library,13
Automatic classification of landslide kinematics using acoustic emission measurements and machine learning,"… The objective of this study was to develop and demonstrate the use of machine learning (ML) approaches to automatically classify landslide kinematics using AE measurements, based …","L Deng, A Smith, N Dixon, H Yuan",2021,10.1007/s10346-021-01676-8,Google Scholar,yes,,https://link.springer.com/article/10.1007/s10346-021-01676-8,Springer,24
Extending persian sentiment lexicon with idiomatic expressions for sentiment analysis,"… using the lexicon in a machine learning-based sentiment analysis … 4, we describe our procedure for the evaluation of the … “I really love the movie but the acting did not play guitar with my …","K Dashtipour, M Gogate, A Gelbukh, ...",2022,10.1007/s13278-021-00840-1,Google Scholar,yes,,https://link.springer.com/article/10.1007/s13278-021-00840-1,Springer,33
Quantifying the genericness of trademarks using natural language processing: an introduction with suggested metrics,"… Likewise, the evaluation of results was rudimentary: the table of ten known genericized, … of resonator guitar rated somewhat generic among the examples of Table 1. We chose guitar …","C Shackell, L De Vine",2022,10.1007/s10506-021-09291-7,Google Scholar,no,Relacionado a guitarra/aprendizado mas não menciona IA/ML,https://link.springer.com/article/10.1007/s10506-021-09291-7,Springer,6
Spying through virtual backgrounds of video calls,"… various objects in the background, such as a guitar, a poster, or a fan. Since our approach … To provide a basis for the design and evaluation of our attack, we introduce a threat model …","JM Hilgefort, D Arp, K Rieck",2021,10.1145/3474369.3486870,Google Scholar,no,Contém palavra-chave de exclusão: poster,https://dl.acm.org/doi/abs/10.1145/3474369.3486870,dl.acm.org,14
Authenticity and the Poor Image in the Age of Deep Learning,"… Object recognition exercises in machine learning also … in a photograph, machine learning training sets understand the … more complicated than ‘woman playing guitar’ or ‘table is wooden’…",A Wasielewski,2023,10.1080/17540763.2023.2189158,Google Scholar,yes,,https://www.tandfonline.com/doi/abs/10.1080/17540763.2023.2189158,Taylor &Francis,7
Vit-based vq-vae generative network for accompaniment generation,"… In LPD-5cleansed, the tracks are merged into five common categories: Drums, Piano, Guitar, … Objective Evaluation. There is no standard set of objective metrics for music generation up …","K Song, X Liang, J Wu",2021,10.1145/3508546.3508612,Google Scholar,no,Contém palavra-chave de exclusão: piano,https://dl.acm.org/doi/abs/10.1145/3508546.3508612,dl.acm.org,4
Human Activity Recognition in Videos Using Deep Learning,"… This section discusses the literature on the application of deep learning on HAR. As … , model evaluation and training. Also, the reasons for selecting specific deep learning model …","M Kumar, A Rana, Ankita, AK Yadav, ...",2022,10.1007/978-3-031-27609-5_23,Google Scholar,yes,,https://link.springer.com/chapter/10.1007/978-3-031-27609-5_23,Springer,1
Explanation before adoption: Supporting informed consent for complex machine learning and iot health platforms,"… and the technology is under evaluation for use in the treatment of … Both Ex8 and Ex9 made comparisons with “guitar pick-ups” … Referring to machine learning functionality, Ex9 states “we …","R Eardley, EL Tonkin, E Soubutts, A Ayobi, ...",2023,10.1145/3579482,Google Scholar,yes,,https://dl.acm.org/doi/abs/10.1145/3579482,dl.acm.org,10
""" When Can I Trust It?"" Contextualising Explainability Methods for Classifiers","… electric guitar” (p=0.32), “acoustic guitar” (p=0.24) and “labrador retriever” (p=0.21). In our study we used a ResNet152 assigning the class labels “acoustic guitar… effective evaluation tool …",L Holmberg,2023,10.1145/3589883.3589899,Google Scholar,yes,,https://dl.acm.org/doi/abs/10.1145/3589883.3589899,dl.acm.org,2
Natural language response formats for assessing depression and worry with large language models: A sequential evaluation with model pre-registration,"… Using the Sequential Evaluation with Model Pre-Registration design, machine-learning models were trained on a development dataset (N= 963), and then pre-registered before tested …","Z Gu, K Kjell, HA Schwartz, O Kjell",2025,10.1177/10731911251364022,Google Scholar,no,Relacionado a guitarra/aprendizado mas não menciona IA/ML,https://journals.sagepub.com/doi/abs/10.1177/10731911251364022,journals.sagepub.com,5
Image processing using open source tools and their implementation in the analysis of complex microstructures,… The trainable WEKA segmentation [SI 5] is an inbuilt FIJI plugin that combines a collection of machine learning algorithms with a set of selected image features to produce pixel-based …,"UP Nayak, M Müller, D Britz, MA Guitar, ...",2021,10.1515/pm-2021-0039,Google Scholar,yes,,https://www.degruyterbrill.com/document/doi/10.1515/pm-2021-0039,degruyterbrill.com,9
A Schema-Based Approach to the Linkage of Multimodal Learning Sources with Generative AI,"… maintenance, cooking, or guitar playing while relying exclusively … observation, practice, and feedback. This pedagogical approach… iterative engagement and personalized feedback [13]. …","C Kwon, J King, J Carney, J Stamper",2024,10.1007/978-3-031-64312-5_1,Google Scholar,yes,,https://link.springer.com/chapter/10.1007/978-3-031-64312-5_1,Springer,1
Artificial intelligence integration into school education: A review of Indian and foreign perspectives,"The rise of artificial intelligence (AI) is rapidly influencing our education system. It is apparent that the students of today are mostly attached with their smart mobile phones, tablets, …","B Karan, GR Angadi",2025,10.1177/09763996231158229,Google Scholar,no,Tem IA/ML mas não relacionado a guitarra ou aprendizado/performance,https://journals.sagepub.com/doi/abs/10.1177/09763996231158229,journals.sagepub.com,41
A survey of neurosymbolic visual reasoning with scene graphs and common sense knowledge,"… reasoning approaches based on deep learning, common sense … on the types of deep learning architecture, common sense … tasks, datasets, evaluation metrics, key challenges and …","MJ Khan, F Ilievski, JG Breslin, ...",2025,10.3233/NAI-240719,Google Scholar,yes,,https://journals.sagepub.com/doi/abs/10.3233/NAI-240719,journals.sagepub.com,17
Deep models for multi-view 3D object recognition: a review,"This review paper focuses on the progress of deep learning-based methods for multi-view 3D object recognition. It covers the state-of-the-art techniques in this field, specifically those …","M Alzahrani, M Usman, SK Jarraya, S Anwar, ...",2024,10.1007/s10462-024-10941-w,Google Scholar,yes,,https://link.springer.com/article/10.1007/s10462-024-10941-w,Springer,19
Machine learning for economics and finance in TensorFlow 2,"… writing blogs or working on projects, he likes to go on long walks or play his acoustic guitar. … in machine learning. There is, however, substantially more potential for machine learning to …",I Hull,2021,10.1007/978-1-4842-6373-0,Google Scholar,yes,,https://link.springer.com/content/pdf/10.1007/978-1-4842-6373-0.pdf,Springer,19
Artificial neural networks with TensorFlow 2,… coverage of various deep learning architectures. It is fully … a complete platform for machine learning. It describes the … you to the complete machine learning development cycle. The …,P Sarang,2021,10.1007/978-1-4842-6150-7,Google Scholar,yes,,https://link.springer.com/content/pdf/10.1007/978-1-4842-6150-7.pdf,Springer,32
3d grain shape generation in polycrystals using generative adversarial networks,"… Alongside this, we present an approach to train deep learning … , chair, guitar, etc.) from a publicly available dataset built for … goal of this work is direct evaluation of network performance, …","DK Jangid, NR Brodnik, A Khan, MG Goebel, ...",2022,10.1007/s40192-021-00244-1,Google Scholar,yes,,https://link.springer.com/article/10.1007/s40192-021-00244-1,Springer,18
Customer segmentation using machine learning: A literature review,… For example: a small business of guitar should sell lower price segments of guitars to young people because … organize feedback columns to find out what we can change to attract them. …,"A Ranjan, S Srivastava",2022,10.1063/5.0103946/16212654/020036_1_online,Google Scholar,yes,,https://pubs.aip.org/aip/acp/article-abstract/2481/1/020036/2826844,pubs.aip.org,5
Self-supervised learning: A succinct review,"… is a subset of machine learning in which an agent learns from trial-and-error feedback [12]. … For example, two people want to learn how to play the guitar. One has no musical knowledge…","V Rani, ST Nabi, M Kumar, A Mittal, K Kumar",2023,10.1007/s11831-023-09884-2,Google Scholar,yes,,https://link.springer.com/article/10.1007/s11831-023-09884-2,Springer,309
MBBOS-GCN: Minimum bounding box over-segmentation—Graph convolution 3D point cloud deep learning model,… The deep learning model in this paper is built and run based on the TensorFlow deep learning framework using Ubntu 18.04 operating system. The computer is specifically configured …,"D Zhan, D Liang, H Jin, X Wu",2022,10.1117/1.JRS.16.016502.short,Google Scholar,yes,,https://www.spiedigitallibrary.org/journals/journal-of-applied-remote-sensing/volume-16/issue-1/016502/MBBOS-GCN--minimum-bounding-box-over-segmentationgraph-convolution-3D/10.1117/1.JRS.16.016502.short,spiedigitallibrary.org,6
Beginning deep learning with tensorflow,"… is the design idea of algorithms, and deep learning frameworks are just our tools for implementing algorithms. In the following, we will demonstrate the three core functions of the …","L Long, Z Xiangming",2022,10.1007/978-1-4842-7915-1,Google Scholar,yes,,https://link.springer.com/content/pdf/10.1007/978-1-4842-7915-1.pdf,Springer,19
Computer Vision Using Deep Learning,"… blogs or working on projects, he likes to go on long walks or play his acoustic guitar. … and Deep Learning are allowing us to further enhance the innovative buckets. Using Deep Learning…",V Verdhan,2021,10.1007/978-1-4842-6616-8,Google Scholar,yes,,https://link.springer.com/content/pdf/10.1007/978-1-4842-6616-8.pdf,Springer,33
'From metalheads to jazz fanatics': Experiences of deep learning across collaborative music-making contexts in Norwegian upper secondary schools,"… deep learning in collaborative music-making contexts, examining the experiences of nine electric guitar … , active engagement and critical evaluation, leading to deeper understanding …",G Storsve,2025,10.1386/jpme_00162_1,Google Scholar,yes,,https://intellectdiscover.com/content/journals/10.1386/jpme_00162_1,intellectdiscover.com,1
GuitarPie: Using the Fretboard of an Electric Guitar for Audio-Based Pie Menu Interaction,"… In the recent years, the uptake of deep learning techniques led to many robust monophonic and … Our qualitative evaluation solely focuses on how guitarists learn and use GuitarPie, …","F Heyen, M Labudda, M Sedlmair, ...",2025,10.1145/3746059.3747799,Google Scholar,yes,,https://dl.acm.org/doi/abs/10.1145/3746059.3747799,dl.acm.org,1
Predicting Ecological Footprints in India Using Machine Learning Techniques,"… The function can be compared to tuning a guitar to find the perfect sound, where one tries … Considering the performance in the evaluation data set, the RF model performs well among …","R Mukherjee, S Singh, V Akram",2025,10.1177/23210222251371388,Google Scholar,yes,,https://journals.sagepub.com/doi/abs/10.1177/23210222251371388,journals.sagepub.com,1
A review of neural network-based emulation of guitar amplifiers,… amplifier emulation will be presented along with an evaluation of the approaches as well as their … Machine Learning (ML) methods have also been proposed for the emulation of guitar …,"T Vanhatalo, P Legrand, M Desainte-Catherine, ...",2022,,Google Scholar,yes,,https://www.mdpi.com/2076-3417/12/12/5894,mdpi.com,31
Real-time percussive technique recognition and embedding learning for the acoustic guitar,"… Our method relies on deep learning to develop recognition and embedding learning of guitar body … us to pursue a further type of behavioural evaluation with guitar players. In particular, …","A Martelloni, AP McPherson, M Barthet",2023,,Google Scholar,yes,,https://arxiv.org/abs/2307.07426,arxiv.org,9
Observations on Guitar Music Produced by AI Reverberation and Professional Sound Engineers,… Artificial intelligence (AI) technologies have been applied in music … of evaluation on human-processed reverberation increases with the assessment of Clarity while the evaluation on AI-…,"M CHEN, PM LINDBORG",2023,,Google Scholar,yes,,http://www.ijmsta.com/Vol_5_1_Papers/IJMSTA_Paper_1.pdf,ijmsta.com,2
Towards playing in the'Air': Modeling motion-sound energy relationships in electric guitar performance using deep neural networks,"… Air Guitar [4] and the Virtual Slide Guitar [5]. There are also more recent examples of using deep learning … Although no systematic evaluation has taken place, our sonification experiment …","C Erdem, Q Lan, J Fuhrer, C Martin, J Torresen, ...",2020,,Google Scholar,yes,,https://openresearch-repository.anu.edu.au/items/2752e22c-a94c-4fa5-a0ec-c670d6c19223,openresearch-repository.anu.edu.au,10
Guitar effects recognition and parameter estimation with convolutional neural networks,"… to develop a deep learning model capable of recognising which specific guitar pedal effect … and bass recordings on recognition of 11 different effects: feedback and slapback delay, …","M Comunità, D Stowell, JD Reiss",2020,,Google Scholar,yes,,https://arxiv.org/abs/2012.03216,arxiv.org,34
Music software with a Machine Learning-based feedback system as an alternative for initial piano study in children.,"… For the implementation of the feedback system, it was necessary to find the most appropriate Machine Learning classifier for the objective of this stage. For this, a comparison was made …","MA Borja, JE Camargo",2024,,Google Scholar,no,Contém palavra-chave de exclusão: piano,https://search.ebscohost.com/login.aspx?direct=true&profile=ehost&scope=site&authtype=crawler&jrnl=11373601&AN=177767898&h=aWACS3qeY3SbzpIFPGFcAIXn9osA7NQjjspwf19zpAEQjs1L78YUIdZmWvrAmfWtlHygQy2t8B9TEUQ%2BNDzvew%3D%3D&crl=c,search.ebscohost.com,4
Separation of electric guitar sound based on stacked recurrent neural network,"… The generated extraction results were compared with clean electric guitar sounds. Although the results remained far from complete extractions, the objective performance evaluation …","WH Lai, SL Wang",2020,,Google Scholar,yes,,https://ieeexplore.ieee.org/abstract/document/9382435/,ieeexplore.ieee.org,4
Spectral–temporal receptive field-based descriptors and hierarchical cascade deep belief network for guitar playing technique classification,"… features from guitar sounds. This work applies a supervised deep learning approach to classify … The evaluation results are reported in terms of F-score at the clip-level, and the F-score is …","CY Wang, PC Chang, JJ Ding, TC Tai, ...",2020,,Google Scholar,yes,,https://ieeexplore.ieee.org/abstract/document/9198935/,ieeexplore.ieee.org,15
Biomechanical modelling of guitar performance,,L COSTALONGA,2023,,Google Scholar,no,Relacionado a guitarra/aprendizado mas não menciona IA/ML,,Edufes,1
A data-driven methodology for considering feasibility and pairwise likelihood in deep learning based guitar tablature transcription systems,"… two are used for validation and evaluation, respectively. Within each fold, the criterion for choosing the model checkpoint to evaluate on the evaluation split is the checkpoint with the …","F Cwitkowitz, J Driedger, Z Duan",2022,,Google Scholar,yes,,https://arxiv.org/abs/2204.08094,arxiv.org,11
Leveraging Real Electric Guitar Tones and Effects to Improve Robustness in Guitar Tablature Transcription Modeling,"… guitar tones played with different audio effects. We evaluate our approach on a new evaluation dataset with professional solo guitar … have been achieved through deep learning models, …","H Pedroza, W Abreu, R Corey, I Roman",2024,,Google Scholar,yes,,https://arxiv.org/abs/2405.14679,arxiv.org,7
Guitar chord sensing and recognition using multi-task learning and physical data augmentation with robotics,"… considerable improvement using deep learning based models in … (MTL) model for a guitar chord recognition task, where the … In Section 5, the evaluation metrics and set of experiments …","G Byambatsogt, L Choimaa, G Koutaki",2020,,Google Scholar,yes,,https://www.mdpi.com/1424-8220/20/21/6077,mdpi.com,15
Performance assessment technologies for the support of musical instrument learning,"… We have grouped the audio analysis technologies of relevance to performance assessment … two guitar teachers in the manual assessment of each recording, using 4 evaluation levels …","V Eremenko, A Morsi, J Narang, X Serra",2020,,Google Scholar,no,Relacionado a guitarra/aprendizado mas não menciona IA/ML,https://repositori.upf.edu/items/9e1982ce-ff26-40bb-9fd7-31872965f56d,repositori.upf.edu,40
Note and playing technique transcription of electric guitar solos in real-world music performance,"… With the rapid development of deep learning techniques in … we follow the convention of AMT evaluation [28] and report both … For playing technique evaluation, we compare the proposed …","TS Huang, PC Yu, L Su",2023,,Google Scholar,yes,,https://ieeexplore.ieee.org/abstract/document/10095225/,ieeexplore.ieee.org,10
Musical instrument identification using deep learning approach,"… The results of the evaluation of the trained network on a separate set are shown. Detailed … The model efficiency is high, with the metric values ranging from 0.86 for the guitar to 0.99 …","M Blaszke, B Kostek",2022,,Google Scholar,yes,,https://www.mdpi.com/1424-8220/22/8/3033,mdpi.com,51
A novel approach for improving guitarists' performance using motion capture and note frequency recognition,"… The sections below detail the evaluation of each machine learning algorithm when trained … In this paper, we developed a guitar teaching system that provides real-time feedback for …","WH Elashmawi, J Emad, A Serag, K Khaled, A Yehia, ...",2023,,Google Scholar,yes,,https://www.mdpi.com/2076-3417/13/10/6302,mdpi.com,5
Recognizing guitar effects and their parameter settings,"… Especially combined with more advanced deep learning … be possible, training novice guitar players to choose their … This database was also used as training and evaluation set for this …","H Jürgens, R Hinrichs, J Ostermann",2020,,Google Scholar,yes,,https://dafx.de/paper-archive/2020/proceedings/papers/DAFx2020_paper_2.pdf,dafx.de,16
The Sophtar: a networkable feedback string instrument with embedded machine learning,… retrieval (MIR) techniques on live electric guitar feedback sounds to generate MIDI notes.As … using feedback guitar in sound interaction design [29] and interactive machine learning [30] …,F Visi,2024,,Google Scholar,no,Contém palavra-chave de exclusão: mir,https://www.diva-portal.org/smash/record.jsf?pid=diva2:1916497,diva-portal.org,5
Towards automatic transcription of polyphonic electric guitar music: A new dataset and a multi-loss transformer model,"… evaluation on this dataset and a separate set of real-world recordings demonstrate the influence of timbre on the accuracy of guitar … , with few deep learning based attempts to date. To …","YH Chen, WY Hsiao, TK Hsieh, ...",2022,,Google Scholar,yes,,https://ieeexplore.ieee.org/abstract/document/9747697/,ieeexplore.ieee.org,31
Synthtab: Leveraging synthesized data for guitar tablature transcription,"… guitar audio dataset with tablature annotations, SynthTab paves the way for training larger and more complex machine learning … , cross-dataset evaluation is especially important for GTT…","Y Zang, Y Zhong, F Cwitkowitz, ...",2024,,Google Scholar,yes,,https://ieeexplore.ieee.org/abstract/document/10447902/,ieeexplore.ieee.org,23
Automatic classification of instruments from supervised methods of machine learning,… descriptors and artificial intelligence techniques can make … ) are used to categorize acoustic guitar and bass sounds in a … Comparative evaluation of various mfcc implementations on …,"R Vieira, JT Araújo, E Batista, ...",2021,,Google Scholar,yes,,https://sol.sbc.org.br/index.php/sbcm/article/view/19418,sol.sbc.org.br,3
Quantifying the Ease of Playing Song Chords on the Guitar.,"… simple deep learning models trained on chord symbols and textual representations of guitar … We requested and incorporated feedback on the updated rubric from two musical experts, …","MAV Vásquez, M Baelemans, J Driedger, WH Zuidema, ...",2023,,Google Scholar,yes,,https://www.researchgate.net/profile/Marcel-Velez-2/publication/390555145_Quantifying_the_ease_of_playing_song_chords_on_the_guitar/links/67f688f29b1c6c487785417c/Quantifying-the-ease-of-playing-song-chords-on-the-guitar.pdf,researchgate.net,11
GAPS: A large and diverse classical guitar dataset and benchmark transcription model,"… One application of this dataset is AMT for guitar, which we demonstrate through a comprehensive evaluation of a transcription model trained on our data. This shows stateof-the-art …","X Riley, Z Guo, D Edwards, S Dixon",2024,,Google Scholar,no,Relacionado a guitarra/aprendizado mas não menciona IA/ML,https://arxiv.org/abs/2408.08653,arxiv.org,10
Automatic recognition of cascaded guitar effects,"… guitar effect recognition that is closer to the actual use case of guitar effect pedals. To generate the dataset, we used multiple clean guitar … -SMT-Guitar as the evaluation dataset is more …","J Guo, B McFee",2023,,Google Scholar,no,Relacionado a guitarra/aprendizado mas não menciona IA/ML,https://www.dafx.de/paper-archive/2023/DAFx23_paper_30.pdf,dafx.de,10
Augmented reality to facilitate learning of the acoustic guitar,"… deep learning that require complicated cognitive processes. … In terms of the technical part of the evaluation, as expected, … article and obtained a similar evaluation of the usability of the …","J Martin-Gutierrez, MS Del Rio Guerra, V Lopez-Chao, ...",2020,,Google Scholar,yes,,https://www.mdpi.com/2076-3417/10/7/2425,mdpi.com,25
Bassnet: A variational gated autoencoder for conditional generation of bass guitar tracks with learned interactive control,"… Deep learning has given AI-based methods for music … BassNet, a deep learning model for generating bass guitar tracks based on … We perform further evaluation by training the BassNet …","M Grachten, S Lattner, E Deruty",2020,,Google Scholar,yes,,https://www.mdpi.com/2076-3417/10/18/6627,mdpi.com,28
Performance enhancement of KNN classifier for guitar chord tonality classification,… In this paper we have attempted to recognize the guitar chords … (kNearest Neighbour) machine learning algorithm and have … are extensively compared for performance analysis[12] for …,"N Sharma, S Sharma",2023,,Google Scholar,yes,,https://www.researchgate.net/profile/Nipun-Sharma-17/publication/368666722_Performance_Enhancement_of_KNN_Classifier_for_Guitar_Chord_Tonality_Classification/links/63f470f657495059452fef7b/Performance-Enhancement-of-KNN-Classifier-for-Guitar-Chord-Tonality-Classification.pdf,researchgate.net,8
Neural modelling of audio effects,"… Neural networks and other machine learning based … reviewing the thesis and providing valuable feedback, and Prof. Josh … The invention of transistors quickly led to transistorised guitar …",A Wright,2023,,Google Scholar,yes,,https://aaltodoc.aalto.fi/items/f376f16e-982a-485e-8412-1cb8362f9908,aaltodoc.aalto.fi,1
Automatic composition of guitar tabs by transformers and groove modeling,"… Our work provides preliminary empirical evidence of the promise of deep learning for tab … Figure 6 shows the result of the subjective evaluation, where we present the audio rendition …","YH Chen, YH Huang, WY Hsiao, YH Yang",2020,,Google Scholar,no,Contém palavra-chave de exclusão: composition,https://arxiv.org/abs/2008.01431,arxiv.org,57
Predicting the acoustics of archtop guitars using an ai-based algorithm trained on fem simulations,"… We demonstrate that machine learning is effective in … We then used the guitar body as a splitting tool to divide the … Obviously, a network that has enough expressivity to learn the mobility …","G Longo, JS Gonzalez, F Antonacci, ...",2023,,Google Scholar,yes,,https://re.public.polimi.it/bitstream/11311/1276074/1/Predicting%20the%20Acoustics%20of%20Archtop%20Guitars%20using%20an%20AI-based%20Algorithm%20trained%20on%20FEM%20Simulations.pdf,re.public.polimi.it,4
Improving unsupervised clean-to-rendered guitar tone transformation using GANs and integrated unaligned clean data,"… Thanks to advancements in deep learning, neural networks have been utilized in several … We consider the following three metrics for objective evaluation. Error-to-signal ratio (ESR) is a …","YH Chen, W Choi, WH Liao, ...",2024,,Google Scholar,yes,,https://arxiv.org/abs/2406.15751,arxiv.org,6
Distortion recovery: A two-stage method for guitar effect removal,"… tween the realms of signal processing and machine learning. Deep neural networks (DNNs) … Moreover, through a comprehensive evaluation employing a broad mix of VST plugins, we …","YS Lee, YP Peng, JT Wu, M Cheng, L Su, ...",2024,,Google Scholar,yes,,https://arxiv.org/abs/2407.16639,arxiv.org,4
A decision-support system for assessing the function of machine learning and artificial intelligence in music education for network games,"… machine learning are being used to improve music teaching. Furthermore, by employing these methods, the sounds in games can be made more efficient and effective. Evaluation … guitar…","ZH Yun, Y Alshehri, N Alnazzawi, I Ullah, ...",2022,,Google Scholar,yes,,https://search.proquest.com/openview/440788b67c7250184bb31875ac62a6f6/1?pq-origsite=gscholar&cbl=2043697,search.proquest.com,36
Neural Networks for Real-Time Digital Emulation of Guitar Speaker Cabinet Impulse Response,"… It can be done by convolving the guitar signal with pre-… IR-GAN [1] is one of the research that employs deep learning to … including the architecture, the evaluation metrics, and real…","T Sinjanakhom, S Chivapreecha",2022,,Google Scholar,yes,,https://ieeexplore.ieee.org/abstract/document/9727233/,ieeexplore.ieee.org,0
Proggp: from guitarpro tablature neural generation to progressive metal production,"… using a mixed method evaluation approach, combining … was a single low E note on guitar and bass guitar, and a kick and cymbal … We have presented a deep learning model capable of …","J Loth, P Sarmento, CJ Carr, Z Zukowski, ...",2023,,Google Scholar,yes,,https://arxiv.org/abs/2307.05328,arxiv.org,15
"Exploring relationships between effort, motion, and sound in new musical instruments","… Hitting a guitar string is an example of what we call motion, … We see that deep learning can be particularly useful when … , and an evaluation of various machine learning configurations. …","Ç Erdem, Q Lan, AR Jensenius",2020,,Google Scholar,yes,,https://www.ht.csr-pub.eu/index.php/ht/article/view/236,ht.csr-pub.eu,18
DadaGP: A dataset of tokenized GuitarPro songs for sequence models,"… We discuss other relevant use cases for the dataset (guitar-… have boomed by leveraging deep learning approaches, or aiming … As a simple evaluation metric, we focused on the notion of …","P Sarmento, A Kumar, CJ Carr, Z Zukowski, ...",2021,,Google Scholar,yes,,https://arxiv.org/abs/2107.14653,arxiv.org,56
Expressive acoustic guitar sound synthesis with an instrument-specific input representation and diffusion outpainting,"… In this work, we propose an expressive acoustic guitar sound synthesis model with a … existing guitar dataset but also collected data from a high quality sample-based guitar synthesizer. …","H Kim, S Choi, J Nam",2024,,Google Scholar,no,Contém palavra-chave de exclusão: synthesis,https://ieeexplore.ieee.org/abstract/document/10446678/,ieeexplore.ieee.org,8
Ddsp guitar amp: Interpretable guitar amplifier modeling,… OBJECTIVE EVALUATION RESULTS We evaluate the accuracy of the implemented models for emulating the target guitar amp (for unseen content in test data) in MAE and MR-STFT […,"YT Yeh, YH Chen, YC Cheng, JT Wu, ...",2025,,Google Scholar,no,Relacionado a guitarra/aprendizado mas não menciona IA/ML,https://ieeexplore.ieee.org/abstract/document/10889306/,ieeexplore.ieee.org,6
A comparison of deep learning methods for timbre analysis in polyphonic automatic music transcription,"… The most recent and best-performing methods such as CREPE [12], use deep learning approaches to address the f0 estimation by converting the input signal into spectrograms and …","C Hernandez-Olivan, I Zay Pinilla, C Hernandez-Lopez, ...",2021,,Google Scholar,yes,,https://www.mdpi.com/2079-9292/10/7/810,mdpi.com,30
Sensing control parameters of flute from microphone sound based on machine learning from robotic performer,… feedback allows the learner to determine whether the performer is in the proper posture and bowing position. This study shows that vibration feedback is … Development of guitar playing …,"J Kuroda, G Koutaki",2022,,Google Scholar,yes,,https://www.mdpi.com/1424-8220/22/5/2074,mdpi.com,7
DDSP-based neural waveform synthesis of polyphonic guitar performance from string-wise MIDI input,… The subjective evaluation also includes natural audio as well as renders of the MIDI with the free commercial sample-based guitar synthesizer Ample Guitar lite [1]. Objective evaluation: …,"N Jonason, X Wang, E Cooper, L Juvela, ...",2023,,Google Scholar,no,Contém palavra-chave de exclusão: synthesis,https://arxiv.org/abs/2309.07658,arxiv.org,5
Music generation using deep learning and generative AI: a systematic review,"… the most prominent deep learning architectures like Generative … methods, evaluation metrics, and future research directions. … one paper explored the use of guitar tabs to generate music …","R Mitra, I Zualkernan",2025,,Google Scholar,yes,,https://ieeexplore.ieee.org/abstract/document/10845168/,ieeexplore.ieee.org,19
End-to-end amp modeling: from data to controllable guitar amplifier models,"This paper describes a data-driven approach to creating real-time neural network models of guitar amplifiers, recreating the amplifiers’ sonic response to arbitrary inputs at the full range …","L Juvela, EP Damskägg, A Peussa, ...",2023,,Google Scholar,yes,,https://ieeexplore.ieee.org/abstract/document/10094769/,ieeexplore.ieee.org,17
Estimation and tonal analysis of the angle of attack in a classical guitar performance,… Performance Evaluation To improve the estimation accuracy at the expense of … Machine learning methods for estimating the excitation point on a plucked string of a classical guitar…,"CT Tolentino, F De Leon",2021,,Google Scholar,yes,,https://ieeexplore.ieee.org/abstract/document/9707361/,ieeexplore.ieee.org,1
Guitar augmentation for Percussive Fingerstyle: Combining self-reflexive practice and user-centred design,"… guitar prototype for percussive fingerstyle guitarists. The first author, himself a percussive fingerstyle player, started the project of an augmented guitar … We present their feedback on two …","A Martelloni, A McPherson, M Barthet",2021,,Google Scholar,no,Relacionado a guitarra/aprendizado mas não menciona IA/ML,https://qmro.qmul.ac.uk/jspui/handle/123456789/88835,qmro.qmul.ac.uk,9
A differentiable acoustic guitar model for string-specific polyphonic synthesis,"… The use of deep learning for guitar synthesis remains largely … explored synthesizing acoustic guitar using various signal … quality of guitar sound for the synthesizers under evaluation, …","A Wiggins, Y Kim",2023,,Google Scholar,no,Contém palavra-chave de exclusão: synthesis,https://ieeexplore.ieee.org/abstract/document/10248159/,ieeexplore.ieee.org,9
Skin-Inspired Tactile Sensor on Cellulose Fiber Substrates with Interfacial Microstructure for Health Monitoring and Guitar Posture Feedback,… Two different experiments (detection of guitar strumming and chord progression) were carried out in this work while guitar playing. Figure 9a shows the experimental setup for guitar …,"RS Karmakar, CP Chu, CL Li, CH Hsueh, YC Liao, ...",2023,,Google Scholar,no,Relacionado a guitarra/aprendizado mas não menciona IA/ML,https://www.mdpi.com/2079-6374/13/2/174,mdpi.com,8
ShredGP: Guitarist style-conditioned tablature generation,"… In order to assess the idiosyncrasies of each guitar player, we adopt a … The task of music generation with deep learning has been … Regarding the evaluation of our generative results, we …","P Sarmento, A Kumar, D Xie, CJ Carr, ...",2023,,Google Scholar,yes,,https://arxiv.org/abs/2307.05324,arxiv.org,14
Identification of rhythm guitar sections in symbolic tablatures,"… Leave-one-piece-out evaluation Training a machine learning model is often performed by splitting the dataset into a training set and a validation set. As bars can highly repeat, in …","D Régnier, N Martin, L Bigo",2021,,Google Scholar,yes,,https://hal.science/hal-03335822/,hal.science,12
CAVI: A Coadaptive Audiovisual Instrument-Composition.,… audiovisual instrument that uses deep learning to generate its … set of mappings and receives feedback from the performer. … our previous pipeline for creating the “air guitar” model [23]. …,"C Erdem, B Wallace, AR Jensenius",2022,,Google Scholar,no,Contém palavra-chave de exclusão: composition,https://www.researchgate.net/profile/Cagri-Erdem-2/publication/361591625_CAVI_A_Coadaptive_Audiovisual_Instrument-Composition/links/62fb82d6aa4b1206fab6570f/CAVI-A-Coadaptive-Audiovisual-Instrument-Composition.pdf,researchgate.net,19
Automatic evaluation of piano performances for STEAM education,… Another work [9] used machine learning methods such as … self-taught instrument for beginner students on Guitar [11]. In [12… the prevalent techniques in machine learning applications. To …,"V Phanichraksaphong, WH Tsai",2021,,Google Scholar,no,Contém palavra-chave de exclusão: piano,https://www.mdpi.com/2076-3417/11/24/11783,mdpi.com,30
Using mechanical metamaterials in guitar top plates: a numerical study,"… plate of a classical guitar is a feasible … guitar, and not a given. Using the material as a design parameter could open a realm of possibilities, mostly when used with artificial intelligence …","M Lercari, S Gonzalez, C Espinoza, G Longo, ...",2022,,Google Scholar,yes,,https://www.mdpi.com/2076-3417/12/17/8619,mdpi.com,18
Music deep learning: deep learning methods for music signal processing—a review of the state-of-the-art,"… The reader should refer to each work for an extensive presentation of the evaluation … 0.96, with the drums being easier to identify, and the guitar and piano the more difficult ones. In [99], …","L Moysis, LA Iliadis, SP Sotiroudis, AD Boursianis, ...",2023,,Google Scholar,no,Contém palavra-chave de exclusão: piano,https://ieeexplore.ieee.org/abstract/document/10043650/,ieeexplore.ieee.org,53
Interactive Learning of Microtiming in an Expressive Drum Machine,"… To obtain the effect, we expanded the guitar offset detection … While our evaluation supports this intuition, it remains an open … In Neurips 2018 workshop on machine learning for creativity …",G Burloiu,2020,,Google Scholar,yes,,https://hal.science/hal-03015476/,hal.science,7
Effects of instructed timing on electric guitar and bass sound in groove performance,This paper reports on two experiments that investigated the expressive means through which musicians well versed in groove-based music signal the intended timing of a rhythmic event…,"GS Câmara, K Nymoen, O Lartillot, ...",2020,,Google Scholar,no,Relacionado a guitarra/aprendizado mas não menciona IA/ML,https://pubs.aip.org/asa/jasa/article/147/2/1028/993482,pubs.aip.org,29
Improving the plucking point position estimation in a classical guitar performance using a novel video-based approach,"… To work with these kinds of guitar signals, a machine learning method for plucking point … In the future, we intend to utilize the algorithm for building a system that provides feedback to the …","CT Tolentino, F De Leon",2021,,Google Scholar,yes,,https://ieeexplore.ieee.org/abstract/document/9707244/,ieeexplore.ieee.org,2
Note-level automatic guitar transcription using attention mechanism,"… Experimental evaluation results demonstrate that our proposed method not only outperforms a state-of-the-art guitar transcription system in frame-level estimation, but is also capable of …","S Kim, T Hayashi, T Toda",2022,,Google Scholar,no,Relacionado a guitarra/aprendizado mas não menciona IA/ML,https://ieeexplore.ieee.org/abstract/document/9909659/,ieeexplore.ieee.org,23
Evaluation of inertial sensor data by a comparison with optical motion capture data of guitar strumming gestures,"… guitar instrumental controls in real-time by combining motion capture data, audio analysis … [29] developed an actuated guitar that “utilizes a normal electrical guitar, sensors to capture …","S Freire, G Santos, A Armondes, EAL Meneses, ...",2020,,Google Scholar,no,Relacionado a guitarra/aprendizado mas não menciona IA/ML,https://www.mdpi.com/1424-8220/20/19/5722,mdpi.com,23
Joint analysis of mode and playing technique in Guqin performance with machine learning.,"… dataset is compiled for guqin performance analysis. The mode … For electric guitar, note-level timbral and pitch features are … [10], whereas for guitar, each playing technique possesses …","YF Huang, JI Liang, IC Wei, L Su",2020,,Google Scholar,yes,,https://archives.ismir.net/ismir2020/paper/000157.pdf,archives.ismir.net,22
Deep learning for black-box modeling of audio effects,"… musical instruments such as electric guitar, bass guitar, electric piano … pedals, tube amplifiers and guitar pickup emulators. … As an objective evaluation for the Leslie speaker time-varying …","MA Martínez Ramírez, E Benetos, JD Reiss",2020,,Google Scholar,no,Contém palavra-chave de exclusão: piano,https://www.mdpi.com/2076-3417/10/2/638,mdpi.com,85
An entirely reverse-engineered finite element model of a classical guitar in comparison with experimental data,… classical guitar with the help of experimental data is presented. The geometry of the guitar is … All of the five different types of wood used in the guitar are modeled with their corresponding …,"A Brauchler, P Ziegler, P Eberhard",2021,,Google Scholar,no,Relacionado a guitarra/aprendizado mas não menciona IA/ML,https://pubs.aip.org/asa/jasa/article/149/6/4450/1059381,pubs.aip.org,33
A few-sample strategy for guitar tablature transcription based on inharmonicity analysis and playability constraints,"… For the evaluation of our method on a realistic context of recorded performances, we used the four few-sample schemes proposed above for the audio-based string classification, and a …","G Bastas, S Koutoupis, ...",2022,,Google Scholar,no,Relacionado a guitarra/aprendizado mas não menciona IA/ML,https://ieeexplore.ieee.org/abstract/document/9747169/,ieeexplore.ieee.org,8
New interfaces and approaches to machine learning when classifying gestures within music,"… -professional musicians/participants to predict guitar gestures. The authors then created an … guitar sound (ie, a physical model). The results from the study did not include an evaluation …","C Rhodes, R Allmendinger, R Climent",2020,,Google Scholar,yes,,https://www.mdpi.com/1099-4300/22/12/1384,mdpi.com,12
Artificial musical intelligence: A survey,"… significant machine learning or artificial intelligence component. … Therefore, partly due to their ease of evaluation (as we … recordings of four instruments: classical guitar, violin, trumpet …","E Liebman, P Stone",2020,,Google Scholar,no,Contém palavra-chave de exclusão: violin,https://arxiv.org/abs/2006.10553,arxiv.org,23
Differentiable IIR filters for machine learning applications,"… IIR filter structures inside deep-learning networks trained using … on a guitar signal played through a Boss DS-1 guitar pedal. … Before evaluation of the MSE for each sequence of data, …","B Kuznetsov, JD Parker, ...",2020,,Google Scholar,yes,,https://dafx2020.mdw.ac.at/proceedings/papers/DAFx2020_paper_52.pdf,dafx2020.mdw.ac.at,91
An Augmented Reality based Web App To Learn Guitar,… the position of the guitar strings to be highlighted. This method of learning guitar provides real time visual feedback to the user and therefore helps users learn guitar by the same speed …,P Bhalekar,2022,,Google Scholar,no,Relacionado a guitarra/aprendizado mas não menciona IA/ML,https://ieeexplore.ieee.org/abstract/document/9742738/,ieeexplore.ieee.org,3
Instrument classification using image based transfer learning,"… 4 similar String instruments (Acoustic Guitar, Cello, Violin and Electric Guitar) in the audio … multiple audio features and different Deep Learning architectures for instrument classification …","U Shukla, U Tiwari, V Chawla, ...",2020,,Google Scholar,no,Contém palavra-chave de exclusão: violin,https://ieeexplore.ieee.org/abstract/document/9277366/,ieeexplore.ieee.org,13
MIDI-to-Tab: Guitar tablature inference via masked language modeling,"… In this work, we introduce a novel deep learning solution to symbolic guitar tablature … dataset, which are then used for evaluation. Objective evaluation of guitar tablature is difficult, as we …","D Edwards, X Riley, P Sarmento, S Dixon",2024,,Google Scholar,yes,,https://arxiv.org/abs/2408.05024,arxiv.org,8
An LSTM-based dynamic chord progression generation system for interactive music performance,"… Furthermore, we have developed a virtual air-guitar controller… of artificial intelligence and machine learning has led to an influx … 5 we present a subjective evaluation of the interactive sys…","C Garoufis, A Zlatintsi, P Maragos",2020,,Google Scholar,yes,,https://ieeexplore.ieee.org/abstract/document/9053992/,ieeexplore.ieee.org,19
A machine learning approach on whole blood immunomarkers to identify an inflammation-associated psychosis onset subgroup,"… To do this, we designed a data-driven unsupervised machine learning model to cluster a sample of 127 FEP patients and 117 healthy controls (HC), based on the peripheral blood …","…, GUITAR Gennarelli Massimo 23 Chiavetto Luisella , ...",2023,,Google Scholar,yes,,https://www.nature.com/articles/s41380-022-01911-1,nature.com,11
Automatic multitrack mixing with a differentiable mixing console of neural audio effects,"… In a perceptual evaluation, we demonstrate that our model … Consider a ground truth mix with an electric guitar panned to … The third one is what we consider a canonical deep learning …","CJ Steinmetz, J Pons, S Pascual, ...",2021,,Google Scholar,yes,,https://ieeexplore.ieee.org/abstract/document/9414364/,ieeexplore.ieee.org,87
Ear Trainer for Guitar Chords–An Android Application for Recognition of Guitar Chords,"… into music projects because the users can receive feedback which they can use in order to … to mind is a method that involves artificial intelligence and neural networks. However, it is not …","MA Cioată, A Iftene",2020,,Google Scholar,yes,,https://www.academia.edu/download/80149973/IJUSI-13-2-Cioata.pdf,academia.edu,2
Evaluation of hemodialysis arteriovenous bruit by deep learning,"… In the field of deep learning, the Kaggle Competition is an online platform in which … as a dog barking, telephone ringing, or guitar being strummed. The Surrey CVSSP DCASE 2018 Task …","K Ota, Y Nishiura, S Ishihara, H Adachi, T Yamamoto, ...",2020,,Google Scholar,yes,,https://www.mdpi.com/1424-8220/20/17/4852,mdpi.com,33
A Machine Learning Approach to Classifying EEG Data Collected with or without Haptic Feedback during a Simulated Drilling Task,"… tools to be included to evaluate the impact of haptic feedback on EEG signals. For instance, … virtual guitar strings, while visual and auditory feedback were presented and haptic feedback …","MS Ramirez Campos, HS McCracken, ...",2024,,Google Scholar,yes,,https://www.mdpi.com/2076-3425/14/9/894,mdpi.com,2
Multi Label Sound Classification using Deep Learning Models,"… The evaluation result exhibited high model efficiency ranging from 86% for the guitar to 99% for drums with detailed precision, recall, and detection values. Choi et al. [15]explored …","TA Onisha, J Kim, J Seol",2024,,Google Scholar,no,Contém palavra-chave de exclusão: drums,https://ieeexplore.ieee.org/abstract/document/10685563/,ieeexplore.ieee.org,4
Neural grey-box guitar amplifier modelling with limited data,"… To adapt the model to be used in a deep learning framework, we can easily define trainable … cient training within a deep learning framework. A subjective and objective evaluation of our …","S Miklanek, A Wright, V Välimäki, ...",2023,,Google Scholar,yes,,https://research.aalto.fi/en/publications/neural-grey-box-guitar-amplifier-modelling-with-limited-data,research.aalto.fi,9
Guitar segmentation in rgb images using convolutional neural networks,"… a complete evaluation for each of the three networks trained to obtain an automatic guitar … Valtorta, “The effects of data quality on machine learning algorithms.” 01 2006, pp. 485–498…","I Tono, J Gallego, Z Swiderska-Chadaj, ...",2020,,Google Scholar,yes,,https://ieeexplore.ieee.org/abstract/document/9238720/,ieeexplore.ieee.org,4
Deep learning for style transfer and experimentation with audio effects and music creation,… same intensity how can we describe why a guitar and a trumpet playing the same note … deep learning for music is the evaluation metric - most tasks in this area require human evaluation…,A Tur,2024,,Google Scholar,yes,,https://ojs.aaai.org/index.php/AAAI/article/view/30558,ojs.aaai.org,1
Evaluation of convolution operation based on the interpretation of deep learning on 3-d point cloud,"… pretation method in 3-D point cloud deep learning networks, for the purpose of evaluating … map in guitar sample. (b) Visualization of partially activated feature map in guitar sample. As …","B Zhao, X Hua, K Yu, W Tao, X He, ...",2020,,Google Scholar,yes,,https://ieeexplore.ieee.org/abstract/document/9181408/,ieeexplore.ieee.org,14
ImageNet-Patch: A dataset for benchmarking machine learning robustness against adversarial patches,"… blocks in an input image that cause a machine-learning model to misclassify it. However, … -Patch, a dataset to benchmark machine-learning models against adversarial patches. The …","M Pintor, D Angioni, A Sotgiu, L Demetrio, ...",2023,,Google Scholar,yes,,https://www.sciencedirect.com/science/article/pii/S0031320322005441,Elsevier,76
Perceptual loss function for neural modeling of audio systems,"… For the objective evaluation, the loss was calculated for an unseen test set of electric guitar and bass guitar input signals. For each network evaluated, the test loss was calculated with …","A Wright, V Välimäki",2020,,Google Scholar,no,Relacionado a guitarra/aprendizado mas não menciona IA/ML,https://ieeexplore.ieee.org/abstract/document/9052944/,ieeexplore.ieee.org,49
Direct design of biquad filter cascades with deep learning by sampling random polynomials,… transfer functions (HRTFs) and guitar amplifier cabinets. Though phase … Guitar cabinets combine loudspeakers with guitar … HRTF Dataset2 and 32 guitar cabinet impulse resposnes were …,"JT Colonel, CJ Steinmetz, M Michelen, ...",2022,,Google Scholar,yes,,https://ieeexplore.ieee.org/abstract/document/9747660/,ieeexplore.ieee.org,37
Multi-genre Digital Music Based on Artificial Intelligence Automation Assisted Composition System,"… of 75S in each of four genres: piano, guitar, bass, and strings, transcribing each MIDI file to … next evaluation of the effect of the produced MIDI files. The entire model evaluation process is …",A Liu,2024,,Google Scholar,no,Contém palavra-chave de exclusão: piano,https://www.informatica.si/index.php/informatica/article/view/5474,informatica.si,4
Modeling analog dynamic range compressors using deep learning and state-space models,"… evaluation capabilities. The proposed model provides roughly the same quality as previous deep-learning … in the test, including strings, piano, guitar, and band clips. Each audio clip has …","H Yin, G Cheng, CJ Steinmetz, R Yuan, ...",2024,,Google Scholar,no,Contém palavra-chave de exclusão: piano,https://arxiv.org/abs/2403.16331,arxiv.org,8
Intermodulation Distortion Analysis of a Guitar Distortion Pedal With a Starving Circuit,"… the amplification from a guitar pickup, and furthermore, … box approach based on deep learning has been proposed for … constructing a perceptual evaluation scenario with our new …","M Inui, T Hamasaki, M van der Veen",2021,,Google Scholar,yes,,https://www.aes.org/e-lib/download.cfm?ID=21018,aes.org,3
High resolution guitar transcription via domain adaptation,"… [1, 2, 3], arising from applying deep learning techniques to large, high quality datasets such as MAESTRO [4] … Transcription evaluation was performed on the entire dataset for all models. …","X Riley, D Edwards, S Dixon",2024,,Google Scholar,yes,,https://ieeexplore.ieee.org/abstract/document/10446182/,ieeexplore.ieee.org,24
FretNet: Continuous-valued pitch contour streaming for polyphonic guitar tablature transcription,"… evaluation. While offsets are also generally important for AMT, this information is commonly left out of guitar … and pairwise likelihood in deep learning based guitar tablature transcription …","F Cwitkowitz, T Hirvonen, ...",2023,,Google Scholar,yes,,https://ieeexplore.ieee.org/abstract/document/10094825/,ieeexplore.ieee.org,22
A comparison of virtual analog modelling techniques for desktop and embedded implementations,"… model of the Klon Centaur guitar pedal circuit, comparing … While several styles of machine-learning based models have … Performance evaluation was completed using a 2017 Dell …",J Chowdhury,2020,,Google Scholar,no,Relacionado a guitarra/aprendizado mas não menciona IA/ML,https://arxiv.org/abs/2009.02833,arxiv.org,20
Qwen2-audio technical report,"… to switch between voice chat and audio analysis modes. Qwen2-… In this section, we present a comprehensive evaluation of the … The tune is being played by the guitar with the bass guitar …","Y Chu, J Xu, Q Yang, H Wei, X Wei, Z Guo, ...",2024,,Google Scholar,no,Contém palavra-chave de exclusão: voice,https://arxiv.org/abs/2407.10759,arxiv.org,517
Evaluation of cnn-based automatic music tagging models,… Recent advances in deep learning accelerated the development of content-based … a tag guitar if a guitar appears in the song even though the selected excerpt doesn’t include guitar …,"M Won, A Ferraro, D Bogdanov, X Serra",2020,,Google Scholar,yes,,https://arxiv.org/abs/2006.00751,arxiv.org,139
Deep learning conditioned modeling of optical compression,… has been proposed to model guitar distortion circuits and a low-… This paper follows up VA investigation using deep learning … These results confirm the previous quantitative evaluation …,"R Simionato, S Fasciani",2022,,Google Scholar,yes,,https://dafx2020.mdw.ac.at/proceedings/papers/DAFx20in22_paper_6.pdf,dafx2020.mdw.ac.at,10
Generative models in artificial intelligence and their applications,"… 2], deals with the evaluation of various synthetic data generation … machine learning models, (iii) whether sharing preliminary … a particular music specification (guitar ballad) in a controlled …","M Castelli, L Manzoni",2022,,Google Scholar,yes,,https://novaresearch.unl.pt/files/43888392/Special_Issue_Generative_Models_in_Artificial_Intelligence_and_Their_Applications.pdf,novaresearch.unl.pt,55
Sample rate independent recurrent neural networks for audio effects processing,"… In recent years, machine learning approaches to modelling … model that is commonly applied to guitar amplifier modelling [8]… 5 evaluation is carried out on several neural network models …","A Carson, A Wright, J Chowdhury, V Välimäki, ...",2024,,Google Scholar,yes,,https://arxiv.org/abs/2406.06293,arxiv.org,11
Research on Chord Generation in Automated Music Composition Using Deep Learning Algorithms,"… in the evaluation. Overall, … guitar music were collected for the experiment. To verify the effectiveness of the chord generation method designed in this paper, only the melody and guitar …",M Zhu,2023,,Google Scholar,no,Contém palavra-chave de exclusão: composition,https://puffbird.ijs.si/index.php/informatica/article/view/4885,puffbird.ijs.si,5
Modelling black-box audio effects with time-varying feature modulation,"… Recently, deep learning approaches have seen success in … further extended to increase the expressivity of the network by … dataset of processed electric guitar signals using recordings …","M Comunità, CJ Steinmetz, H Phan, ...",2023,,Google Scholar,yes,,https://ieeexplore.ieee.org/abstract/document/10097173/,ieeexplore.ieee.org,29
Predominant instrument recognition in polyphonic music using gmm-dnn framework,"… From the table, we found that considerable confusion occurs for acoustic guitar and organ … the performance evaluation supports our claim that the architectural choice of deep learning …","R Ajayakumar, R Rajan",2020,,Google Scholar,yes,,https://ieeexplore.ieee.org/abstract/document/9179626/,ieeexplore.ieee.org,18
A systematic survey on music composition using artificial intelligence,"… artificial intelligence needs to be evaluated to understand how well the model is performing. The evaluation … , then the fitness function for a guitar could be associated with the ascending/…","M Mansoori, R Murali",2022,,Google Scholar,no,Contém palavra-chave de exclusão: composition,https://ieeexplore.ieee.org/abstract/document/9726088/,ieeexplore.ieee.org,8
Explainability and real-time in music information retrieval: Motivations and possible scenarios,"… of getting valuable real-time feedback on how to modify the song to … machine learning can be implemented in this process, we consider the execution of a solo with an electric guitar …","M Rossi, G Iacca, L Turchet",2023,,Google Scholar,no,Contém palavra-chave de exclusão: music information retrieval,https://ieeexplore.ieee.org/abstract/document/10335217/,ieeexplore.ieee.org,3
On the impact of perceptual compression on deep learning,… evaluation and data set creation: Do artifacts from perceptual compression contribute to error in the machine learning … effects in recordings of electric guitar and bass and related signal …,"G Friedland, R Jia, J Wang, B Li, ...",2020,,Google Scholar,yes,,https://ieeexplore.ieee.org/abstract/document/9175429/,ieeexplore.ieee.org,14
A comparison of modal parameter extraction methods when applied to measurements of stringed instruments,"… instrument, such as a marimba bar, guitar, or violin, we can assume … Section 4 describes the evaluation criteria used and … a training/test set for this machine learning approach. Hopefully, …","M Rau, JO Smith, JS Abel",2023,,Google Scholar,no,Contém palavra-chave de exclusão: violin,https://dael.euracoustics.org/confs/fa2023/data/articles/000418.pdf,dael.euracoustics.org,3
Data feedback loops: Model-driven amplification of dataset biases,"… In this work, we define the data feedback setting and carefully … In this case, we show the feedback dynamics are stable and … Next, we show that data feedback can significantly amplify …","R Taori, T Hashimoto",2023,,Google Scholar,no,Relacionado a guitarra/aprendizado mas não menciona IA/ML,http://proceedings.mlr.press/v202/taori23a.html,proceedings.mlr.press,76
Usage of deep learning and blockchain in compilation and copyright protection of digital music,… artificial intelligence technology and deep learning algorithms to re-synthesize the trajectories of guitar … the algorithm finally obtained an excellent supervisor evaluation score [16]. Briot …,Z Cai,2020,,Google Scholar,yes,,https://ieeexplore.ieee.org/abstract/document/9186017/,ieeexplore.ieee.org,52
Marble: Music audio representation benchmark for universal evaluation,"… In the era of extensive intersection between art and Artificial Intelligence (AI), such as image generation and fiction co-creation, AI for music remains relatively nascent, particularly in …","R Yuan, Y Ma, Y Li, G Zhang, X Chen, ...",2023,,Google Scholar,yes,,https://proceedings.neurips.cc/paper_files/paper/2023/hash/7cbeec46f979618beafb4f46d8f39f36-Abstract-Datasets_and_Benchmarks.html,proceedings.neurips.cc,52
Music generation with ai technology: Is it possible?,"… application scenarios and model evaluation methods. The … Therefore, we will then introduce two deep learning models, … such as drums, bass, guitar, orchestra and piano. This model is …","H Tang, Y Gu, X Yang",2022,,Google Scholar,no,Contém palavra-chave de exclusão: piano,https://ieeexplore.ieee.org/abstract/document/9824149/,ieeexplore.ieee.org,8
Differentiable grey-box modelling of phaser effects using frame-based spectral processing,… -invariant effects such as guitar amplifiers and distortion pedals. … be embedded in a machine learning framework to emulate … 1.5% without feedback and 10% with feedback. This result is …,"A Carson, C Valentini-Botinhao, S King, ...",2023,,Google Scholar,yes,,https://arxiv.org/abs/2306.01332,arxiv.org,18
Musical instrument recognition by XGBoost combining feature fusion,… Figure 3 uses the distorted electric guitar and the saxophone … and the different nonlinear feedback caused by different … We also compare multiple machine learning classification …,"Y Liu, Y Yin, Q Zhu, W Cui",2022,,Google Scholar,yes,,https://arxiv.org/abs/2206.00901,arxiv.org,4
Audio separation and classification of Indian classical instruments,Audio classification and source separation are two important components in the music industry and for audio engineering as well. The Indian classical music industry is filled with a lot of …,"P Patel, S Shah, S Prasad, A Gada, K Bhowmick, ...",2024,,Google Scholar,no,Não atende aos critérios de inclusão,https://www.sciencedirect.com/science/article/pii/S0952197624007401,Elsevier,9
Musical instrument classification using audio features and convolutional neural network,"… Machine learning and deep learning models have been … The model accurately classified 51 instances of Guitar … Based on the performance of different configurations, an evaluation was …","GAVM Giri, ML Radhitya",2024,,Google Scholar,yes,,https://jurnal.polibatam.ac.id/index.php/JAIC/article/view/8058,jurnal.polibatam.ac.id,7
Opportunities and challenges in explainable artificial intelligence (xai): A survey,"… the current XAI landscape in deep learning, this paper provides … , and self-explanatory deep learning models. We then describe the … After describing the evaluation methods and software …","A Das, P Rad",2020,,Google Scholar,yes,,https://arxiv.org/abs/2006.11371,arxiv.org,1272
An end-to-end musical instrument system that translates electromyogram biosignals to synthesized sound,"… in a range of modular synthesizers and guitar effects pedals, as the … We adopt an interactive machine learning (IML) workflow (… training data in response to user feedback. We refer to this …","A Tanaka, F Visi, BD Donato, M Klang, ...",2023,,Google Scholar,yes,,https://direct.mit.edu/comj/article/47/1/64/120561,direct.mit.edu,10
Art in the age of machine learning,"… The vibrations of the E string feed through the guitar pickup … than the E net, and the guitar-bot nonchalantly pinches the … ize machine learning systems: training process and evaluation …",S Audry,2021,,Google Scholar,yes,,https://books.google.com/books?hl=en&lr=&id=TjYXEAAAQBAJ&oi=fnd&pg=PA1&dq=guitar%7C%22electric+guitar%22+%22artificial+intelligence%22%7C%22machine+learning%22%7C%22deep+learning%22%7C%22audio+analysis%22+feedback%7C%22performance+analysis%22%7Cevaluation%7Cexpressivity&ots=5VuDcrAjzT&sig=B4IwsecKhfa0_7v5v_h4qve51e4,books.google.com,187
Timbre classification of musical instruments with a deep learning multi-head attention-based model,"The aim of this work is to define a model based on deep learning that is able to identify different instrument timbres with as few parameters as possible. For this purpose, we have …","C Hernandez-Olivan, JR Beltran",2021,,Google Scholar,yes,,https://arxiv.org/abs/2107.06231,arxiv.org,5
An interpretable deep learning model for automatic sound classification,"… new artificial intelligence (… machine learning models that provide explanations of their decisions in some level of detail, a field that is commonly known as interpretable machine learning […","P Zinemanas, M Rocamora, M Miron, F Font, X Serra",2021,,Google Scholar,yes,,https://www.mdpi.com/2079-9292/10/7/850,mdpi.com,88
Deep Learning for Advanced Similar Musical Instrument Detection and Recognition,"… retains the best of them after thorough evaluation. However, because the computations … guitar is in the middle, and the cello is the biggest. Figure 5 shows the recognition result of guitar …","C Dewi, RC Chen",2022,,Google Scholar,no,Contém palavra-chave de exclusão: cello,https://www.iaeng.org/IJCS/issues_v49/issue_3/IJCS_49_3_27.pdf,iaeng.org,5
Automatic note generator for Javanese gamelan music accompaniment using deep learning,… This evaluation is done because there is no difference between the instruments used in the Gembyangan and Mipil patterns created by the gamelan composer and the results of the …,"A Kurniawati, EM Yuniarno, YK Suprapto, ...",2023,,Google Scholar,yes,,https://www.academia.edu/download/103436696/ijain_vol9i2_pp231-248.pdf,academia.edu,12
Artificial intelligence-assisted music education: A critical synthesis of challenges and opportunities,"… in general) in real time, offering instant feedback and assessments on crucial aspects such as … Reports from the field: Learning to play the guitar with the novaxe online learning platform. …","JF Merchán Sánchez-Jara, S González Gutiérrez, ...",2024,,Google Scholar,no,Contém palavra-chave de exclusão: synthesis,https://www.mdpi.com/2227-7102/14/11/1171,mdpi.com,48
Open-amp: Synthetic data framework for audio effect foundation models,"… , machine learning techniques, specifically neural networks, have widely been applied to modelling of guitar … One popular application of neural modelling techniques is guitar amplifier …","A Wright, A Carson, L Juvela",2025,,Google Scholar,yes,,https://ieeexplore.ieee.org/abstract/document/10888232/,ieeexplore.ieee.org,8
Self-designed hierarchical network based hand shape intelligent recognition and evaluation for Chinese zither performing,… technology based on artificial intelligence is introduced into … the function of hand shape intelligent evaluation and the self-… called guitAR was proposed which can assist guitar students …,"W Zhao, S Wang, Y Zhao, J Wei, T Li, R Zhang",2023,,Google Scholar,yes,,https://www.sciencedirect.com/science/article/pii/S014193822200110X,Elsevier,9
Music source separation based on a lightweight deep learning framework (DTTNET: Dual-path TFC-TDF UNet),"… While deep learning methods have shown impressive results, there is a trend toward larger models. In our paper, we introduce a novel and lightweight architecture called DTTNet 1 , …","J Chen, S Vekkot, P Shukla",2024,,Google Scholar,yes,,https://ieeexplore.ieee.org/abstract/document/10448020/,ieeexplore.ieee.org,20
Neurocognition-inspired design with machine learning,… reconstructed by our model for evaluation. The results indicate … a neuroscience-inspired artificial intelligence design method … dominated by function such as a guitar. This may reflect that …,"P Wang, S Wang, D Peng, L Chen, C Wu, Z Wei, ...",2020,,Google Scholar,yes,,https://www.cambridge.org/core/journals/design-science/article/neurocognitioninspired-design-with-machine-learning/3E2A061D8C2456888E872DE2472618AC,cambridge.org,28
Design considerations for real-time collaboration with creative artificial intelligence,"… feedback through human–machine interaction can be considered as negotiated evaluation of … Even the success of the guitarist, who is very goal driven and who set fire to his guitar and …","J McCormack, P Hutchings, T Gifford, M Yee-King, ...",2020,,Google Scholar,yes,,https://www.cambridge.org/core/journals/organised-sound/article/design-considerations-for-realtime-collaboration-with-creative-artificial-intelligence/D14EFAAB865FF356E475353C75245CE2,cambridge.org,140
Deep learning safety concerns in automated driving perception,"… Abstract—Recent advances in the field of deep learning and … and refines it, leveraging feedback from various domain and … ]: a monkey with an overlayed guitar is suddenly detected as a …","S Abrecht, A Hirsch, S Raafatnia, ...",2024,,Google Scholar,yes,,https://ieeexplore.ieee.org/abstract/document/10599385/,ieeexplore.ieee.org,27
College music education and teaching based on AI techniques,"… Using artificial intelligence in the classroom is a challenge … The use of artificial intelligence in music education breached … ratio of 95.3%, teaching performance analysis ratio of 90.7%, …","J Wei, M Karuppiah, A Prathik",2022,,Google Scholar,yes,,https://www.sciencedirect.com/science/article/pii/S0045790622001434,Elsevier,139
Show and Listen: Generating Music Based on Images using Machine Learning,"… Inspired by image captioning using machine learning, the … , a subjective and objective evaluation was conducted and the … 5 tracks: bass, drums, guitar, piano and strings. The models …","N Mendis, R Bandara",2022,,Google Scholar,no,Contém palavra-chave de exclusão: piano,https://ieeexplore.ieee.org/abstract/document/10024066/,ieeexplore.ieee.org,4
Deep learning for automatic mixing,… The promise of deep learning … A deep learning approach to intelligent drum mixing with the Wave-U-Net … A deep learning approach to intelligent drum mixing with the Wave-U-Net …,"CJ Steinmetz, SS Vanka, ...",2022,,Google Scholar,yes,,https://www.christiansteinmetz.com/s/MDX_Workshop_at_ISMIR_Deep_learning_for_automatic_mixing.pdf,christiansteinmetz.com,11
Design of music training assistant system based on artificial intelligence,"… guitar, … feedback technology to music recommendation system [12], in order to treat the context information of music tracks as auxiliary information to compensate for implicit feedback, …","H Zhihan, Y Liang, T Jin",2022,,Google Scholar,yes,,https://pdfs.semanticscholar.org/b62d/84c2f0dfe1b3538a215edc5b11e1fcfc0efd.pdf,pdfs.semanticscholar.org,10
Reflexions upon Feedback.,"… ’s guitar, to the systems design of David Tudor or Nic Collins, we find the origins of feedback … This is part of the interaction and interface design, and the addition of machine learning and …","T Magnusson, C Kiefer, H Ulfarsson",2022,,Google Scholar,yes,,http://users.sussex.ac.uk/~thm21/thor/pdfs/Magnusson_NIME2022.pdf,users.sussex.ac.uk,20
Overview: Machine learning for segmentation and classification of complex steel microstructures,… what to measure and included labor-intensive manual evaluation. Recent advancements in artificial intelligence (AI) and machine learning (ML) offer exciting new approaches to …,"M Müller, M Stiefel, BI Bachmann, D Britz, F Mücklich",2024,,Google Scholar,yes,,https://www.mdpi.com/2075-4701/14/5/553,mdpi.com,23
Towards automatic instrumentation by learning to separate parts in symbolic multitrack music,"… For example, in pop music, guitar and piano tend to play … In view of recent advances in machine learning, we propose to … We conduct an extensive empirical evaluation showing the …","HW Dong, C Donahue, T Berg-Kirkpatrick, ...",2021,,Google Scholar,no,Contém palavra-chave de exclusão: piano,https://arxiv.org/abs/2107.05916,arxiv.org,10
Recent advances and trends in multimodal deep learning: A review,"… deep learning applications has been provided. A fine-grained taxonomy of various multimodal deep learning … are also discussed, along with their evaluation metrics. Last, main issues …","J Summaira, X Li, AM Shoib, S Li, J Abdul",2021,,Google Scholar,yes,,https://arxiv.org/abs/2105.11087,arxiv.org,125
3D Image Annotation using Deep Learning and View-based Image Features,… -label classification machine-learning algorithm is employed to … 2 illustrates the expansion of Guitar and Piano classes to seven … Various evaluation metrics may be used to evaluate the …,"M Hosseinnia, A Behrad",2023,,Google Scholar,no,Contém palavra-chave de exclusão: piano,https://ieeexplore.ieee.org/abstract/document/10147190/,ieeexplore.ieee.org,1
Deep learning for identification of water deficits in sugarcane based on thermal images,"… In this context, machine learning techniques are crucial tools … In this work, a method for the evaluation of thermal images of … is a kind of a deep learning model combined with the transfer …","LL de Melo, VGML de Melo, PAA Marques, ...",2022,,Google Scholar,yes,,https://www.sciencedirect.com/science/article/pii/S0378377422003675,Elsevier,46
Simultaneous separation and transcription of mixtures with multiple polyphonic and percussive instruments,"… We present a single deep learning architecture that can both … a subset of the sources (eg piano, guitar, bass) in the mixture, and … For evaluation, we binarized the network’s transcriptions …","E Manilow, P Seetharaman, ...",2020,,Google Scholar,no,Contém palavra-chave de exclusão: piano,https://ieeexplore.ieee.org/abstract/document/9054340/,ieeexplore.ieee.org,70
Harmonics based representation in clarinet tone quality evaluation,… Music tone quality evaluation is generally performed by experts. It could be subjective and … and the tone quality is classified by machine learning. The results show that our new method …,"Y Wang, X Guan, Y Du, N Nan",2020,,Google Scholar,yes,,https://ieeexplore.ieee.org/abstract/document/9054020/,ieeexplore.ieee.org,2
Deep Learning for Music: A Systematic Literature Review,"… architecture and the LSTM RNN deep learning architecture using datasets such as Acoustic guitar, bass drum, cello, clarinet, double bass, flute, hi-hat, etc. The results given are that the …","DK Kurniawan, GR Alexander, ...",2023,,Google Scholar,no,Contém palavra-chave de exclusão: cello,https://ieeexplore.ieee.org/abstract/document/10278072/,ieeexplore.ieee.org,3
"Artificial Intelligence in Music, Sound, Art and Design: 11th International Conference, EvoMUSART 2022, Held as Part of EvoStar 2022, Madrid, Spain, April …","… 1970s, the use of artificial intelligence for the development of … who are using artificial intelligence techniques for artistic … EvoMUSART continued to provide useful feedback to authors…","T Martins, N Rodríguez-Fernández, SM Rebelo",2022,,Google Scholar,yes,,https://books.google.com/books?hl=en&lr=&id=6e5qEAAAQBAJ&oi=fnd&pg=PR5&dq=guitar%7C%22electric+guitar%22+%22artificial+intelligence%22%7C%22machine+learning%22%7C%22deep+learning%22%7C%22audio+analysis%22+feedback%7C%22performance+analysis%22%7Cevaluation%7Cexpressivity&ots=BoG_8lR-9q&sig=cz_Bb8MBJ-V5PEM1uYRHvaDZGfM,books.google.com,9
Chai: Interactive ai tools in chuck,"… a collection of interactive machine learning tools for the ChucK … As a holistic evaluation of ChAI as a tool, we present several … gestures as control mechanisms for guitar effects, traditional …","Y Li, G Wang",2024,,Google Scholar,yes,,https://ccrma.stanford.edu/~ge/publish/files/2024-nime-chai.pdf,ccrma.stanford.edu,5
The song describer dataset: a corpus of audio captions for music-and-language evaluation,"… This is a chill folk song with a simple rythm and acoustic guitar, good for a slow morning of … The primary use case for the dataset is the evaluation of machine learning models on tasks …","I Manco, B Weck, S Doh, M Won, Y Zhang, ...",2023,,Google Scholar,yes,,https://arxiv.org/abs/2311.10057,arxiv.org,61
Analysis of the regulatory development cryptocurrencies for trading in business with deep learning techniques,… guitar and are exposed to advertisements for guitar… evaluation and technical evaluation because of the implications it may have. This project will utilize a wide range of machine learning …,"UN Dulhare, S Rasool, MN Khan, B Pant, ...",2022,,Google Scholar,yes,,https://ieeexplore.ieee.org/abstract/document/9987953/,ieeexplore.ieee.org,27
Machine learning for middle-schoolers: Children as designers of machine-learning apps,"… an important feedback loop, as the students could receive immediate feedback on the … Hanna: It doesn't have enough data, for example, about the piano or the guitar, or it has too …","H Vartiainen, T Toivonen, I Jormanainen, ...",2020,,Google Scholar,no,Contém palavra-chave de exclusão: piano,https://ieeexplore.ieee.org/abstract/document/9273981/,ieeexplore.ieee.org,58
Classification of EEG signals using Transformer based deep learning and ensemble models,"… Recently, deep learning-based Transformer models have demonstrated significant potential … model by combining the benefits of both deep learning models and ensemble learning. The …","M Zeynali, H Seyedarabi, R Afrouzian",2023,,Google Scholar,yes,,https://www.sciencedirect.com/science/article/pii/S1746809423005633,Elsevier,67
Leveraging deep learning model for image caption generation for scenes description,"… standard databases that are used in evaluation of deep learning models, section III presents … man in red and black black shirt is playing guitar” respectively. This shows that the caprions …","VG Biradar, G Mukund, S Agarwal, ...",2023,,Google Scholar,yes,,https://ieeexplore.ieee.org/abstract/document/10393602/,ieeexplore.ieee.org,13
Self-learning artificial intelligence voice response based on user behavior during interaction,… the correctly played guitar bane chord 600 can be learned by the machine learning … a chord diagram 602 corresponding to the correctly played guitar barre chord 600 can also …,"S KWATRA, SK Rakshit, JR Fox",2022,,Google Scholar,no,Contém palavra-chave de exclusão: voice,https://patents.google.com/patent/US11500660B2/en,Google Patents,4
Machine learning for middle schoolers: Learning through data-driven design,… children is growing up with machine learning (ML) systems that … makers of their own machine learning applications. It presents a … and software designers in the age of machine learning. …,"H Vartiainen, T Toivonen, I Jormanainen, ...",2021,,Google Scholar,yes,,https://www.sciencedirect.com/science/article/pii/S2212868921000222,Elsevier,137
Artist comprehensive ability evaluation and cultivation assistant system based on artificial intelligence,"… the present invention relates to the field of artist evaluation and cultivation based on artificial intelligence, in particular to an artist comprehensive ability evaluation and cultivation …",Z Hu,2020,,Google Scholar,yes,,https://patents.google.com/patent/US20200250511A1/en,Google Patents,7
Unaligned supervision for automatic music transcription in the wild,"… For guitar training data in Table 4 we use the self-collected ∼ 5 … &Evaluation For quantitative evaluation, we use the 11 instrument classes of MusicNet, with the addition of the guitar (…","B Maman, AH Bermano",2022,,Google Scholar,no,Relacionado a guitarra/aprendizado mas não menciona IA/ML,https://proceedings.mlr.press/v162/maman22a.html,proceedings.mlr.press,43
A more practical approach to machine unlearning,"… Our empirical evaluation confirms that first-epoch gradient ascent … Machine learning models are often trained on vast amounts of data, … Dave is working on building a custom guitar. 16 …",D Zagardo,2024,,Google Scholar,yes,,https://arxiv.org/abs/2406.09391,arxiv.org,4
The living looper: Rethinking the musical loop as a machine action-perception loop,… We explore machine learning algorithms in a similar way. In … Though we focused on a Living Looper for electric guitar in this … We elicited design feedback from musicians and began to …,"V Shepardson, T Magnusson",2023,,Google Scholar,yes,,https://www.nime.org/proceedings/2023/nime2023_32.pdf,nime.org,10
Evolution and reproducibility of simulation modeling in epidemiology and health policy over half a century,"… the 100 sampled articles satisfied the 26 evaluation criteria. Of the 26 … the raw evaluation data for replication and extensions. … Finally, using our data set, machine-learning methods may …","MS Jalali, C DiGennaro, A Guitar, K Lew, ...",2021,,Google Scholar,no,Relacionado a guitarra/aprendizado mas não menciona IA/ML,https://academic.oup.com/epirev/article-abstract/43/1/166/6368046,academic.oup.com,40
Differentiable signal processing with black-box audio effects,"… To do so, we present 1) a deep learning architecture in … the attack and decay of the guitar note to emulate the nonlinear … We show quantitative evaluation in Table 1, including number of …","MAM Ramírez, O Wang, P Smaragdis, ...",2021,,Google Scholar,yes,,https://ieeexplore.ieee.org/abstract/document/9415103/,ieeexplore.ieee.org,54
Hear: Holistic evaluation of audio representations,"… port good machine learning. And robust evaluation enables general representations. Broad … semantic objects (eg, cat vs dog or guitar vs piano) but are pitch agnostic. Interestingly, …","J Turian, J Shier, HR Khan, B Raj, ...",2022,,Google Scholar,no,Contém palavra-chave de exclusão: piano,https://proceedings.mlr.press/v176/turian22a.html,proceedings.mlr.press,159
Automatic Classification of Playing Techniques in Guitar Pro Songs,"… expressivity to the song. An example is shown in figure 1.1, which demonstrates a two-track … Additionally, it gives a brief introduction to audio features and machine learning classifiers, …",J Wang,2022,,Google Scholar,yes,,https://search.proquest.com/openview/1fb23bb74c6f902f34772192cc41f8ef/1?pq-origsite=gscholar&cbl=18750&diss=y,search.proquest.com,2
Rhythm Guitar Tablature Continuation from Chord Progression and Tablature Prompt,"… Instead of generating rhythm guitar tabs directly, we suggest splitting the problem … machine learning model [2] to more advanced endto-end transformer models [3, 4]. This evaluation will …","A D'Hooge, L Bigo, K Déguernel",2023,,Google Scholar,yes,,https://hal.science/hal-04575319/,hal.science,2
Tailorscore: Application of innovative teaching and artificial intelligence to encourage creativity,"… paper, classical guitar lessons in primary … artificial intelligence environment, algorithms can continuously iterate and provide personalized learning to students based on their feedback …","M Kučić, L Luić",2023,,Google Scholar,yes,,https://library.iated.org/view/KUCIC2023TAI,library.iated.org,4
Automatic Identification of Guitar Types from Prerecorded Audio.,"… machine learning experiY ments using the MFCC vector sequences extracted from the guitar … Evaluation and classification of steel string guitars using bridge admittances, IsmAГ14, Le …","L Ivanov, J Dunn",2020,,Google Scholar,yes,,https://cdn.aaai.org/ocs/18453/18453-79393-1-PB.pdf,cdn.aaai.org,3
Shaping the behaviour of feedback instruments with complexity-controlled gain dynamics,… audio analysis to show the functional impact of the system on the acoustic response of the instruments to recursive feedback. … Feedback control in an actuated acoustic guitar using …,"C Kiefer, D Overholt, A Eldridge",2020,,Google Scholar,no,Relacionado a guitarra/aprendizado mas não menciona IA/ML,https://vbn.aau.dk/en/publications/shaping-the-behaviour-of-feedback-instruments-with-complexity-con,vbn.aau.dk,20
Embedded ai for nime: Challenges and opportunities,"… of machine learning or symbolic artificial intelligence (AI) … I also have an interest in all guitar-related technologies and … of improv-duo Feedback Cell, and with the feedback-drone-…","T Pelinski, V Shepardson, S Symons, FS Caspe, ...",2022,,Google Scholar,yes,,https://qmro.qmul.ac.uk/xmlui/bitstream/handle/123456789/80140/Pelinski%20Embedded%20AI%20for%20NIME%202022%20Published.pdf?sequence=2,qmro.qmul.ac.uk,18
Two-stage holistic and contrastive explanation of image classification,… Evaluation Metrics: We propose two quantitative metrics to evaluate the contrastive … of an image that include the electric guitar and acoustic guitar among the top predicted classes. …,"W Xie, XH Li, Z Lin, LKM Poon, ...",2023,,Google Scholar,no,Relacionado a guitarra/aprendizado mas não menciona IA/ML,https://proceedings.mlr.press/v216/xie23a.html,proceedings.mlr.press,6
Review study of interpretation methods for future interpretable machine learning,"… a guitar), the Anchors method highlights not only the part of the image which contains the guitar … for the evaluation of interpretability: Application-level evaluation (real task); Human-level …","JX Mi, AD Li, LF Zhou",2020,,Google Scholar,yes,,https://ieeexplore.ieee.org/abstract/document/9234594/,ieeexplore.ieee.org,171
Detection of tactile feedback on touch-screen devices using eeg data,"… evaluation of the user haptic experience by directly measuring brain activities via EEG devices. In this study, we employed a Machine Learning … task by touching a virtual guitar lines on a …","H Alsuradi, C Pawar, W Park, ...",2020,,Google Scholar,yes,,https://ieeexplore.ieee.org/abstract/document/9086297/,ieeexplore.ieee.org,19
Human Action recognition using deep learning methods,"… In deep learning, performance analysis and validation play a critical role to compare the performance of models using different metrics and to validate the model performance…","M Shrestha, SP Pandey",2023,,Google Scholar,yes,,http://conference.ioe.edu.np/publications/ioegc14/IOEGC-14-045-C3-2-795.pdf,conference.ioe.edu.np,5
Highly Efficient Machine Learning Approach for Automatic Disease and Color Classification of Olive Fruits,… The results of proposed fruit extraction were reviewed using different evaluation methods. … reviewed using different evaluation methods (machine learning and deep learning algorithms)…,"NMH Hassan, AA Donkol, MM Mabrook, ...",2024,,Google Scholar,yes,,https://ieeexplore.ieee.org/abstract/document/10419345/,ieeexplore.ieee.org,6
Global Hyperorgan: a platform for telematic musicking and research,"… In this study, input from a MIDI guitar was … feedback to the artificial agent through a reinforcement learning procedure called Assisted Interactive Machine Learning (AIML) [10]. After a …","R Harlow, M Petersson, R Ek, F Visi, S Östersjö",2021,,Google Scholar,yes,,https://scholarworks.uni.edu/facpub/6488/,scholarworks.uni.edu,13
Dplm: A deep perceptual spatial-audio localization metric,"… Sound-quality evaluation tests are critical because they … algorithms are machine learning (or deep learning) driven and … using speech, pink noise and guitar sounds for stimuli. We have …","P Manocha, A Kumar, B Xu, A Menon, ...",2021,,Google Scholar,yes,,https://ieeexplore.ieee.org/abstract/document/9632781/,ieeexplore.ieee.org,18
A deep learning approach to intelligent drum mixing with the Wave-U-Net,"… machine learning approach, presented in Section 2.2. Section 2.3 presents the dataset that we will use for training and evaluation of … -time guitar amplifier emulation with deep learning,” …","M Martinez Ramirez, D Stoller, ...",2021,,Google Scholar,yes,,https://pearl.plymouth.ac.uk/secam-research/1841/,pearl.plymouth.ac.uk,34
A comparison study of deep learning methodologies for music emotion recognition,"… To ensure that the synthesized samples do not distort the evaluation of the model, we first … sample is used for evaluation and preserves the viability of the evaluation metrics. With this …","PL Louro, H Redinho, R Malheiro, RP Paiva, R Panda",2024,,Google Scholar,yes,,https://www.mdpi.com/1424-8220/24/7/2201,mdpi.com,19
"Artificial Intelligence in Music, Sound, Art and Design: 12th International Conference, EvoMUSART 2023, Held as Part of EvoStar 2023, Brno, Czech Republic …",… the multi-track tablature editing software Guitar Pro. A Guitar Pro formatted song is first converted … Our statistical evaluation showed a significant effect of generation type on all four Likert …,"C Johnson, N Rodríguez-Fernández, SM Rebelo",2023,,Google Scholar,yes,,https://books.google.com/books?hl=en&lr=&id=TyG3EAAAQBAJ&oi=fnd&pg=PR5&dq=guitar%7C%22electric+guitar%22+%22artificial+intelligence%22%7C%22machine+learning%22%7C%22deep+learning%22%7C%22audio+analysis%22+feedback%7C%22performance+analysis%22%7Cevaluation%7Cexpressivity&ots=Vf699dIU3P&sig=jlSocDoXnBuyUbZsuT2fFaNqToc,books.google.com,5
A picture is worth 500 labels: A case study of demographic disparities in local machine learning models for Instagram and TikTok,… Our evaluation reveals that age prediction fails drastically for individuals below 19 and that gender prediction is problematic for black individuals. The detailed results are in Section 5. …,"J West, L Thiemt, S Ahmed, M Bartig, ...",2024,,Google Scholar,yes,,https://ieeexplore.ieee.org/abstract/document/10646743/,ieeexplore.ieee.org,5
Music Genre Classification using Machine Learning A Comparative Study,"… But if you play a guitar string, you’ll hear many different tones because each note contains … Each model was validated by performing three repeated 10fold cross-evaluation. These …","S Poonia, C Verma, N Malik",2022,,Google Scholar,yes,,https://journalskart.com/journals/iitm/article/view/452,journalskart.com,6
Deep Learning vs. Traditional MIR: a Case Study on Musical Instrument Playing Technique Detection,"… , and performance analysis. For example, authors of [6] proposed a transcription system for electronic guitar, which transcribes both the notes and performance technique symbols. …","Z Wang, J Li, X Chen, Z Li, S Zhang, B Han, D Yang",2020,,Google Scholar,no,Contém palavra-chave de exclusão: mir,https://www.researchgate.net/profile/Bruna-Wundervald/publication/344332747_Feature_Engineering_for_Genre_Characterization_in_Brazilian_Music/links/5f68fc39299bf1b53ee96f7f/Feature-Engineering-for-Genre-Characterization-in-Brazilian-Music.pdf#page=7,researchgate.net,1
Artificial intelligence techniques for pop music creation: A real music production perspective,"… 5 tracks: bass, drums, guitar, piano and strings. The … evaluation methodologies for music generation techniques is critical. Current approaches often rely on subjective human evaluation, …","N Zhang, J Yan, JP Briot",2023,,Google Scholar,no,Contém palavra-chave de exclusão: piano,https://hal.science/hal-04363458/,hal.science,11
Neural modeling of phaser and flanging effects,… The use of neural networks and deep learning has recently … Feedback comb filters can also be used to create a flanging … the IDMT-SMTGuitar database [32] for guitar transcription and 4 …,"A Wright, V Valimaki",2021,,Google Scholar,yes,,https://www.research.ed.ac.uk/en/publications/neural-modeling-of-phaser-and-flanging-effects,research.ed.ac.uk,26
Automatic image annotation based on deep learning models: a systematic review and future challenges,"… method was conducted, focusing more on deep learning models. Automatic image annotation (AIA) … Moreover, the evaluation metrics used to evaluate AIA methods were reviewed and …","MM Adnan, MSM Rahim, A Rehman, Z Mehmood, ...",2021,,Google Scholar,yes,,https://ieeexplore.ieee.org/abstract/document/9386110/,ieeexplore.ieee.org,82
Bubblex: An explainable deep learning framework for point-cloud classification,"… In Section IV, an extensive comparative evaluation of our approach with respect to the stateof-… 5) Cluster 5 contains objects of the Guitar class and two intruder objects of the Keyboard …","F Matrone, M Paolanti, A Felicetti, ...",2022,,Google Scholar,yes,,https://ieeexplore.ieee.org/abstract/document/9846966/,ieeexplore.ieee.org,25
Machine learning in chemical product engineering: the state of the art and a guide for newcomers,"… In recent years, artificial intelligence (AI) and machine learning (ML) methods have gained … sensory evaluation has been made in an attempt to replace the subjective sensory evaluation …","C Trinh, D Meimaroglou, S Hoppe",2021,,Google Scholar,yes,,https://www.mdpi.com/2227-9717/9/8/1456,mdpi.com,58
Utilizing OpenAI's GPT-4 for written feedback,"… evaluation of how well this technology fits the teacher's needs in providing feedback, and an evaluation of how well it provides useful feedback to students in order to meet their needs. …","M Carlson, A Pack, J Escalante",2023,,Google Scholar,no,Relacionado a guitarra/aprendizado mas não menciona IA/ML,https://akademi.mindengineers.co/wp-content/uploads/2024/02/TESOL-Journal-2023-Carlson-Utilizing-OpenAI-s-GPT%E2%80%904-for-written-feedback.pdf,akademi.mindengineers.co,57
Real-Time Emotion-Based piano music generation using generative adversarial network (GAN),"… , guitar etc.), separately. Most of the research done for piano music production are based on deep learning … Evaluation Methods: To have a more complete evaluation, we employ more …","L Zheng, C Li",2024,,Google Scholar,no,Contém palavra-chave de exclusão: piano,https://ieeexplore.ieee.org/abstract/document/10557596/,ieeexplore.ieee.org,15
Multi-modal music information retrieval: Augmenting audio-analysis with visual computing for improved music video analysis,"… to artifacts of the production process and that the evaluation methods applied are inappropriate [279, 295]. From a machine learning point of view it seems counterproductive to neglect …",A Schindler,2020,,Google Scholar,no,Contém palavra-chave de exclusão: music information retrieval,https://arxiv.org/abs/2002.00251,arxiv.org,14
"Artificial Intelligence, Humanness, and Nonverbal Sociality","… refining the system's design through feedback from relevant human … We decide to try another piece with Maxine on guitar. At … In the midst of this, Maxine plays intermittent mangled guitar …",R Banerji,2023,,Google Scholar,yes,,https://www.berghahnjournals.com/view/journals/aia/30/3/aia300306.xml,berghahnjournals.com,2
Detecting and classifying musical instruments with convolutional neural networks,"… While our model still exhibits some overfitting, we felt that we had reduced it to an acceptable level that would still make for a decent machine learning model. 6 Evaluation …","DS Hing, CJ Settle",2021,,Google Scholar,yes,,https://www.academia.edu/download/84082926/70770755.pdf,academia.edu,4
Vggsound: A large-scale audio-visual dataset,"… More recently, the success of deep learning has motivated approaches … ‘electric guitar’ is visually recognizable as it is generally possible to visually recognize someone playing a guitar, …","H Chen, W Xie, A Vedaldi, ...",2020,,Google Scholar,yes,,https://ieeexplore.ieee.org/abstract/document/9053174/,ieeexplore.ieee.org,916
Predicting song genre with deep learning,"… and evaluation of various machine and deep learning … Rock music is recognizable by the electric guitar, drums and … proposing various machine and deep learning models for classifying …","A Marijić, M Bagić Babac",2025,,Google Scholar,no,Contém palavra-chave de exclusão: drums,https://www.emerald.com/gkmc/article/74/1-2/93/1239542,emerald.com,12
Supervised deep learning techniques for image description: A systematic review,"… In this section, we first outline three deep learning algorithms … This architecture is based on deep learning methods for … reviewed in this article use more than one evaluation metric. …","M López-Sánchez, B Hernández-Ocaña, ...",2023,,Google Scholar,yes,,https://www.mdpi.com/1099-4300/25/4/553,mdpi.com,11
"BioPoint: Enhancing Human-Computer Interaction through Single-Site, Multi-Sensor Gesture Recognition","… interaction (HCI) and machine learning are seen as key … online evaluation environment inspired by “Guitar Hero.” “Myo … systems, enhancing the evaluation process’s appeal and …","X Isabel, E Campbell, L Olivier, G Gagné, ...",2024,,Google Scholar,yes,,https://ieeexplore.ieee.org/abstract/document/10781656/,ieeexplore.ieee.org,3
Federated deep learning for heterogeneous edge computing,"… More formally, it is a machine learning technique where a … For example, a person who can play guitar can learn faster to play … followed by the performance evaluation of the experiment. …","KM Ahmed, A Imteaj, MH Amini",2021,,Google Scholar,yes,,https://ieeexplore.ieee.org/abstract/document/9680096/,ieeexplore.ieee.org,62
Multisensory plucked instrument modeling in Unity3D: From Keytar to accurate string prototyping,"… guitar simulation mockup developed with Unity3D that provides auditory, visual, and haptic feedback … plucked string interfaces or training machine learning algorithms with data about …","F Fontana, R Paisa, R Ranon, S Serafin",2020,,Google Scholar,yes,,https://www.mdpi.com/2076-3417/10/4/1452,mdpi.com,14
Attention-based hybrid deep learning network for human activity recognition using WiFi channel state information,"… Furthermore, we perform a comparative evaluation by assessing the performance of five baseline deep learning models (CNN, LSTM, BiLSTM, GRU, and BiGRU), along with other …","S Mekruksavanich, W Phaphan, N Hnoohom, ...",2023,,Google Scholar,yes,,https://www.mdpi.com/2076-3417/13/15/8884,mdpi.com,40
Applications of computational intelligence in computer music composition,"… Bass Guitar tracks generator that utilize deep learning. This … Music evaluation metrics require researchers to acquire music … evaluation, we refer the interested reader to their articles. …","NN Siphocly, ABM Salem, ...",2021,,Google Scholar,no,Contém palavra-chave de exclusão: composition,https://ijicis.journals.ekb.eg/article_156586.html,ijicis.journals.ekb.eg,15
System and method for generating emoji mashups with machine learning,… the guitar emoji 504 and star emoji 506 were presented in response to high data points that may have been determined from the initial training by the machine learning … and feedback is …,"T Woo, WT Kuo, V Komma",2020,,Google Scholar,yes,,https://patents.google.com/patent/US10593087B2/en,Google Patents,30
Deep learning for audio effects modeling,"… we conduct a perceptual evaluation experiment and we also … instruments such as electric guitar, bass guitar, electric piano … , tube amplifiers and guitar pickup emulators. These effects …",MA Martínez Ramírez,2021,,Google Scholar,no,Contém palavra-chave de exclusão: piano,https://qmro.qmul.ac.uk/jspui/handle/123456789/70758,qmro.qmul.ac.uk,5
MuseFlow: music accompaniment generation based on flow,"… deep learning model, the flow model, to generate music accompaniment including drums, guitar… In our evaluation, we calculated the pitch histogram and note duration histogram metrics …","F Ding, Y Cui",2023,,Google Scholar,no,Contém palavra-chave de exclusão: drums,https://search.proquest.com/openview/b8ae04cefb9724a2c7bed86d372d652e/1?pq-origsite=gscholar&cbl=326365,search.proquest.com,12
A Black Box Modeling Technique for Distortion Stomp Boxes Using LSTM Neural Networks,"… For the evaluation after the training process, we simulated the output signal for each stomp box by using the LSTM neural network with clean guitar sound as its input signal. The input …","Y Matsunaga, A Naofumi, Y Dobashi, ...",2020,,Google Scholar,yes,,https://ieeexplore.ieee.org/abstract/document/9065277/,ieeexplore.ieee.org,2
Evaluation of Timbre-Based Control of a Parametric Synthesizer,"… to music making, thus a number of machine learning systems have been proposed to replace … guitar was like the first electric instrument I played so like I was like, “oh, it's like a guitar …","J Gregorio, YE Kim",2021,,Google Scholar,yes,,https://www.researchgate.net/profile/Youngmoo-Kim-2/publication/353365264_Evaluation_of_Timbre-Based_Control_of_a_Parametric_Synthesizer/links/65045eedca19e8355c94123b/Evaluation-of-Timbre-Based-Control-of-a-Parametric-Synthesizer.pdf,researchgate.net,5
Resampling filter design for multirate neural audio effect processing,"… Thank you to the anonymous reviewers for their feedback on this article. … analog modelling of guitar amplifiers and other audio effects, and machine learning for audio applications. …","A Carson, V Välimäki, A Wright, ...",2025,,Google Scholar,yes,,https://ieeexplore.ieee.org/abstract/document/11023200/,ieeexplore.ieee.org,8
Original music generation using recurrent neural networks with self-attention,"… We provide a systematic evaluation of state-of-the-art models used in generative deep learning … For instance, a sample can have the piano and guitar combo. Each musical instrument …","A Jagannathan, B Chandrasekaran, ...",2022,,Google Scholar,no,Contém palavra-chave de exclusão: piano,https://ieeexplore.ieee.org/abstract/document/9898140/,ieeexplore.ieee.org,6
An introduction to audio content analysis: Music Information Retrieval tasks and applications,"… signal processing and machine learning approaches can be … audio signal processing and machine learning, showing how … Inspired by the feedback received from readers of the first …",A Lerch,2022,,Google Scholar,no,Contém palavra-chave de exclusão: music information retrieval,https://books.google.com/books?hl=en&lr=&id=J46dEAAAQBAJ&oi=fnd&pg=PR17&dq=guitar%7C%22electric+guitar%22+%22artificial+intelligence%22%7C%22machine+learning%22%7C%22deep+learning%22%7C%22audio+analysis%22+feedback%7C%22performance+analysis%22%7Cevaluation%7Cexpressivity&ots=ip3Z3XmRzE&sig=Djpy4Ifx6EjpSx7vqDFNwKljOrA,books.google.com,84
Differentiable white-box virtual analog modeling,"… on the use of standard deep-learning architectures, such as … into a larger deep learning-based guitar amplifier modeling system… filter with clipping diodes in the feedback loop. In order to …","F Esqueda, B Kuznetsov, ...",2021,,Google Scholar,yes,,https://ieeexplore.ieee.org/abstract/document/9768272/,ieeexplore.ieee.org,38
Point cloud deep learning network based on local domain multi-level feature,"… evaluation … guitar by the PointNet and DGCNN methods. Although the RS-CNN and proposed method keep a few points on the head that do not belong to this part, the head of the guitar …","X Han, X Chen, H Deng, P Wan, J Li",2023,,Google Scholar,yes,,https://www.mdpi.com/2076-3417/13/19/10804,mdpi.com,4
Automatic Music Synthesis using Neural Networks and Machine Learning Techniques,"… inevitable inclusion of Artificial Intelligence into our everyday … of the procedure that an Artificial Intelligence model follows in … conducted in the context of subjective evaluation. In this way, …",DN Charitou,2023,,Google Scholar,no,Contém palavra-chave de exclusão: synthesis,https://dspace.lib.ntua.gr/xmlui/bitstream/handle/123456789/56926/Charitou_Thesis_Final.pdf?sequence=1,dspace.lib.ntua.gr,2
Explainable machine learning for predicting the mechanical properties in bainitic steels,"… In this study, we use a machine learning approach to correlate the most important morphological features, retrieved from segmented Martensite-Austenite (M−A) islands in microscopy …","M Ackermann, D Iren, Y Yao",2023,,Google Scholar,yes,,https://www.sciencedirect.com/science/article/pii/S0264127523003611,Elsevier,16
Seabed classification using physics-based modeling and machine learning,"… This enhances the training of machine learning models, as well as the evaluation of the … Our results indicate the promise of machine learning and deep learning for the difficult problem …","C Frederick, S Villar, ZH Michalopoulou",2020,,Google Scholar,yes,,https://pubs.aip.org/asa/jasa/article/148/2/859/959129,pubs.aip.org,67
Analysis of explainers of black box deep neural networks for computer vision: A survey,Deep Learning is a state-of-the-art technique to make inference on extensive or complex … Explainers try to give insight into the inner structure of machine learning black boxes by …,"V Buhrmester, D Münch, M Arens",2021,,Google Scholar,yes,,https://www.mdpi.com/2504-4990/3/4/48,mdpi.com,598
Grey-box modelling of dynamic range compression,… signal processing techniques and machine learning. The main … applied to guitar amplifiers and distortion effects [23]. It con- … Future work should involve subjective evaluation so that the …,"A Wright, V Valimaki",2022,,Google Scholar,yes,,https://www.research.ed.ac.uk/en/publications/grey-box-modelling-of-dynamic-range-compression,research.ed.ac.uk,31
Machine learning: hands-on for developers and technical professionals,… “Jason Bell learned to play bass guitar on Saturday afternoons while pretending to work in a … With the use of alphabeta evaluation pruning (eliminating nodes that do not need evaluating…,J Bell,2020,,Google Scholar,yes,,https://books.google.com/books?hl=en&lr=&id=-p_ODwAAQBAJ&oi=fnd&pg=PR27&dq=guitar%7C%22electric+guitar%22+%22artificial+intelligence%22%7C%22machine+learning%22%7C%22deep+learning%22%7C%22audio+analysis%22+feedback%7C%22performance+analysis%22%7Cevaluation%7Cexpressivity&ots=mMgwlpXaz5&sig=Cj7_eQqJl3WopQl2ESM8w04GqD4,books.google.com,649
From ChatGPT to CatGPT: The implications of artificial intelligence on library cataloging,"… Regular monitoring and evaluation of the model are necessary to detect any potential biases or … As with any machine learning model, though, there is a risk of bias that needs to be …",R Brzustowicz,2023,,Google Scholar,yes,,https://ital.corejournals.org/index.php/ital/article/view/16295,ital.corejournals.org,82
An artificial intelligence of things based method for early detection of bark beetle infested trees,"… our work on the design and evaluation of an Artificial intelligence of things (AIoT) based micro… , normally intended for DIX-electronics as an acoustic guitar-pickup4, which we encase in a …","P Knebel, C Appold, A Guldner, M Horbach, Y Juncker, ...",2022,,Google Scholar,yes,,https://dl.gi.de/items/af5790dc-f4c6-4918-8c82-0036396d337e,dl.gi.de,6
A multi-criteria evaluation framework for facial expression recognition models,"… evaluation that prioritizes the crucial aspect of explainable artificial intelligence (XAI). In … as a robust validation of the proposed evaluation criteria, further reinforcing our approach. …","A Mouakher, S Chatry, ...",2023,,Google Scholar,yes,,https://ieeexplore.ieee.org/abstract/document/10479285/,ieeexplore.ieee.org,3
Machine Learning Approaches for Musical Instrument Recognition using Distinctive Audio Features,"… work mainly focuses on classifying an instrument into the right category and neglects the difference between false positive and false negative, accuracy was chosen as the evaluation …","R Bhagyalakshmi, ...",2025,,Google Scholar,yes,,https://ieeexplore.ieee.org/abstract/document/10934658/,ieeexplore.ieee.org,1
Fusion mechanisms for human activity recognition using automated machine learning,… this is how the system knows that the object “guitar” points to the activity “playing the guitar”. … We also performed training and evaluation on videos from both datasets (…,"AC Popescu, I Mocanu, B Cramariuc",2020,,Google Scholar,yes,,https://ieeexplore.ieee.org/abstract/document/9153764/,ieeexplore.ieee.org,41
Reflexions upon feedback: A study of feedback musicianship terminology,"… ’s guitar, to the systems design of David Tudor or Nic Collins, we find the origins of feedback … This is part of the interaction and interface design, and the addition of machine learning and …","T Magnusson, C Kiefer, H Ulfarsson",2022,,Google Scholar,yes,,https://sussex.figshare.com/articles/conference_contribution/Reflexions_upon_feedback_a_study_of_feedback_musicianship_terminology/23488508,sussex.figshare.com,4
Accelerating business growth with big data and artificial intelligence,"… artificial intelligence and machine learning systems to display individualized and personalized advertisements. A person that is interested in guitar is … of machine learning, deep learning …","A Ghimire, S Thapa, AK Jha, ...",2020,,Google Scholar,yes,,https://ieeexplore.ieee.org/abstract/document/9243318/,ieeexplore.ieee.org,121
Depression detection from social media textual data using natural language processing and machine learning techniques,"… An alternative machine learning evaluation statistic called F1 score examines a model's … I can draw yes and play the guitar but I honestly feel like am stuck in the past, my taste in music …","AF Redoy, MA Hossain",2023,,Google Scholar,yes,,https://www.researchgate.net/profile/Farhan-Redoy/publication/373295255_Depression_Detection_From_Social_Media_Textual_Data_Using_Natural_Language_Processing_and_Machine_Learning_Techniques/links/64e500d30453074fbda78bf0/Depression-Detection-From-Social-Media-Textual-Data-Using-Natural-Language-Processing-and-Machine-Learning-Techniques.pdf,researchgate.net,2
Compact convolutional transformers for multiple predominant instrument recognition in polyphonic music,"… Most recent work has concentrated on sophisticated deep learning and transformer … To ensure a fair evaluation, we implemented a consistent experimental framework using …","CR Lekshmi, R Rajan",2024,,Google Scholar,yes,,https://ieeexplore.ieee.org/abstract/document/10860152/,ieeexplore.ieee.org,4
Deep Learning in Adaptive Learning: Educational Behavior and Strategy,"… Additionally, it can extract the tones of the instrument to construct a new digital music evaluation … The effectiveness of the evaluation model depends on the tone analysis algorithm. Thus, …","CC Chen, P Hung, E Eğrioğlu, KL Hsiao",2022,,Google Scholar,yes,,https://books.google.com/books?hl=en&lr=&id=okiJEAAAQBAJ&oi=fnd&pg=PP1&dq=guitar%7C%22electric+guitar%22+%22artificial+intelligence%22%7C%22machine+learning%22%7C%22deep+learning%22%7C%22audio+analysis%22+feedback%7C%22performance+analysis%22%7Cevaluation%7Cexpressivity&ots=XYJZaeLlQq&sig=1b8S8EfZHDpulKa153aJMaA5-IQ,books.google.com,4
Vision based dynamic thermal comfort control using fuzzy logic and deep learning,… The evaluation showed that the ATHB model performed well for naturally ventilated and air … Deep learning and fuzzy logic techniques are selected in this work because they can …,"M Al-Faris, J Chiverton, D Ndzi, AI Ahmed",2021,,Google Scholar,yes,,https://www.mdpi.com/2076-3417/11/10/4626,mdpi.com,22
Decoding human brain activity with deep learning,Decoding human brain activity with deep learning - ScienceDirect … Decoding human brain activity with deep learning …,"X Zheng, W Chen, M Li, T Zhang, Y You, ...",2020,,Google Scholar,yes,,https://www.sciencedirect.com/science/article/pii/S1746809419303118,Elsevier,55
Toward interactive music generation: A position paper,… in deep learning methods for music generation in the symbolic domain. We further outline different evaluation … Examples of single-track polyphony instruments are the piano and guitar. …,"S Dadman, BA Bremdal, B Bang, R Dalmo",2022,,Google Scholar,no,Contém palavra-chave de exclusão: piano,https://ieeexplore.ieee.org/abstract/document/9966445/,ieeexplore.ieee.org,18
A CSI-based human activity recognition using deep learning,"… We also perform a deep evaluation by implementing two other algorithms, including 1D-CNN and LSTM, and compare our results with four different models used for HAR, including …","PF Moshiri, R Shahbazian, M Nabati, SA Ghorashi",2021,,Google Scholar,yes,,https://www.mdpi.com/1424-8220/21/21/7225,mdpi.com,147
The use of artificial intelligence in the education of people with visual impairment,… is artificial intelligence. Research has shown that the effective application of artificial intelligence is … Evaluation and comparison of artificial intelligence vision aids: Orcam my eye 1 and …,"A Tsouktakou, A Hamouroudis, A Horti",2024,,Google Scholar,yes,,https://www.academia.edu/download/120666135/WJAETS_2024_0481_1_.pdf,academia.edu,14
Requirement formalisation using natural language processing and machine learning: A systematic review,"… • To evaluate the results of applying RF approaches to the evaluation cases, we provide tools to (i) compare the formalized models produced by an approach to manually constructed …","S Kolahdouz-Rahimi, K Lano, C Lin",2023,,Google Scholar,yes,,https://arxiv.org/abs/2303.13365,arxiv.org,21
Training spiking neural networks using lessons from deep learning,"… machine learning. To be fair, none of the authors can emulate the style of Shakespeare or write up musical guitar tabs … For example, feedback connections are observed in most places …","JK Eshraghian, M Ward, EO Neftci, ...",2023,,Google Scholar,yes,,https://ieeexplore.ieee.org/abstract/document/10242251/,ieeexplore.ieee.org,1011
Sentiment Analysis Using E-Commerce Review Keyword-Generated Image with a Hybrid Machine Learning-Based Model.,… The performance evaluation is presented by the confusion … We can also employ them to calculate the typical evaluation … an optimal scenario across various evaluation metrics. That is …,"J Li, Y Huang, Y Lu, L Wang, Y Ren, ...",2024,,Google Scholar,yes,,https://search.ebscohost.com/login.aspx?direct=true&profile=ehost&scope=site&authtype=crawler&jrnl=15462218&AN=178740951&h=PjUnLVmdO%2FizGy%2B0jM2XgW3jFGOkNWcOQDLoBqeA29GP0WvrCqPgd1MAauplZMQ79q2C%2FBm3rd%2BYc1z3tXA2Gw%3D%3D&crl=c,search.ebscohost.com,14
High-fidelity noise reduction with differentiable signal processing,… signal processing and deep learning approach that is … evaluation along with a subjective listening test and found that our proposed approach performed on par with strong deep learning …,"CJ Steinmetz, T Walther, JD Reiss",2023,,Google Scholar,yes,,https://arxiv.org/abs/2310.11364,arxiv.org,8
Predicting emotion from color present in images and video excerpts by machine learning,… in the feedback loop regarding the activity performed [4… it to the current emotional state in an affective feedback loop [5… The subject of the engineering thesis concerned the guitar sound …,"A Wędołowska, D Weber, B Kostek",2023,,Google Scholar,yes,,https://ieeexplore.ieee.org/abstract/document/10163789/,ieeexplore.ieee.org,13
Recognizing similar musical instruments with YOLO models,"… the fields of machine learning and artificial intelligence have … However, as can be seen in Figure 1, the designs of the guitar… a performance and provide feedback for improvement. Lastly, …","C Dewi, APS Chen, HJ Christanto",2023,,Google Scholar,yes,,https://www.mdpi.com/2504-2289/7/2/94,mdpi.com,23
Arabic music genre identification,… Different Machine Learning techniques are utilised to … This research presents an evaluation of machine learning … well as string instruments like the guitar and the charango. Going more …,"M Ahmed, S Fadel, ME Helal, ...",2024,,Google Scholar,yes,,https://uhra.herts.ac.uk/id/eprint/11148/,uhra.herts.ac.uk,1
Classification of heavy metal subgenres with machine learning,"… -evaluation concerning the application of machine learning for … Guitar solos are essential, while a wide range of electronic … enhanced by the electronic bass guitar, which performs a …",T Rönnberg,2020,,Google Scholar,yes,,https://www.doria.fi/handle/10024/176237,doria.fi,3
A deep learning framework for audio restoration using Convolutional/Deconvolutional Deep Autoencoders,… This paper shows how deep learning techniques are used to restore audio files that simulate situations of background noise and loss of signal. Its main distinguishing feature is the …,"A Nogales, S Donaher, A Garcia-Tejedor",2023,,Google Scholar,yes,,https://www.sciencedirect.com/science/article/pii/S0957417423010886,Elsevier,11
Automated corrosion detection using crowdsourced training for deep learning,… set was used for all classification accuracy evaluation. The AI model accuracy was reported as … Man marching with guitar in front of weathering steel; this image was voted to contain any …,"WT Nash, CJ Powell, T Drummond, N Birbilis",2020,,Google Scholar,yes,,https://content.ampp.org/corrosion/article/76/2/135/2036,content.ampp.org,58
Audio effect chain estimation and dry signal recovery from multi-effect-processed musical signals,"… Our experiments on guitar phrase recordings with various AFX chains demonstrate the validity of … For this evaluation, we need to determine the stop criteria (the threshold for M(s, u)). We …","O Take, K Watanabe, T Nakatsuka, T Cheng, ...",2024,,Google Scholar,no,Relacionado a guitarra/aprendizado mas não menciona IA/ML,https://staff.aist.go.jp/m.goto/PAPER/DAFX2024take.pdf,staff.aist.go.jp,9
Learning latent characteristics of data and models using item response theory,"… In this dissertation we introduce new methods for test set construction and model evaluation for the machine learning and natural language processing community. In addition, we …",JP Lalor,2024,,Google Scholar,yes,,https://scholarworks.umass.edu/items/2829bb9a-75ad-4f87-9d58-22b1b492036a,scholarworks.umass.edu,5
Dissecting the genre of Nigerian music with machine learning models,"… Highlife is played with guitar, horns, saxophone and trumpets. Apala is another music genre that originated in the 1930s among the Yorubas during the colonial era. It is played with …","SO Folorunso, SA Afolabi, AB Owodeyi",2022,,Google Scholar,yes,,https://www.sciencedirect.com/science/article/pii/S1319157821001762,Elsevier,30
Distortion audio effects: Learning how to recover the clean signal,… distortion audio effects applied to guitar tracks in music production… stress the usefulness of multiple evaluation metrics to assess … We include this model in our evaluation as a standard fre…,"J Imort, G Fabbro, MAM Ramírez, S Uhlich, ...",2022,,Google Scholar,no,Relacionado a guitarra/aprendizado mas não menciona IA/ML,https://arxiv.org/abs/2202.01664,arxiv.org,21
Fake news detection using deep learning: A systematic literature review,"… One person has no prior musical training, whereas the other plays the guitar and has a … The absence of benchmark datasets, evaluation metrics, and protocols makes it challenging …","MQ Alnabhan, P Branco",2024,,Google Scholar,yes,,https://ieeexplore.ieee.org/abstract/document/10614154/,ieeexplore.ieee.org,34
Efficient neural networks for real-time analog audio effect modeling,"… network and employ modern deep learning methods to learn … in the case of modeling guitar amplifiers and distortion effects… , build larger models with greater expressivity, and train for a …","CJ Steinmetz, JD Reiss",2021,,Google Scholar,yes,,https://www.researchgate.net/profile/Christian-Steinmetz-5/publication/349234676_Efficient_Neural_Networks_for_Real-time_Analog_Audio_Effect_Modeling/links/602ac38ca6fdcc37a82bffa0/Efficient-Neural-Networks-for-Real-time-Analog-Audio-Effect-Modeling.pdf,researchgate.net,36
Modeling plate and spring reverberation using a dsp-informed deep neural network,"… , we conduct a perceptual evaluation experiment and we also … We explore whether a deep learning architecture is able to … We use raw and plate reverb notes from the bass guitar …","MAM Ramírez, E Benetos, ...",2020,,Google Scholar,yes,,https://ieeexplore.ieee.org/abstract/document/9053093/,ieeexplore.ieee.org,15
Towards efficient modelling of string dynamics: A comparison of state space and koopman based deep learning methods,This paper presents an examination of State Space Models (SSM) and Koopman-based deep learning methods for modelling the dynamics of both linear and non-linear stiff strings. …,"R Diaz, CDLV Martin, M Sandler",2024,,Google Scholar,yes,,https://arxiv.org/abs/2408.16650,arxiv.org,5
"Signal processing using dictionaries, atoms, and deep learning: A common analysis-synthesis framework","… For instance, if a guitar performance is masked by white noise, then the algorithms will seek the sparsest representation in terms of guitar notes, ignoring the white noise that is …","C Zhang, M Van Der Baan",2022,,Google Scholar,no,Contém palavra-chave de exclusão: synthesis,https://ieeexplore.ieee.org/abstract/document/9737132/,ieeexplore.ieee.org,14
Towards zero-shot amplifier modeling: One-to-many amplifier modeling via tone embedding control,"… interest driven by advances in deep learning [1–9]. … our evaluation, we use not only two additional guitar amps not seen during training time, but also self-recorded audio signals of guitar …","YH Chen, YT Yeh, YC Cheng, JT Wu, YH Ho, ...",2024,,Google Scholar,yes,,https://arxiv.org/abs/2407.10646,arxiv.org,17
Moisesdb: A dataset for source separation beyond 4-stems,"… Section 4 introduces baseline performance evaluation … still be difficult to distinguish from “guitar” tracks if trained solely on … allows fast integration with machine learning libraries. Overall, …","I Pereira, F Araújo, F Korzeniowski, R Vogl",2023,,Google Scholar,yes,,https://arxiv.org/abs/2307.15913,arxiv.org,73
A novel method for sleep-stage classification based on sonification of sleep electroencephalogram signals using wavelet transform and recurrent neural network,… as a feedback tool for … Guitar and Kurdish Makam Database The rationality of musical structures is critical to the development of informative musical pieces when artificial intelligence …,"F Moradi, H Mohammadi, M Rezaei, P Sariaslani, ...",2020,,Google Scholar,yes,,https://karger.com/ene/article-abstract/83/5/468/126504,karger.com,30
A dimension space for the evaluation of accessible digital musical instruments,… [13] targeted hand-controlled guitar effects for live music and … to using interactive machine learning techniques in order for … in which various supervised machine learning approaches are …,"N Davanzo, F Avanzini",2020,,Google Scholar,yes,,https://air.unimi.it/handle/2434/774163,air.unimi.it,20
A robust hybrid neural network architecture for blind source separation of speech signals exploiting deep learning,"… ground music, vocal performances, or guitar solos. Moreover, the … evaluation is conducted in a noisy environment, and the correlation coefficient matrix is employed as the evaluation …","S Ansari, KA Alnajjar, T Khater, S Mahmoud, ...",2023,,Google Scholar,yes,,https://ieeexplore.ieee.org/abstract/document/10247035/,ieeexplore.ieee.org,24
Spire muse: A virtual musical partner for creative brainstorming,"… collective improvisation through positive feedback—a mutual … main experiments with an acoustic guitar corpus, we used a … planning to implement machine learning algorithms that can …","NJW Thelle, P Pasquier",2021,,Google Scholar,yes,,https://www.researchgate.net/profile/Notto-Thelle/publication/352439650_Spire_Muse_A_Virtual_Musical_Partner_for_Creative_Brainstorming/links/60c9c263299bf108abdd8e07/Spire-Muse-A-Virtual-Musical-Partner-for-Creative-Brainstorming.pdf,researchgate.net,29
A depression detection model using deep learning and textual entailment,"… Finally our evaluation of the deep learning step in the proposed model is mentioned in … best evaluation splitting as mentioned before 90% for training ,5% testing, and also 5% validation. …","M Elshazly, MH Haggag, SA Ehssan",2021,,Google Scholar,yes,,https://www.researchgate.net/profile/Manar-Elshazly/publication/357869198_A_Depression_Detection_Model_using_Deep_Learning_and_Textual_Entailment/links/61e411bdc5e31033759c2946/A-Depression-Detection-Model-using-Deep-Learning-and-Textual-Entailment.pdf,researchgate.net,6
NeuralLog: Natural language inference with joint neural and logical reasoning,"… As the evaluation results show, our model achieves the state-… The result also proves our hypothesis that deep learning … man is playing a guitar, H: A man is not playing a guitar has gold-…","Z Chen, Q Gao, LS Moss",2021,,Google Scholar,yes,,https://arxiv.org/abs/2105.14167,arxiv.org,67
Attribute value generation from product title using language models,"… employed multiple types of machine learning models, each of … We want to generate the value “Electric Guitar” for the at… and F1 score as our evaluation measure which are denoted as P, …","K Roy, P Goyal, M Pandey",2021,,Google Scholar,yes,,https://aclanthology.org/2021.ecnlp-1.2/,aclanthology.org,33
A transformer-based model for multi-track music generation,"… of piano, guitar, and … , guitar, and drum. To verify the effectiveness of the proposed model, related experiments are conducted on a pair of comparative subjective and objective evaluation…","C Jin, T Wang, S Liu, Y Tie, J Li, X Li, ...",2020,,Google Scholar,no,Contém palavra-chave de exclusão: piano,https://www.igi-global.com/article/a-transformer-based-model-for-multi-track-music-generation/265540,igi-global.com,20
The evolution of artificial intelligence in medical imaging: from computer science to machine and deep learning,"… Artificial intelligence (AI), the wide spectrum of technologies … Soon after, in the 1950s and 1960s, machine learning … facilitated the adoption of deep learning by researchers and clinicians…","M Avanzo, J Stancanello, G Pirrone, A Drigo, A Retico",2024,,Google Scholar,yes,,https://www.mdpi.com/2072-6694/16/21/3702,mdpi.com,46
A history of audio effects,… music information retrieval and machine learning. In order to … a rhythm guitar at half speed while recording a guitar solo on … He attributed the high-pitched guitar sound to guitars of small …,"T Wilmering, D Moffat, A Milo, MB Sandler",2020,,Google Scholar,no,Contém palavra-chave de exclusão: music information retrieval,https://www.mdpi.com/2076-3417/10/3/791,mdpi.com,83
Collectionless artificial intelligence,"… This suggests how a massive online active evaluation, opened to a wide audience, can be … guitar, the agent can be asked to generate music coming either from a piano or form a guitar …","M Gori, S Melacci",2023,,Google Scholar,no,Contém palavra-chave de exclusão: piano,https://arxiv.org/abs/2309.06938,arxiv.org,6
Combining Deep Learning Techniques for Enhanced Human Activity Recognition: A Hybrid CNN-LSTM Fusion Approach,"… additional components for performance analysis and tracking … and a confusion matrix for performance analysis. Python was … activities, including playing the guitar, horseback riding, long …","M Prabu, R Naidu, P Asif",2024,,Google Scholar,yes,,https://ieeexplore.ieee.org/abstract/document/10649335/,ieeexplore.ieee.org,4
Practice of praxis,"… encouraged deep learning through critical, respectful feedback. … aimed to explore how deep learning was executed and its … motion or cartooning, or a guitar chord fingering, or whatever …",L Ritchie,2023,,Google Scholar,yes,,https://akjournals.com/view/journals/2059/6/1/article-p14.xml,akjournals.com,8
Multitrack emotion-based music generation network using continuous symbolic features,"… In recent years, with the progress of deep learning, many … loss function, incorporating feedback states and paragraph reward … Guitar and piano chords often play chords at the same time, …","D Zhang, X Li, D Lu, Y Tie, Y Gao, ...",2024,,Google Scholar,no,Contém palavra-chave de exclusão: piano,https://ieeexplore.ieee.org/abstract/document/10688343/,ieeexplore.ieee.org,6
Reverse engineering memoryless distortion effects with differentiable waveshapers,"… of guitar distortion emulation software plugins and guitar … With the recent rise of machine learning the research community … performs best in a perceptual evaluation, and the proposed …","JT Colonel, M Comunità, J Reiss",2022,,Google Scholar,yes,,http://www.eecs.qmul.ac.uk/~josh/documents/2022/21955.pdf,eecs.qmul.ac.uk,24
Machine learning: a practitioner's approach,"… This text begins from an introduction to machine learning, and then lists timelines … machine learning research. We have chosen common problems to find solutions by machine learning …","SS Vinod Chandra, AS HAREENDRAN",2021,,Google Scholar,yes,,https://books.google.com/books?hl=en&lr=&id=b_wdEAAAQBAJ&oi=fnd&pg=PP1&dq=guitar%7C%22electric+guitar%22+%22artificial+intelligence%22%7C%22machine+learning%22%7C%22deep+learning%22%7C%22audio+analysis%22+feedback%7C%22performance+analysis%22%7Cevaluation%7Cexpressivity&ots=3q8m7KP_KJ&sig=un8IBy4U1TKbYR-aTWRltYZ5w6Y,books.google.com,26
Deep convolutional and recurrent networks for polyphonic instrument classification from monophonic raw audio waveforms,"… their raw waveforms into deep learning models. Various … During the evaluation process, we partition each track into 1-… instruments, like piano or the electric guitar, benefit more from time-…","K Avramidis, A Kratimenos, C Garoufis, ...",2021,,Google Scholar,no,Contém palavra-chave de exclusão: piano,https://ieeexplore.ieee.org/abstract/document/9413479/,ieeexplore.ieee.org,24
Deep Learning Tools for Audacity: Helping Researchers Expand the Artist's Toolkit,"… machine learning models for media creation will be able to put these models directly into the hands of the artists. We hope that this work will foster a virtuous feedback … , guitar amplifier …","HF Garcia, A Aguilar, E Manilow, D Vedenko, ...",2021,,Google Scholar,yes,,https://arxiv.org/abs/2110.13323,arxiv.org,6
NablAFx: A framework for differentiable black-box and gray-box modeling of audio effects,… with the success of deep learning and differentiable digital signal … To retain TFiLM’s expressivity while reducing parameters and … Guitar effects recognition and parameter estimation with …,"M Comunità, CJ Steinmetz, JD Reiss",2025,,Google Scholar,yes,,https://arxiv.org/abs/2502.11668,arxiv.org,3
Human-AI Musicking: A Framework for Designing AI for Music Co-creativity,,"C Vear, S Benford, JM Avila, ...",2023,,Google Scholar,no,Tem IA/ML mas não relacionado a guitarra ou aprendizado/performance,https://nottingham-repository.worktribe.com/OutputFile/26226255,nottingham-repository.worktribe.com,8
A new deep-learning method for human activity recognition,"… To provide a more comprehensive evaluation of our network’s performance, we compared it to other available neural network architectures, such as 3D ResNet 50,101,152, ConvLSTM, …","R Vrskova, P Kamencay, R Hudec, P Sykora",2023,,Google Scholar,yes,,https://www.mdpi.com/1424-8220/23/5/2816,mdpi.com,62
An unequal deep learning approach for 3-D point cloud segmentation,… 2) Deep learning methods are promising to segment objects from complex point clouds. … An inequivalence evaluation is a function discover problem modeling the relationship between …,"J Wang, C Xu, L Dai, J Zhang, ...",2020,,Google Scholar,yes,,https://ieeexplore.ieee.org/abstract/document/9291415/,ieeexplore.ieee.org,39
Avsegformer: Audio-visual segmentation with transformer,"… Additionally, in cases where multiple objects coexist within a single contextual frame (eg, two guitars or one person and one guitar), the vanilla dense segmentation method struggles to …","S Gao, Z Chen, G Chen, W Wang, T Lu",2024,,Google Scholar,yes,,https://ojs.aaai.org/index.php/AAAI/article/view/29104,ojs.aaai.org,92
A machine learning approach to anaphora resolution in Nepali language,… a machine learning (ML) approach to Anaphora Resolution (AR) system in Nepali language. It is one of the pioneering approaches in anaphora resolution using machine learning in …,"A Senapati, A Poudyal, P Adhikary, ...",2020,,Google Scholar,yes,,https://ieeexplore.ieee.org/abstract/document/9200135/,ieeexplore.ieee.org,5
"Advancing stuttering detection via data augmentation, class-balanced loss and multi-contextual deep learning","… Furthermore, we apply data augmentation in cross corpora evaluation, and we found that it boosts the detection performance of all the classes, which results in an improvement of 13.23…","SA Sheikh, M Sahidullah, F Hirsch, ...",2023,,Google Scholar,yes,,https://ieeexplore.ieee.org/abstract/document/10050738/,ieeexplore.ieee.org,34
"Natural Language Understanding with Python: Combine natural language technology, deep learning, and large language models to create human-like …","… , he is unsuccessfully trying to learn how to play the guitar. … of the more complex machine learning examples would run … Amazon review page for this book and share your feedback. …",DA Dahl,2023,,Google Scholar,yes,,https://books.google.com/books?hl=en&lr=&id=ErjHEAAAQBAJ&oi=fnd&pg=PP1&dq=guitar%7C%22electric+guitar%22+%22artificial+intelligence%22%7C%22machine+learning%22%7C%22deep+learning%22%7C%22audio+analysis%22+feedback%7C%22performance+analysis%22%7Cevaluation%7Cexpressivity&ots=K4gn79GmpH&sig=X73sn-luQ_O0QMRW5YTOxUw0Ifk,books.google.com,11
Discriminative adversarial domain generalization with meta-learning based cross-domain validation,"… The generalization capability of machine learning models, which … to develop and deploy machine learning applications in the real-… In the experimental evaluation, a comprehensive …","K Chen, D Zhuang, JM Chang",2022,,Google Scholar,yes,,https://www.sciencedirect.com/science/article/pii/S0925231221014247,Elsevier,70
"Deep learning-based motion style transfer tools, techniques and future challenges","… The popularity of deep learning (DL) algorithms reshapes motion style transfer approaches, … the runtime as the baseline for the evaluation. The evaluation concluded that Holden et al.’s […","SMA Akber, SN Kazmi, SM Mohsin, A Szczęsna",2023,,Google Scholar,yes,,https://www.mdpi.com/1424-8220/23/5/2597,mdpi.com,27
Text Generation with Gan Networks Using Feedback Score,… Applying machine learning techniques for AI-driven systems requires re-designing neural … i like to use just a touch of phase to make my guitar growl and this does the job nicely ! cant …,D Kuznetsov,2023,,Google Scholar,yes,,https://www.ijcionline.com/paper/12/12323ijci01.pdf,ijcionline.com,2
Deep neural network modeling of distortion stomp box using spectral features,"… Instead, these methods exploit deep learning. Since guitar sounds are temporal sequences, … IV, we adopt the generalized KL divergence for evaluation of the spectrograms, because it …","K Yoshimoto, H Kuroda, D Kitahara, ...",2020,,Google Scholar,yes,,https://ieeexplore.ieee.org/abstract/document/9306326/,ieeexplore.ieee.org,3
Efficient neural networks for real-time modeling of analog dynamic range compression,… Deep learning approaches have demonstrated success in … Through a detailed evaluation we demonstrate our efficient … control parameters and was evaluated only with electric guitar …,"CJ Steinmetz, JD Reiss",2021,,Google Scholar,yes,,https://arxiv.org/abs/2102.06200,arxiv.org,59
Improving automated GUI testing by learning to avoid infeasible tests,"… • We present an empirical evaluation on five GUI-based Java … greater code coverage than a quasi-random use of GUItar. … Our implementation is tailored to GUItar, but is implemented to …",N Walkinshaw,2020,,Google Scholar,no,Relacionado a guitarra/aprendizado mas não menciona IA/ML,https://ieeexplore.ieee.org/abstract/document/9176837/,ieeexplore.ieee.org,4
From imagenet to image classification: Contextualizing progress on benchmarks,… Building rich machine learning datasets in a scalable manner often necessitates a crowd-… our current model training and evaluation toolkit to take such misalignments into account. …,"D Tsipras, S Santurkar, L Engstrom, ...",2020,,Google Scholar,yes,,http://proceedings.mlr.press/v119/tsipras20a.html,proceedings.mlr.press,195
Transplayer: Timbre style transfer with flexible timbre control,"… Many previous deep learning models explored various aspects … We consider the task of timbre transfer between piano and guitar… For an objective evaluation, we employed an instrument …","Y Wu, Y He, X Liu, Y Wang, ...",2023,,Google Scholar,no,Contém palavra-chave de exclusão: piano,https://ieeexplore.ieee.org/abstract/document/10096233/,ieeexplore.ieee.org,18
Deep Learning for the Synthesis of Sound Effects,"… of DSP systems, generative deep learning architectures, and a … is focused on the evaluation and development of algorithms for … The main aims of this thesis are the evaluation of classic …",A Barahona-Ríos,2023,,Google Scholar,no,Contém palavra-chave de exclusão: synthesis,https://etheses.whiterose.ac.uk/id/eprint/34929/,etheses.whiterose.ac.uk,2
Genre based music classification using machine learning and convolutional neural networks,… machine learning algorithms features were extracted in both time domain and frequency domain. For model evaluation… The guitar roots of rock is a derivative of amalgamation of country …,"V Shah, A Tandle, N Sharma, ...",2021,,Google Scholar,yes,,https://ieeexplore.ieee.org/abstract/document/9579597/,ieeexplore.ieee.org,5
m6ATM: a deep learning framework for demystifying the m6A epitranscriptome with Nanopore long-read RNA-seq data,"… The low MINES score may be due to its initial design for only four DRACH motifs; however, we expanded its evaluation to include all 18 DRACH motifs to ensure fairness in comparison. …","B Yu, G Nagae, Y Midorikawa, K Tatsuno, ...",2024,,Google Scholar,yes,,https://academic.oup.com/bib/article-abstract/25/6/bbae529/7831252,academic.oup.com,6
Voice-based gender and age recognition system,"… Machine Learning based gender and age detection model using voice. The various approaches used to extract features from speech, and the data-set used for model evaluation … guitar, …","VS Kone, A Anagal, S Anegundi, ...",2023,,Google Scholar,no,Contém palavra-chave de exclusão: voice,https://ieeexplore.ieee.org/abstract/document/10141801/,ieeexplore.ieee.org,15
Human Action Recognition using an Ensemble Deep Learning Model for Video,"… While this paper provided a strong foundation, further evaluation using a variety of datasets would be beneficial to ensure the system's broader applicability. The results of this work …","R Kaur, DV Sharma",2023,,Google Scholar,yes,,https://www.academia.edu/download/121283236/Human_Action_Recognition_using_an_Ensemble_Deep_Learning_Model_for_Video_Datasets.pdf,academia.edu,1
Deep learning approaches to image texture analysis in material processing,"… The texton algorithm performed better than the LBP and GLCM algorithms and similar to the deep learning approaches when these were used directly, without any retraining. Partial or …","X Liu, C Aldrich",2022,,Google Scholar,yes,,https://www.mdpi.com/2075-4701/12/2/355,mdpi.com,44
"Machine Learning and Knowledge Discovery in Databases: International Workshops of ECML PKDD 2019, Würzburg, Germany, September 16–20, 2019 …",… Lawrence for contributing many original ideas and his valuable feedback on the ideas in this paper. We also like to thank Hero de Smeth for contributing to the definition and …,"P Cellier, K Driessens",2020,,Google Scholar,yes,,https://books.google.com/books?hl=en&lr=&id=KYPZDwAAQBAJ&oi=fnd&pg=PR5&dq=guitar%7C%22electric+guitar%22+%22artificial+intelligence%22%7C%22machine+learning%22%7C%22deep+learning%22%7C%22audio+analysis%22+feedback%7C%22performance+analysis%22%7Cevaluation%7Cexpressivity&ots=WTLTX90Qb_&sig=RJ4QaVxjVJu7z4G8ngq-cjP_4hA,books.google.com,10
Lstm-based framework for the synthesis of original soundtracks,"… focuses on the intersection of artificial intelligence and the arts, … evaluation of emotions, authors only provide the evaluation … evaluation metrics such as using formulas for evaluation. In […","Y Huo, M Jin, S You",2024,,Google Scholar,no,Contém palavra-chave de exclusão: synthesis,https://ieeexplore.ieee.org/abstract/document/10458114/,ieeexplore.ieee.org,5
A Study on Cubist Art Makeup Design Creation Using Artificial Intelligence Based Image Generation Model,"… Then, using Bing Image Creator model, an artificial intelligence based image generation … shows what role and possibility image generation artificial intelligence model has in the field of …","MJ Lee, E Choi",2023,,Google Scholar,no,Tem IA/ML mas não relacionado a guitarra ou aprendizado/performance,https://pdfs.semanticscholar.org/aff6/4836c74dc6651797eb7e02d2776c0b97bca1.pdf,pdfs.semanticscholar.org,2
A comprehensive literature review on children's databases for machine learning applications,… We also define evaluation criteria to characterize the children’s databases and compare them accordingly. 3) We discuss the main requirements and the primary challenges for …,"S Al-Azani, SM Sait, KA Al-Utaibi",2022,,Google Scholar,yes,,https://ieeexplore.ieee.org/abstract/document/9696187/,ieeexplore.ieee.org,17
Score Genaration for Taiko no Tatsujin Based on Machine Learning,"… However, neither established reproducible evaluation methodology or learns the semantics … In addition, [10-12] further utilize deep learning approach, which pay much attention to multi-…","R Li, Y Chen",2020,,Google Scholar,yes,,https://ieeexplore.ieee.org/abstract/document/9175508/,ieeexplore.ieee.org,1
The craftsmanship that disappeared? Investigating the role of the principal instrument in music teacher education programs,"… creative work in music and deep learning, Aristotle’s concept … challenges, and receive useful feedback. The students’ own … dents have to choose either singing, guitar or piano,” and E5 …","FF Eidsvaag, E Angelo",2021,,Google Scholar,no,Contém palavra-chave de exclusão: piano,https://library.oapen.org/bitstream/handle/20.500.12657/46593/Higher_Education_PDF.pdf#page=66,library.oapen.org,8
Artificial intelligence aided design of tissue engineering scaffolds employing virtual tomography and 3D convolutional neural networks,"… It covers every step of the deep learning workflow, from data management, training, configuration and evaluation of the model to obtaining predictions or testing the artificial intelligence …","MD Bermejillo Barrera, F Franco-Martínez, ...",2021,,Google Scholar,yes,,https://www.mdpi.com/1996-1944/14/18/5278,mdpi.com,80
Exposure bias and state matching in recurrent neural network virtual analog models,"… Various black-box system identification methods for guitar … Meanwhile, NN and generally deep learning methods for VA … loss was stored for further evaluation. We used the Adam …","A Peussa, EP Damskägg, T Sherson, ...",2021,,Google Scholar,yes,,https://ieeexplore.ieee.org/abstract/document/9768259/,ieeexplore.ieee.org,21
Artificial intelligence in supply chain management: investigation of transfer learning to improve demand forecasting of intermittent time series with deep learning,"… For example, learning to play an electric guitar can facilitate learning to … The evaluation metric was reduced by 65 percent. … The proposed metric for the evaluation of intermittent demand …","D Kiefer, F Grimm, C van Dinther",2022,,Google Scholar,yes,,https://aisel.aisnet.org/hicss-55/da/decision_support_for_scm/3/,aisel.aisnet.org,9
Predicting House Price in India Using Linear Regression Machine Learning Algorithms,"… from the evaluation standard system, it is meaningless to expect this type of evaluation to fit … The testing method is used to examine the loads and pre-designs of each edge and guitar …","A Verma, C Nagar, N Singhi, ...",2022,,Google Scholar,yes,,https://ieeexplore.ieee.org/abstract/document/9853185/,ieeexplore.ieee.org,6
Deep learning bidirectional LSTM based detection of prolongation and repetition in stuttered speech using weighted MFCC,… The proposed method is based on the Weighted Mel Frequency Cepstral Coefficient feature extraction algorithm and deep-learning Bidirectional Long-Short term Memory neural …,"S Gupta, RS Shukla, RK Shukla, ...",2020,,Google Scholar,yes,,https://www.researchgate.net/profile/Rajesh-Kumar-Shukla/publication/348138031_Deep_Learning_Bidirectional_LSTM_based_Detection_of_Prolongation_and_Repetition_in_Stuttered_Speech_using_Weighted_MFCC/links/5ff00cbd299bf1408864c299/Deep-Learning-Bidirectional-LSTM-based-Detection-of-Prolongation-and-Repetition-in-Stuttered-Speech-using-Weighted-MFCC.pdf,researchgate.net,28
Predicting eBay prices: selecting and interpreting machine learning models–Results of the AG DANK 2018 Data Science Competition,"… In fact here, a bundle of two procducts (Mario Kart as well as Guitar Hero 5) is offered which … outlier during model evaluation it has been removed for performance evaluation (column 3 …","G Szepannek, R Aschenbruck",2020,,Google Scholar,yes,,https://scholar.archive.org/work/n4mmrojsynd3bkh2u53m3i6lqi/access/wayback/https://publikationen.bibliothek.kit.edu/1000125928/93500147,scholar.archive.org,5
Sentence-level classification using parallel fuzzy deep learning classifier,"… In this study, a new Fuzzy Deep Learning Classifier (FDLC) is suggested for improving the performance of data-sentiment classification. Our proposed FDLC integrates Convolutional …","F Es-Sabery, A Hair, J Qadir, B Sainz-De-Abajo, ...",2021,,Google Scholar,yes,,https://ieeexplore.ieee.org/abstract/document/9333555/,ieeexplore.ieee.org,71
Baselines for chest x-ray report generation,"… generation when the target text is very unique (as opposed to ”a man is playing a guitar”). … Rather than merely relying on F1 to offer a more class-imbalance sensitive evaluation metric, …","W Boag, TMH Hsu, M McDermott, ...",2020,,Google Scholar,no,Relacionado a guitarra/aprendizado mas não menciona IA/ML,http://proceedings.mlr.press/v116/boag20a,proceedings.mlr.press,89
Machine-learning applications for differentiation across states/stages of creative thinking based on time-series and time-frequency features of EEG/ERP signals,"… (guitar improvization by proficient musicians) compared with noncreative task (scales on guitar) … EEG signals respond differently to idea generation, idea evolution and evaluation in a …","NV Shemyakina, GS Velicoborets, ZV Nagornova",2023,,Google Scholar,no,Relacionado a guitarra/aprendizado mas não menciona IA/ML,https://genescells.ru/2313-1829/article/download/562731/142776,genescells.ru,5
A deep learning-based automated framework for functional User Interface testing,Context: The use of automation tools in software testing helps keep pace with the timeline of the deliverables. Over time with the inclusion of continuous integration/continuous delivery (…,"Z Khaliq, SU Farooq, DA Khan",2022,,Google Scholar,yes,,https://www.sciencedirect.com/science/article/pii/S0950584922001070,Elsevier,26
Real-time stress detection model and voice analysis: An integrated vr-based game for training public speaking skills,"… feedback in VR environment. Most importantly, there is also no evidence of using machine learning … similar to the “rock meter” in the guitar hero [25] games, showing the performance …","R Dillon, AN Teoh",2021,,Google Scholar,no,Contém palavra-chave de exclusão: voice,https://ieeexplore.ieee.org/abstract/document/9618989/,ieeexplore.ieee.org,26
An improved RNN-LSTM based novel approach for sheet music generation,"… in playing instruments such as piano, guitar and violin etc. [3][4… RNN or Recurrent Neural Network is deep learning model … BSS (Blind Source Separation) evaluation metric which is a …","M Dua, R Yadav, D Mamgai, S Brodiya",2020,,Google Scholar,no,Contém palavra-chave de exclusão: piano,https://www.sciencedirect.com/science/article/pii/S1877050920310152,Elsevier,67
A multi-stage automatic evaluation system for sight-singing,"… Recently, many methods [27], [28] based on spectrograms and deep learning have been proposed. Therefore, in this paper, we consider taking the spectrogram and deep learning …","W Yang, X Wang, B Tian, W Xu, ...",2022,,Google Scholar,no,Contém palavra-chave de exclusão: singing,https://ieeexplore.ieee.org/abstract/document/9760166/,ieeexplore.ieee.org,8
Fostering creativity in engineering design through constructive dialogues with generative artificial intelligence,"… an electric guitar. An uncanny “hallucination” of the AI can be appreciated, as the guitar has the … Apart from that, it may constitute an inspiring colorful design for guitar manufacturers. …","WS Requejo, FF Martinez, CA Vega, ...",2024,,Google Scholar,yes,,https://www.cell.com/cell-reports-physical-science/fulltext/S2666-3864(24)00442-9,cell.com,10
Customcrafter: Customized video generation with preserving motion and concept composition abilities,"… , when we learn about a specific guitar, we hope that this guitar can be combined with other … To further validate the effectiveness of our method, we conducted a human evaluation of our …","T Wu, Y Zhang, X Wang, X Zhou, G Zheng, ...",2025,,Google Scholar,no,Contém palavra-chave de exclusão: composition,https://ojs.aaai.org/index.php/AAAI/article/view/32914,ojs.aaai.org,47
"Data Augmentation with Python: Enhance deep learning accuracy with data augmentation methods for image, text, audio, and tabular data","… Currently, he is unsuccessfully trying to learn how to play the guitar. :) … Please click here to go straight to the Amazon review page for this book and share your feedback. …",D Haba,2023,,Google Scholar,yes,,https://books.google.com/books?hl=en&lr=&id=2sm8EAAAQBAJ&oi=fnd&pg=PP1&dq=guitar%7C%22electric+guitar%22+%22artificial+intelligence%22%7C%22machine+learning%22%7C%22deep+learning%22%7C%22audio+analysis%22+feedback%7C%22performance+analysis%22%7Cevaluation%7Cexpressivity&ots=vXQIBFQqm2&sig=PJkjC2CjiEs7git_abBXJP3LfaM,books.google.com,21
Joint audio and speech understanding,"… For the first time, we build a machine learning model, called LTU-AS… samples and exclude any data marked as test or evaluation. … guitar riffs. The lyrics also add to the sense of rebellion. …","Y Gong, AH Liu, H Luo, L Karlinsky, ...",2023,,Google Scholar,yes,,https://ieeexplore.ieee.org/abstract/document/10389742/,ieeexplore.ieee.org,138
Image captioning using facial expression and attention,… our image captioning model using standard evaluation metrics including BLEU (Papineni et … playing a guitar” while FACE-CAP-MEMORY generates “a woman is playing a guitar and …,"OM Nezami, M Dras, S Wan, C Paris",2020,,Google Scholar,no,Relacionado a guitarra/aprendizado mas não menciona IA/ML,https://www.jair.org/index.php/jair/article/view/12025,jair.org,17
Exploring practical vulnerabilities of machine learning-based wireless systems,"… and send it as feedback to the base station. However, this feedback is unsustainable and … as Alexa, but their attack generates loud guitar music which is easy to detect and defend …","Z Liu, C Xu, E Sie, G Singh, D Vasisht",2023,,Google Scholar,yes,,https://www.usenix.org/conference/nsdi23/presentation/liu-zikun,usenix.org,28
Hyper parameter optimized NIDS via machine learning in IoT ecosystem,… of which impact the machine learning model's performance. … must be tuned like a guitar. Because each model might have … evaluation of intrusion detection based on machine learning …,"PK Yadav, S Pandey, D Agrawal, ...",2023,,Google Scholar,yes,,https://ieeexplore.ieee.org/abstract/document/10295218/,ieeexplore.ieee.org,2
Jen-1 composer: A unified framework for high-fidelity multi-track music generation,"… Our evaluation employs both quantitative and qualitative metrics to assess the model’s … By integrating CLAP scores, FAD, and RPR, we offer a comprehensive evaluation framework that …","Y Yao, P Li, B Chen, A Wang",2025,,Google Scholar,no,Relacionado a guitarra/aprendizado mas não menciona IA/ML,https://ojs.aaai.org/index.php/AAAI/article/view/33584,ojs.aaai.org,20
Transfer learning in natural language processing (NLP),"… in the field of radio frequency machine learning, this study … music knowledge through playing the guitar. The person with an … typically involve a rigorous evaluation process. This could …",J Bharadiya,2023,,Google Scholar,yes,,https://www.academia.edu/download/103844776/1613.pdf,academia.edu,12
Rethinking design and evaluation of 3D point cloud segmentation models,"… the existing literature, we have identified certain evaluation weaknesses in the current research on 3D point cloud segmentation with deep learning models. This fact leads us to perform …","T Zoumpekas, M Salamo, A Puig",2022,,Google Scholar,yes,,https://www.mdpi.com/2072-4292/14/23/6049,mdpi.com,8
The primacy bias in deep reinforcement learning,"… guitar skills in the face of new data, he will not be able to collect more interesting data by playing more challenging guitar … function gradually loses its expressivity due to bootstrapping in …","E Nikishin, M Schwarzer, P D'Oro, ...",2022,,Google Scholar,no,Relacionado a guitarra/aprendizado mas não menciona IA/ML,https://proceedings.mlr.press/v162/nikishin22a,proceedings.mlr.press,297
Music enhancement via image translation and vocoding,… This paper presents a deep learning approach to enhance low-… evaluation metrics when used in the music domain. … We exclude the distorted electric guitar samples to avoid fitting our …,"N Kandpal, O Nieto, Z Jin",2022,,Google Scholar,yes,,https://ieeexplore.ieee.org/abstract/document/9747454/,ieeexplore.ieee.org,23
Deep learning based human action recognition,… In this paper we proposed a deep learning based model for Recognition and the main focus is on the CNN model for image classification. The action videos are converted into frames …,"R Pandey, Y Chikhale, R Verma, ...",2021,,Google Scholar,yes,,https://www.itm-conferences.org/articles/itmconf/abs/2021/05/itmconf_icacc2021_03014/itmconf_icacc2021_03014.html,itm-conferences.org,4
Classical Data in Quantum Machine Learning Algorithms: Amplitude Encoding and the Relation Between Entropy and Linguistic Ambiguity,"… the words Alice and guitar are assigned vectors in the noun space N: v → Alice , v → guitar ∈ N . … The test set is reserved for the final evaluation of the model’s performance. Thus, when …","J Eisinger, W Gauderis, L Huybrecht, GA Wiggins",2025,,Google Scholar,yes,,https://www.mdpi.com/1099-4300/27/4/433,mdpi.com,3
Fast timing-conditioned latent audio diffusion,"… a comma (eg Guitar, Drums, Bass Guitar, Uplifting, Energetic). … variablelength long-form evaluation content. Yet, captions do … the standard datasets to align with our evaluation criteria. …","Z Evans, CJ Carr, J Taylor, SH Hawley, ...",2024,,Google Scholar,no,Contém palavra-chave de exclusão: drums,https://openreview.net/forum?id=jOlO8t1xdx,openreview.net,211
Keypointnet: A large-scale 3d keypoint dataset aggregated from numerous human annotations,"… Evaluation Results For deep learning methods, we use the … threshold 0.01, geometric and deep learning methods both fail to … Deep learning methods can predict some of groundtruth …","Y You, Y Lou, C Li, Z Cheng, L Li, ...",2020,,Google Scholar,yes,,http://openaccess.thecvf.com/content_CVPR_2020/html/You_KeypointNet_A_Large-Scale_3D_Keypoint_Dataset_Aggregated_From_Numerous_Human_CVPR_2020_paper.html,openaccess.thecvf.com,100
uxSense: Supporting user experience analysis with visualization and computer vision,"… Abstract—Analyzing user behavior from usability evaluation can be a challenging and time-… evaluation grows. We propose UXSENSE, a visual analytics system using machine learning …","A Batch, Y Ji, M Fan, J Zhao, ...",2023,,Google Scholar,yes,,https://ieeexplore.ieee.org/abstract/document/10034833/,ieeexplore.ieee.org,29
DeepEva: A deep neural network architecture for assessing sentence complexity in Italian and English languages,"… Evaluation (ATE) is a research field that aims at creating new methodologies to make autonomous the process of the text complexity evaluation… , a Deep Learning based system capable …","GL Bosco, G Pilato, D Schicchi",2021,,Google Scholar,yes,,https://www.sciencedirect.com/science/article/pii/S2590005621000424,Elsevier,17
"Computer-Implemented Method, System, and Non-Transitory Computer-Readable Storage Medium for Inferring Audience's Evaluation of Performance Data",… by machine learning to store a relationship between performance data A and evaluation … such as an electric guitar; or an electronic wind instrument such as a wind synthesizer. …,A MAEZAWA,2022,,Google Scholar,yes,,https://patents.google.com/patent/US20220414472A1/en,Google Patents,2
TranStutter: A convolution-free transformer-based deep learning method to classify stuttered speech using 2D mel-spectrogram visualization and attention …,"Stuttering, a prevalent neurodevelopmental disorder, profoundly affects fluent speech, causing involuntary interruptions and recurrent sound patterns. This study addresses the critical …","K Basak, N Mishra, HT Chang",2023,,Google Scholar,yes,,https://www.mdpi.com/1424-8220/23/19/8033,mdpi.com,9
Smartphones dependency risk analysis using machine-learning predictive models,"… as painting, embroidery crafts, and playing musical instruments such as guitar and drum). … To perform a global evaluation for each classifier, the AUC of the ROC curve was determined (…","CF Giraldo-Jiménez, J Gaviria-Chavarro, ...",2022,,Google Scholar,yes,,https://www.nature.com/articles/s41598-022-26336-2,nature.com,19
Leveraging hierarchical structures for few-shot musical instrument recognition,"… -Sachs hierarchy (like the guitar), which might be more common … Here, we use deep learning methods to flexibly learn a … , 30% evaluation, with no overlap between train and evaluation …","HF Garcia, A Aguilar, E Manilow, B Pardo",2021,,Google Scholar,yes,,https://arxiv.org/abs/2107.07029,arxiv.org,51
Transformer-based seq2seq model for chord progression generation,… Machine learning is widely used in various practical … Evaluation experiments are conducted using the proposed … [12] is designed to handle polyphonic guitar music. Chord progression …,"S Li, Y Sung",2023,,Google Scholar,yes,,https://www.mdpi.com/2227-7390/11/5/1111,mdpi.com,14
Composing bossa nova by evolutionary computation,"… Abstract—Development of artificial intelligence has enabled … or performed on piano, guitar, saxophone while the percussion … rule-based evaluation, in which a set of evaluation rules are …","YW Wen, CK Ting",2020,,Google Scholar,no,Contém palavra-chave de exclusão: piano,https://ieeexplore.ieee.org/abstract/document/9207713/,ieeexplore.ieee.org,7
Students' Attention Classification During Class Lecture Using BCI and Machine Learning: A Pathway Towards Neurofeedback-Based Learning,"… EEG during cognitive tasks with machine learning. Although with their … to find out if a machine learning model can depict this … Finally, we plan to develop an automatic feedback-based …","F Ishtiaque, EB Motahar, MSR Sajal, ...",2023,,Google Scholar,yes,,https://ieeexplore.ieee.org/abstract/document/10387369/,ieeexplore.ieee.org,2
Compound word transformer: Learning to compose full-song music over dynamic directed hypergraphs,"… Yet, to have an idea of the model performance when more resources are available, we include to the evaluation of the conditional task two settings exceeding such a specification. We …","WY Hsiao, JY Liu, YC Yeh, YH Yang",2021,,Google Scholar,yes,,https://ojs.aaai.org/index.php/AAAI/article/view/16091,ojs.aaai.org,288
The development of a predictive opportunity-to-learn model using machine learning,"… “Just as electricity transformed almost everything 100 years ago, today I actually have a hard time thinking of an industry that I don’t think artificial intelligence will transform in the next …","BC Wesolowski, A Ng",2020,,Google Scholar,yes,,https://nafme.org/wp-content/uploads/2020/11/OTL-FInal-Report-Wesolowski.pdf,nafme.org,2
Assisting physiotherapists by designing a system utilising interactive machine learning,… Interactive machine learning (IML)[7–9] is a particularly interesting type of machine learning (… research question: How could interactive machine learning be integrated in a system aiding …,N Georgiev,2021,,Google Scholar,yes,,https://www.diva-portal.org/smash/record.jsf?pid=diva2:1574200,diva-portal.org,2
Deep learning for speaker counting and localization with Ambisonics signals,"… We also provide a performance analysis of this model … , underwater volcanoes, loudspeaker, guitar string, emits a sound wave … For example, a guitar bass sound is mainly made of low …",PA Grumiaux,2021,,Google Scholar,yes,,https://theses.hal.science/tel-03538600/,theses.hal.science,5
Patch-level sounding object tracking for audio-visual question answering,"… the guitar in the last segment, we cannot identify which guitar … the given questions, eg, the guitar on the right “sound always” … ) as the metric for model evaluation. Implementation details. …","Z Li, J Zhou, J Zhang, S Tang, K Li, D Guo",2025,,Google Scholar,no,Relacionado a guitarra/aprendizado mas não menciona IA/ML,https://ojs.aaai.org/index.php/AAAI/article/view/32538,ojs.aaai.org,16
Transcending imagination: Artificial intelligence and the future of creativity,"… of AI prompts a re-evaluation of traditional methodologies and the … advocates for a re-evaluation of our categorizations and … Traditionally, one might think of a piano or a guitar. However, …",A Manu,2024,,Google Scholar,no,Contém palavra-chave de exclusão: piano,https://api.taylorfrancis.com/content/books/mono/download?identifierName=doi&identifierValue=10.1201/9781003450139&type=googlepdf,api.taylorfrancis.com,19
Deep Learning Techniques in DICOM Files Classification: A Systematic Review,… [8] proposed a processing pipeline using machine learning techniques to convert DICOM … [45] conducted a systematic evaluation of the performance of several state-of-the-art object …,"V Mabirizi, S Kawuma, D Natumanya, ...",2025,,Google Scholar,yes,,https://www.researchgate.net/profile/Vicent-Mabirizi/publication/389944336_Deep_Learning_Techniques_in_DICOM_Files_Classification_A_Systematic_Review/links/67d9d0327c5b5569dcc0cdb2/Deep-Learning-Techniques-in-DICOM-Files-Classification-A-Systematic-Review.pdf,researchgate.net,2
Evaluation of Image Classification Networks on Impulse Sound Classification Task,"… The main aim of this paper is to evaluate the performance of deep learning image … the traditional machine learning techniques. But the acoustic event classes used are acoustic guitar, …","R Nalla, M Varela, M Oispuu",2021,,Google Scholar,yes,,https://ieeexplore.ieee.org/abstract/document/9591202/,ieeexplore.ieee.org,7
Developing an efficient functional connectivity-based geometric deep network for automatic EEG-based visual decoding,Neural decoding is of great importance in computational neuroscience to automatically interpret brain activities in order to address the challenging problem of mind-reading. Analyzing …,"N Khaleghi, TY Rezaii, S Beheshti, ...",2023,,Google Scholar,no,Não atende aos critérios de inclusão,https://www.sciencedirect.com/science/article/pii/S1746809422006759,Elsevier,30
"More text, less point: Towards 3d data-efficient point-language understanding","… We observe that existing evaluation approaches often rely on GPT-4 and GPT-3.5 to assess … This is a 3D model of a cartoon-style electric guitar. The guitar is predominantly black, giving …","Y Tang, X Han, X Li, Q Yu, J Xu, Y Hao, L Hu, ...",2025,,Google Scholar,no,Relacionado a guitarra/aprendizado mas não menciona IA/ML,https://ojs.aaai.org/index.php/AAAI/article/view/32783,ojs.aaai.org,6
Helping hearing-impaired in emergency situations: A deep learning-based approach,"… In the present study, deep learning-based hand gesture recognition models are developed to accurately predict the emergency signs of Indian Sign Language (ISL). The dataset used …","QM Areeb, M Nadeem, R Alroobaea, F Anwer",2022,,Google Scholar,yes,,https://ieeexplore.ieee.org/abstract/document/9681062/,ieeexplore.ieee.org,71
Enabling new interactions with library digital collections: automatic gender recognition in historical postcards via deep learning,"The Walter Havighurst Special Collections from University Archives &Preservation at Miami University's King Library has a growing collection of over 600,000 historical postcards, with …","R Schuerkamp, J Barrett, A Bales, A Wegner, ...",2023,,Google Scholar,yes,,https://www.sciencedirect.com/science/article/pii/S0099133323000757,Elsevier,9
Going in style: Audio backdoors through stylistic transformations,"… Backdoor attacks are a class of machine learning threats … Triggers are generated through electric guitar effects that do … attack through an extensive evaluation considering 444 models, …","S Koffas, L Pajola, S Picek, ...",2023,,Google Scholar,yes,,https://ieeexplore.ieee.org/abstract/document/10096332/,ieeexplore.ieee.org,41
Create caption by extracting features from image and video using deep learning model,"… for Image Processing was made on deep leaning methods for image captioning, where various deep learning methods were studied and evaluation criteria’s were observed and …",G DUTTA,2021,,Google Scholar,yes,,https://www.researchgate.net/profile/Goutam-Dutta-7/publication/348540850_CREATE_CAPTION_BY_EXTRACTING_FEATURES_FROM_IMAGE_AND_VIDEO_USING_DEEP_LEARNING_MODEL/links/6002b51d92851c13fe148f61/CREATE-CAPTION-BY-EXTRACTING-FEATURES-FROM-IMAGE-AND-VIDEO-USING-DEEP-LEARNING-MODEL.pdf,researchgate.net,2
Deep learning: a visual approach,"… Deep learning is the source of many of these breakthroughs, and its remarkable ability to … growing field in artificial intelligence (AI). Digital assistants on our phones use deep learning to …",A Glassner,2021,,Google Scholar,yes,,https://books.google.com/books?hl=en&lr=&id=NgTyDwAAQBAJ&oi=fnd&pg=PT22&dq=guitar%7C%22electric+guitar%22+%22artificial+intelligence%22%7C%22machine+learning%22%7C%22deep+learning%22%7C%22audio+analysis%22+feedback%7C%22performance+analysis%22%7Cevaluation%7Cexpressivity&ots=Xrh5-23FZg&sig=LYm1Z8CN0l2acEjO61q4kt5G7eU,books.google.com,97
Neural parametric equalizer matching using differentiable biquads,"… to the training and evaluation of deep learning algorithms. Here… are recordings of the same guitar performance using a dynamic … In this paper, a novel application of deep learning to the …",S Nercessian,2020,,Google Scholar,yes,,https://dafx2020.mdw.ac.at/proceedings/papers/DAFx2020_paper_7.pdf,dafx2020.mdw.ac.at,62
An Efficient Machine Learning Approach for Detecting Malwares in IoT Environment,"… The machine learning algorithms suffer from excessive computational cost and the potential of privacy leakage. In this paper a machine learning … Gani, “Evaluation of machine learning …","R Kumar, A Anand, N Singh, D Singh, ...",2023,,Google Scholar,yes,,https://ieeexplore.ieee.org/abstract/document/10390194/,ieeexplore.ieee.org,3
Race against the Machine: can deep learning recognize microstructures as well as the trained human eye?,… The promising results of deep learning in image recognition suggest a huge potential for … This allows for a highly data-efficient training of complex deep learning models. Our results …,"M Larmuseau, M Sluydts, K Theuwissen, L Duprez, ...",2021,,Google Scholar,yes,,https://www.sciencedirect.com/science/article/pii/S1359646220306849,Elsevier,46
Increasing exploitation durability of two-layer cast mill rolls and assessment of the applicability of the XGBoost machine learning method to manage their …,"… of ensemble machine learning algorithms … machine learning algorithms: “XGBoost”, “Random Forest”, “Support Vector Machine” and “Multi-Layer Perceptron”. Based on the evaluation …","T Vlasenko, S Glowacki, V Vlasovets, T Hutsol, T Nurek, ...",2024,,Google Scholar,yes,,https://www.mdpi.com/1996-1944/17/13/3231,mdpi.com,6
Humans Need Not Apply: A Guide to Wealth &Work in the Age of Artificial Intelligence,"… are finally cracking the code on artificial intelligence. Society stands on the cusp of unprecedented change, driven by advances in robotics, machine learning, and perception powering …",J Kaplan,2020,,Google Scholar,yes,,https://books.google.com/books?hl=en&lr=&id=yatJCgAAQBAJ&oi=fnd&pg=PP1&dq=guitar%7C%22electric+guitar%22+%22artificial+intelligence%22%7C%22machine+learning%22%7C%22deep+learning%22%7C%22audio+analysis%22+feedback%7C%22performance+analysis%22%7Cevaluation%7Cexpressivity&ots=dr4doFvyjo&sig=et-SsP0MHRJFA51xo7QbL1monKk,books.google.com,463
Interpretability of deep learning classification for low-carbon steel microstructures,"… steel by deep learning. In classifying steel microstructures using a machine learning model, … In this study, evaluation was conducted in two ways, as shown in Fig. 3. First, predictions …","T Maemura, H Terasaki, K Tsutsui, K Uto, ...",2020,,Google Scholar,yes,,https://www.jstage.jst.go.jp/article/matertrans/61/8/61_MT-M2020131/_article/-char/ja/,jstage.jst.go.jp,19
Application of machine learning algorithms on VIV fatigue life assessment of multi-spanning subsea pipelines,"… In this study, machine-learning algorithms are adopted to develop a cost-effective and easyto… dataset, machine learning methods have been employed for fast and accurate evaluation of …",M Abdolalipour Miandoab,2023,,Google Scholar,yes,,https://memorial.scholaris.ca/items/5834d6c1-791f-4e5d-86d9-9102d6c66326,memorial.scholaris.ca,2
Instrumental investigations at emute lab,… feedback cellos and feedback bass [18]. Eldridge is currently commissioned by the ERC FluCoMa project to make new machine listening/ machine learning … and processed guitar. The …,T Magnusson,2020,,Google Scholar,no,Contém palavra-chave de exclusão: cello,https://www.nime.org/proceedings/2020/nime2020_paper97.pdf,nime.org,3
Few-shot musical source separation,"… Deep learning-based approaches to musical source separation are often limited to the … For the few-shot model, we further experiment with different evaluation setups with different …","Y Wang, D Stoller, RM Bittner, ...",2022,,Google Scholar,yes,,https://ieeexplore.ieee.org/abstract/document/9747536/,ieeexplore.ieee.org,32
Lirex: Augmenting language inference with relevant explanations,"… So, in addition to the F1-based evaluation, we also conducted a manual verification of 100 … The difference between automated and human evaluation shows that, although the …","X Zhao, VGV Vydiswaran",2021,,Google Scholar,no,Relacionado a guitarra/aprendizado mas não menciona IA/ML,https://ojs.aaai.org/index.php/AAAI/article/view/17708,ojs.aaai.org,46
Mind meets machine: Unravelling GPT-4's cognitive psychology,"… In this study, we focus on the evaluation of GPT-4’s performance … to revolutionise the field of Artificial Intelligence (AI), by … may mistake a monkey carrying a guitar for a person, since …","S Dhingra, M Singh, N Malviya, SS Gill",2023,,Google Scholar,yes,,https://www.sciencedirect.com/science/article/pii/S277248592300056X,Elsevier,67
A comprehensive review on recent methods and challenges of video description,… a special focus on recent deep learning approaches. In this … of automatic evaluation metrics and human evaluation is also … Two men with mic and guitar singing and then a drummer is …,"A Singh, TD Singh, S Bandyopadhyay",2020,,Google Scholar,no,Contém palavra-chave de exclusão: singing,https://arxiv.org/abs/2011.14752,arxiv.org,11
Debugging Machine Learning Models with Python,"… , he is unsuccessfully trying to learn to play the guitar. … As we progress, we’ll also explore the frontier of deep learning and … , such as data wrangling and model training and evaluation. …","A Madani, S MacKinnon",2023,,Google Scholar,yes,,https://sciendo.com/2/v2/download/book/9781800201132.pdf?Token=eyJhbGciOiJIUzI1NiIsInR5cCI6IkpXVCJ9.eyJ1c2VycyI6W3sic3ViIjoyNTY3ODUxNywicHVicmVmIjoiNzY0NDg4IiwibmFtZSI6Ikdvb2dsZSBHb29nbGVib3QgLSBXZWIgQ3Jhd2xlciBTRU8iLCJ0eXBlIjoiaW5zdGl0dXRpb24iLCJsb2dvdXRfbGluayI6Imh0dHBzOi8vY29ubmVjdC5saWJseW54LmNvbS9sb2dvdXQvNjgxZDUzOTAyMTRkM2JlYjA3ZTI1MDg0Y2UzZjQwMzYiLCJhdXRoX21ldGhvZCI6ImlwIiwiaXAiOiI2Ni4yNDkuNzkuNiIsImNvdW50ZXJwYXJ0eV9pZCI6Ijc2NDQ4OCJ9XSwiaWF0IjoxNzQ2NzU0NzU5LCJleHAiOjE3NDc5NjQzNTl9.DoWU2GWNmdyZFmOFqr2jCRCdwAP8v3GW5vpIu0zSWeU,sciendo.com,4
Artificial intelligence for medical imaging,"… Compared to a person with no musical experience, a guitar player can transfer their previously … Using this technique, a comprehensive evaluation of the heart can be obtained in 10 min. …","K Tran, JP Bøtker, A Aframian, ...",2020,,Google Scholar,yes,,https://www.sciencedirect.com/science/article/pii/B978012818438700006X,Elsevier,22
Machine learning-based quantitative structure-activity relationship and ADMET prediction models for erα activity of anti-breast cancer drug candidates,"Breast cancer is presently one of the most common malignancies worldwide, with a higher fatality rate. In this study, a quantitative structure-activity relationship (QSAR) model of …",XU Zonghuang,2023,,Google Scholar,yes,,https://wujns.edpsciences.org/articles/wujns/abs/2023/03/wujns-1007-1202-2023-03-0257-14/wujns-1007-1202-2023-03-0257-14.html,wujns.edpsciences.org,24
Gamification opportunity in augmented reality-based learning media: A review,… Amazon Biology also applied machine learning to improve the accuracy of its AR … guitar could detect the guitar and provide feedback on the position of the user’s fingers by the guitar …,"AD Ramadhan, AE Permanasari, ...",2022,,Google Scholar,yes,,https://ieeexplore.ieee.org/abstract/document/10037922/,ieeexplore.ieee.org,9
Vision based human action classification using CNN model with mode calculation,"… Among all of the strategies, Deep learning has shown quite … a ladder to the world of deep learning-based computer vision … PERFORMANCE EVALUATION The outcome and accuracy …","IZ Tonu, A Matin, HB Kibria",2021,,Google Scholar,yes,,https://ieeexplore.ieee.org/abstract/document/9829635/,ieeexplore.ieee.org,5
Sequence labeling to detect stuttering events in read speech,"Stuttering is a speech disorder that, if treated during childhood, may be prevented from persisting into adolescence. A clinician must first determine the severity of stuttering, assessing a …","S Alharbi, M Hasan, AJH Simons, S Brumfitt, ...",2020,,Google Scholar,no,Não atende aos critérios de inclusão,https://www.sciencedirect.com/science/article/pii/S0885230819302967,Elsevier,40
Noise is inside me! generating adversarial perturbations with noise derived from natural filters,… Deep learning solutions are vulnerable to adversarial perturbations and can lead a “frog” image to be misclassified as a “deer” or random pattern into “guitar”. … used while evaluation is …,"A Agarwal, M Vatsa, R Singh, ...",2020,,Google Scholar,yes,,http://openaccess.thecvf.com/content_CVPRW_2020/html/w47/Agarwal_Noise_Is_Inside_Me_Generating_Adversarial_Perturbations_With_Noise_Derived_CVPRW_2020_paper.html,openaccess.thecvf.com,36
A study on automatic music genre classification based on the summarization of music data,"… and unrepeated section such as guitar solo in popular music, … For example, repeated sections such as guitar riffs in popular … The evaluation was performed with 10-fold cross validation …","Y Kikuchi, A Naofumi, Y Dobashi",2020,,Google Scholar,no,Relacionado a guitarra/aprendizado mas não menciona IA/ML,https://ieeexplore.ieee.org/abstract/document/9065046/,ieeexplore.ieee.org,11
Persistent homology based graph convolution network for fine-grained 3d shape segmentation,"… are incorporated with geometric deep learning model for the … is used as the metric in our evaluation, and is given for each … structures, such as lamp, guitar, and objects with thin parts, …","CC Wong, CM Vong",2021,,Google Scholar,yes,,http://openaccess.thecvf.com/content/ICCV2021/html/Wong_Persistent_Homology_Based_Graph_Convolution_Network_for_Fine-Grained_3D_Shape_ICCV_2021_paper.html,openaccess.thecvf.com,48
Identification of patients with sarcopenia using gait parameters based on inertial sensors,"… samples were used as input for deep learning. For evaluation, nine subjects in each group … We will apply various deep learning techniques and deep learning-based XAI techniques in …","JK Kim, MN Bae, KB Lee, SG Hong",2021,,Google Scholar,yes,,https://www.mdpi.com/1424-8220/21/5/1786,mdpi.com,42
Artificial intelligence and artistic imagination: Revisiting the cultural economy of industrial revolutions,"… This in turn frees up more effort to be used for other kinds of creative work, thus creating a feedback loop that enables mankind’s third most … Rock and roll required the electric guitar …","OD Jora, M Iacob, VI Rosca, MR Nedelcu, ...",2024,,Google Scholar,yes,,https://www.ceeol.com/search/article-detail?id=1244559,ceeol.com,4
A 3D shape recognition method using hybrid deep learning network CNN–SVM,"3D shape recognition becomes necessary due to the popularity of 3D data resources. This paper aims to introduce the new method, hybrid deep learning network convolution neural …","L Hoang, SH Lee, KR Kwon",2020,,Google Scholar,yes,,https://www.mdpi.com/2079-9292/9/4/649,mdpi.com,36
Study on time-temperature-transformation diagrams of stainless steel using machine-learning approach,"… In the present work, a combination of machine learning (ML) algorithms, including BP … empirical formulas illustrate the obvious advantage of machine learning approaches. Also, the ML …","X Huang, H Wang, W Xue, S Xiang, H Huang, ...",2020,,Google Scholar,yes,,https://www.sciencedirect.com/science/article/pii/S0927025619305816,Elsevier,56
Reeval: Automatic hallucination evaluation for retrieval-augmented large language models via transferable adversarial attacks,"… Inspired by adversarial machine learning, we investigate the feasibility of automatically perturbing existing static one for dynamic evaluation. Specifically, this paper presents ReEval, an …","X Yu, H Cheng, X Liu, D Roth, J Gao",2024,,Google Scholar,yes,,https://aclanthology.org/2024.findings-naacl.85/,aclanthology.org,30
"Self-contradictory hallucinations of large language models: Evaluation, detection and mitigation","… Our primary evaluation task is open-domain text generation, … an extensive evaluation on four modern LMs: GPT-4 (OpenAI… Our evaluation highlights the significance of self-contradiction…","N Mündler, J He, S Jenko, M Vechev",2023,,Google Scholar,no,Relacionado a guitarra/aprendizado mas não menciona IA/ML,https://arxiv.org/abs/2305.15852,arxiv.org,261
Keyword-guided neural conversational model,"… model prediction in both training and evaluation, we also only output keywords that are in the … I love music and playing my guitar and violin. A: That’s awesome! However, my favorite is …","P Zhong, Y Liu, H Wang, C Miao",2021,,Google Scholar,no,Contém palavra-chave de exclusão: violin,https://ojs.aaai.org/index.php/AAAI/article/view/17712,ojs.aaai.org,41
Text2midi: Generating symbolic music from captions,"… , clean electric guitar, acoustic guitar, and overdriven guitar. The … In the objective evaluation of our model, we address three … To answer these, we use three types of evaluation metrics as …","K Bhandari, A Roy, K Wang, G Puri, S Colton, ...",2025,,Google Scholar,no,Relacionado a guitarra/aprendizado mas não menciona IA/ML,https://ojs.aaai.org/index.php/AAAI/article/view/34516,ojs.aaai.org,15
Neutrosophic statistical analysis of the use of Chess in Alzheimer's disease.,"… results were obtained after the evaluation of the memory of the older … instruments (piano, violin or guitar), reading texts of different … The use of neutrosophy for the evaluation of cognitive …","DM RamÌrez Guerra, ...",2023,,Google Scholar,no,Contém palavra-chave de exclusão: piano,https://search.ebscohost.com/login.aspx?direct=true&profile=ehost&scope=site&authtype=crawler&jrnl=25741098&AN=173769101&h=cmNWBUdhG%2By5eCwLgSuiDBzVh%2FYHYSzJB4vFVpocWBZUjebLS1m21vVbLGj0BpogJ0Y6y53zTFNc5EZDvtSSww%3D%3D&crl=c,search.ebscohost.com,4
Deep Learning for Unearthing Emotions in Twitter A Hybrid Emotional Recognition Model,"… Machine learning approaches are applied of categorizing the emotional information set, … Furthermore, entities underlying emotions might be obtained using the deep learning model …","R Aman, V Kumar, D Chaudhary",2024,,Google Scholar,yes,,https://search.proquest.com/openview/7888b513340051a18b1a8a601d5a4abf/1?pq-origsite=gscholar&cbl=2028808,search.proquest.com,1
Artificial intelligence and quantum computing for advanced wireless networks,"… A practical overview of the implementation of artificial intelligence and … of artificial intelligence (Al) for planning network deployment, optimization, and dynamic control. Machine learning …","SG Glisic, B Lorenzo",2022,,Google Scholar,yes,,https://books.google.com/books?hl=en&lr=&id=P8l6EAAAQBAJ&oi=fnd&pg=PR13&dq=guitar%7C%22electric+guitar%22+%22artificial+intelligence%22%7C%22machine+learning%22%7C%22deep+learning%22%7C%22audio+analysis%22+feedback%7C%22performance+analysis%22%7Cevaluation%7Cexpressivity&ots=Tj1sULXAWY&sig=uMRmg4jJS2ttvNBkwGQhXM4t4go,books.google.com,24
Machine Learning Techniques for Predicting Heart Diseases,"… Fret Width (FW), similar to how artists play guitar or violin [36]. The HS algorithm has been … set, are often used to establish the evaluation. Pearson coefficients of variance or correlations, …","MA Taha, SAAA Alsaidi, ...",2022,,Google Scholar,no,Contém palavra-chave de exclusão: violin,https://ieeexplore.ieee.org/abstract/document/10076238/,ieeexplore.ieee.org,5
Multi-domain adversarial variational Bayesian inference for domain generalization,"… in recent machine learning research [1–3]. It aims to address the dataset bias issue when generalizing machine learning … feedback and without the classification feedback, respectively. …","Z Gao, S Guo, C Xu, J Zhang, M Gong, ...",2022,,Google Scholar,yes,,https://ieeexplore.ieee.org/abstract/document/9999244/,ieeexplore.ieee.org,21
Automated artificial intelligence topology generation based on frames,"… a guitar. A child paging through the music book can then find sheet music that they are interested in and then start playback of the guitar … , is used in feedback path training of the AI node …","JD Bennett, BR Rao",2025,,Google Scholar,yes,,https://patents.google.com/patent/US20250068976A1/en,Google Patents,0
A backdoor approach with inverted labels using dirty label-flipping attacks,"… Audio-based machine learning systems frequently use public or third-party data, which … as well as for the development and evaluation of automatic speech recognition systems. TIMIT …",O Mengara,2024,,Google Scholar,no,Contém palavra-chave de exclusão: speech recognition,https://ieeexplore.ieee.org/abstract/document/10483076/,ieeexplore.ieee.org,9
Basic AI: a human guide to artificial intelligence,"… of artificial intelligence, delivering fascinating insights and exploring the impact this powerful technology will have on our lives and world. Artificial intelligence … a re-evaluation of the way …",D Shrier,2024,,Google Scholar,yes,,https://books.google.com/books?hl=en&lr=&id=wRDKEAAAQBAJ&oi=fnd&pg=PT13&dq=guitar%7C%22electric+guitar%22+%22artificial+intelligence%22%7C%22machine+learning%22%7C%22deep+learning%22%7C%22audio+analysis%22+feedback%7C%22performance+analysis%22%7Cevaluation%7Cexpressivity&ots=W2tSduPwN5&sig=DrwiVqw1aPy1r-t7luZ6PNF1D1s,books.google.com,4
Emotion carrier recognition from personal narratives,… We explore the task of ECR in a corpus of PNs manually annotated with emotion carriers and investigate different machine learning models for the task. We propose evaluation …,"A Tammewar, A Cervone, G Riccardi",2020,,Google Scholar,yes,,https://arxiv.org/abs/2008.07481,arxiv.org,11
Hybrid Product Recommendation System using Popularity Based and Content-Based Filtering,"… Furthermore, the evaluation metrics of our hybrid system demonstrate superior performance … system offers enhanced personalization and improved evaluation metrics, making it a more …","S Sharma, K Baishya, M Pandey, ...",2023,,Google Scholar,no,Relacionado a guitarra/aprendizado mas não menciona IA/ML,https://ieeexplore.ieee.org/abstract/document/10452564/,ieeexplore.ieee.org,7
Adversarial attacks on image classification models: FGSM and patch attacks and their impact,… CNNs are very popular deeplearning models which are used … model robustness ness curves are useful in the evaluation of … The authors considered the evaluation from four different …,"J Sen, S Dasgupta",2023,,Google Scholar,yes,,https://arxiv.org/abs/2307.02055,arxiv.org,35
Model interpretation and data valuation for machine learning,"… , machine learning interpretability and fairness, data valuation, and machine learning for … framework used for robust evaluation of the causal importance-scores of input features of a …",A Ghorbani,2021,,Google Scholar,yes,,https://search.proquest.com/openview/a461c1cdc7f38a02063b3ca51b6678a6/1?pq-origsite=gscholar&cbl=18750&diss=y,search.proquest.com,2
"Divide, evaluate, and refine: Evaluating and improving text-to-image alignment with iterative vqa feedback","… 7 while output images show both a lion and guitar, the lion does not seem to be playing the guitar. In contrast, Eval-and-Refine is able to describe both presence and relation between …","J Singh, L Zheng",2023,,Google Scholar,no,Relacionado a guitarra/aprendizado mas não menciona IA/ML,https://proceedings.neurips.cc/paper_files/paper/2023/hash/dfd0bd56e8a6f82d1619f5d093d5f9ca-Abstract-Conference.html,proceedings.neurips.cc,41
Comparative Study of Point Cloud Classification Using Deep Learning Neural Networks,"Point cloud processing using neural network is challenging due to its irregular and unstructured nature. In recent development, two general types of deep learning neural networks can …","CW Sia, KH Lim, JTS Phang",2023,,Google Scholar,yes,,https://ieeexplore.ieee.org/abstract/document/10248818/,ieeexplore.ieee.org,3
Deep learning techniques for weed detection in agricultural environments: A comprehensive review,"… has been completely transformed by Deep Learning (DL) … with deep learning (DL), a vital aspect of machine learning (ML)… the present status of Deep Learning based weed identification …","DG Pai, R Kamath, M Balachandra",2024,,Google Scholar,yes,,https://ieeexplore.ieee.org/abstract/document/10570187/,ieeexplore.ieee.org,22
Artificial intelligence quotient (AIQ),"… Zhang, and Anna Manyi Zheng for their helpful feedback on earlier drafts. We are grateful to … ChatGPT to brainstorm unusual uses for a guitar. Participants were informed that they would …","X Qin, JG Lu, C Chen, X Zhou, Y Gan, ...",2024,,Google Scholar,yes,,https://papers.ssrn.com/sol3/papers.cfm?abstract_id=4787320,papers.ssrn.com,13
Automatic identification of the endangered hawksbill sea turtle behavior using deep learning and cross-species transfer learning,"… Despite the automated analysis capabilities provided by deep learning, data scarcity … , leveraging deep learning and expanding the use of accelerometers for wildlife monitoring. …","L Jeantet, K Zondo, C Delvenne, ...",2024,,Google Scholar,yes,,https://journals.biologists.com/jeb/article/227/24/jeb249232/364854,journals.biologists.com,3
Quadratic terms based point-to-surface 3D representation for deep learning of point cloud,"… segmentation, we use the popular ScanNet [43] benchmark for evaluation. … guitar knife lamp laptopmotor bike … Qiao, “Spidercnn: Deep learning on point sets with parameterized …","T Sun, G Liu, R Li, S Liu, S Zhu, ...",2021,,Google Scholar,yes,,https://ieeexplore.ieee.org/abstract/document/9475448/,ieeexplore.ieee.org,25
GSV-NET: A Multi-modal deep learning network for 3D point cloud classification,"… machine learning-based methods for point cloud classification [12,13,14]. Deep learning … Deep learning cannot apply directly to point cloud due to their irregular structure. Several …","L Hoang, SH Lee, EJ Lee, KR Kwon",2022,,Google Scholar,yes,,https://www.mdpi.com/2076-3417/12/1/483,mdpi.com,18
Assessment tools and systems: Meaningful feedback approaches to promote critical and creative thinking,… Implementing feedback systems that engage and prompt critical and creative thinking … can enhance deep learning. Assessment Tools and Systems: Meaningful Feedback Approaches …,BJ Smith,2022,,Google Scholar,yes,,https://books.google.com/books?hl=en&lr=&id=WYmeEAAAQBAJ&oi=fnd&pg=PR9&dq=guitar%7C%22electric+guitar%22+%22artificial+intelligence%22%7C%22machine+learning%22%7C%22deep+learning%22%7C%22audio+analysis%22+feedback%7C%22performance+analysis%22%7Cevaluation%7Cexpressivity&ots=WrZ09Fp4TY&sig=UHyqq5bvsf2zjb96NOgtweXoONE,books.google.com,11
AI for social good: Using artificial intelligence to save the world,"… Frequent communication and feedback loops ensure the AI model matches real- world … Marvin Minsky brought his electric guitar and played late into the night, entertaining his …",R Dodhia,2024,,Google Scholar,yes,,https://books.google.com/books?hl=en&lr=&id=P4rtEAAAQBAJ&oi=fnd&pg=PR1&dq=guitar%7C%22electric+guitar%22+%22artificial+intelligence%22%7C%22machine+learning%22%7C%22deep+learning%22%7C%22audio+analysis%22+feedback%7C%22performance+analysis%22%7Cevaluation%7Cexpressivity&ots=BAU8Azyrju&sig=D8bAU4JpeERPr70Nf3gtRdxg4oI,books.google.com,14
Graph-based reasoning over heterogeneous external knowledge for commonsense question answering,… Figure 4: An example of constructed Wiki-Graph from the Wikipedia evidence “He began making music when he started guitar lessons” and “Making music and playing guitar are his …,"S Lv, D Guo, J Xu, D Tang, N Duan, M Gong, ...",2020,,Google Scholar,no,Relacionado a guitarra/aprendizado mas não menciona IA/ML,https://aaai.org/ojs/index.php/AAAI/article/view/6364,aaai.org,254
Egocentric hierarchical visual semantics,"… This paper presents the algorithm and a first evaluation. … Thus, for instance, a guitar should be recognized first as a … Traditional machine learning assumes a closed-world setting, …","L Erculiani, A Bontempelli, A Passerini, ...",2023,,Google Scholar,yes,,https://ebooks.iospress.nl/volumearticle/63343,ebooks.iospress.nl,4
Consisti2v: Enhancing visual consistency for image-to-video generation,… evaluation benchmark for I2V generation. Our automatic and human … quantitative evaluation benchmark dedicated to evaluating I2V generation models. We will release our evaluation …,"W Ren, H Yang, G Zhang, C Wei, X Du, ...",2024,,Google Scholar,no,Relacionado a guitarra/aprendizado mas não menciona IA/ML,https://arxiv.org/abs/2402.04324,arxiv.org,104
Data-driven machine learning: A new approach to process and utilize biomedical data,"… Machine Learning (ML) and Artificial Intelligence (AI) have emerged as promising solutions, and … A brief overview of the current scenarios and future prospects of Machine Learning in …","A Srivastava, S Jha",2022,,Google Scholar,yes,,https://www.sciencedirect.com/science/article/pii/B9780323998642000172,Elsevier,9
"Acpbench: Reasoning about action, change, and planning",… zoe is assigned guitar. Bool: Is the following action applicable in this state: trade guitar of zoe … In our work we do not modify prompts across models – our objective in the evaluation is to …,"H Kokel, M Katz, K Srinivas, S Sohrabi",2025,,Google Scholar,no,Relacionado a guitarra/aprendizado mas não menciona IA/ML,https://ojs.aaai.org/index.php/AAAI/article/view/34857,ojs.aaai.org,26
"Leveraging EBSD data by deep learning for bainite, ferrite and martensite segmentation","A U-Net model was trained to perform the segmentation of bainite, ferrite and martensite on EBSD maps using the kernel average misorientation and the pattern quality index as input. …","S Breumier, TM Ostormujof, B Frincu, N Gey, ...",2022,,Google Scholar,yes,,https://www.sciencedirect.com/science/article/pii/S1044580322000870,Elsevier,56
PACNet: a high-precision point cloud registration network based on deep learning,… Fig.3 shows the training curve and test curve of our model on various evaluation indicators. It can be seen from the figure that the training curve is similar to the test curve. The error …,"Q Mei, F Wang, C Tong, J Zhang, ...",2021,,Google Scholar,yes,,https://ieeexplore.ieee.org/abstract/document/9613579/,ieeexplore.ieee.org,9
Machine learning based deep cloud model to enhance robustness and noise interference,"To improve the ability of the 3-D point cloud deep network classification model, this paper presents a competitive attention fusion module that may be applied to various classification …","M Raparthi, A Agarwal",2023,,Google Scholar,yes,,https://jesm.in/wp-content/uploads/2024/02/Paper-3.pdf,jesm.in,22
A novel method to solve neural knapsack problems,… guitar in the example. Note that the selected points successfully capture the key characteristics of the guitar… know for V ⊂ V ; and σ is an evaluation metric such as cross-entropy loss4. …,"D Li, J Liu, D Lee, A Seyedmazloom, ...",2021,,Google Scholar,no,Relacionado a guitarra/aprendizado mas não menciona IA/ML,http://proceedings.mlr.press/v139/li21m.html,proceedings.mlr.press,15
A light-weight gender/age estimation model based on multi-taking deep learning for an embedded system,,"HTQ Bao, ST Chung",2020,,Google Scholar,yes,,,Korea Information Processing …,7
Point-Voxel Transformer: An Efficient Approach To 3D Deep Learning,"… The unstructuredness of point clouds makes the use of deep learning for its direct … deep learning techniques, mainly focusing on raw point cloud data. The initial work on deep learning …",SA Darmawan,2021,,Google Scholar,yes,,https://www.academia.edu/download/86582338/2108.06076v1.pdf,academia.edu,53
Toward intelligent communications: Large model empowered semantic communications,… witnessed the success of deep learning (DL) in fostering … model can offer information about playing guitar and Disney style. … to edge and then feedback the generated virtual items in VR. …,"H Xie, Z Qin, X Tao, Z Han",2024,,Google Scholar,yes,,https://ieeexplore.ieee.org/abstract/document/10599117/,ieeexplore.ieee.org,29
Integrating supercomputing and artificial intelligence for life science,"… world of artificial intelligence for science. My research interest is to develop deep learning methods … When I am not working, I’m also a big fan of e-sports and a fingerstyle guitar player. …","J Rao, S Zheng, Y Yang",2022,,Google Scholar,yes,,https://www.cell.com/patterns/fulltext/S2666-3899(22)00293-8,cell.com,4
"Artificial intelligence: Ethical, social, and security impacts for the present and the future",Let’s start by saying that this book is not a guide on how to develop AI. There are plenty of those–and plenty of YouTube videos providing introductions to machine learning (ML) and AI. …,J Mehan,2022,,Google Scholar,yes,,https://www.torrossa.com/gs/resourceProxy?an=5750999&publisher=FZO328,torrossa.com,19
Taxing artificial intelligence,"… On a more personal side, this book is also the result of practicing over the years with an electric guitar in various bands and recording studios and the increasing use of technology in …",X Oberson,2024,,Google Scholar,yes,,https://books.google.com/books?hl=en&lr=&id=Xzn7EAAAQBAJ&oi=fnd&pg=PR1&dq=guitar%7C%22electric+guitar%22+%22artificial+intelligence%22%7C%22machine+learning%22%7C%22deep+learning%22%7C%22audio+analysis%22+feedback%7C%22performance+analysis%22%7Cevaluation%7Cexpressivity&ots=GI-_j6AsLz&sig=pRmV1sJQPW5o5G9SlvvbLR2QpTk,books.google.com,7
Chatbot arena: An open platform for evaluating llms by human preference,… • We build the first large-scale crowd-sourced live LLM evaluation platform with over 1M … This paper presents work whose goal is to advance the field of Machine Learning. There are …,"WL Chiang, L Zheng, Y Sheng, ...",2024,,Google Scholar,yes,,https://openreview.net/forum?id=3MW8GKNyzI,openreview.net,1110
Stereotype and categorical bias evaluation via differential cosine bias measure,… While machine learning models are expected to automatically … Many bias evaluation measures have been designed and … models compared to the popular bias evaluation measures. …,"S Sayenju, R Aygun, B Franks, ...",2022,,Google Scholar,yes,,https://ieeexplore.ieee.org/abstract/document/10020924/,ieeexplore.ieee.org,5
DV-ConvNet: Fully convolutional deep learning on point clouds with dynamic voxelization and 3d group convolution,"… Our evaluation is conducted based on both 1-fold and 6-fold cross validation, and the … the-art performance regarding all the three main evaluation indices for 6-fold cross validation, and …","Z Su, PS Tan, J Chow, J Wu, Y Cheong, ...",2020,,Google Scholar,yes,,https://arxiv.org/abs/2009.02918,arxiv.org,6
An architectural risk analysis of large language models: Applied machine learning security,"… Wrongness grows just like guitar feedback through an amp does. BIML identified this problem in 2020. See [BIML78 raw:8:looping], [LLMtop10:1:recursive pollution] and Shumailov.…","G McGraw, H Figueroa, K McMahon, ...",2024,,Google Scholar,yes,,https://berryvilleiml.com/docs/BIML-LLM24.pdf,berryvilleiml.com,4
Application of video data classification models using convolutional neural networks,… This paper aims to research and develop artificial intelligence … Overall deep learning methods have significantly enhanced … The accuracy metrics for this evaluation also experience an …,"I Tvoroshenko, V Pomazan, V Gorokhovatskyi, ...",2023,,Google Scholar,yes,,https://openarchive.nure.ua/bitstreams/186ba1e3-757f-4d23-b4e3-5d566bf98e7b/download,openarchive.nure.ua,33
Traffic sign recognition using machine learning,"… , and three object detection deep learning models are selected. … Evaluation of the case study shows that it is possible to … play the guitar if you already know how to play the piano. [10] …","S Sharif, J Lilja",2020,,Google Scholar,no,Contém palavra-chave de exclusão: piano,https://www.diva-portal.org/smash/record.jsf?pid=diva2:1459556,diva-portal.org,3
Artificial Intelligence: Challenges for the future,"… if the shuttles weaved on their own and the guitar strings played on their own, then the architects … with or without feedback. Deep learning essentially – in the presence of a large enough …",M Vazirgiannis,2020,,Google Scholar,yes,,https://shs.cairn.info/revue-enjeux-numeriques-2020-2-page-32?tab=texte-integral,shs.cairn.info,1
Feedback: Translations from the IrRational,"… time, at age thirteen, that I experienced acoustic feedback in a musical-or any other-context. … electric guitar informed me that this was the sound of feedback, caused by leaving the guitar …",E Sharp,2025,,Google Scholar,no,Relacionado a guitarra/aprendizado mas não menciona IA/ML,https://books.google.com/books?hl=en&lr=&id=hiGIEQAAQBAJ&oi=fnd&pg=PP1&dq=guitar%7C%22electric+guitar%22+%22artificial+intelligence%22%7C%22machine+learning%22%7C%22deep+learning%22%7C%22audio+analysis%22+feedback%7C%22performance+analysis%22%7Cevaluation%7Cexpressivity&ots=1Orpb1XvV5&sig=otVv83NkNDOot1SwuCKj1p2oAJ4,books.google.com,0
A machine learning approach for midi to guitar tablature conversion,… This paper presents a method for assigning guitar tablature … guitar-idiomatic expressional characteristics is involved (eg bending etc.) The current strategy is based on machine learning …,"M Kaliakatsos-Papakostas, G Bastas, D Makris, ...",2025,,Google Scholar,yes,,https://arxiv.org/abs/2510.10619,arxiv.org,1
User-Centered Evaluation of Smart Musical Instruments with Embedded Real-Time Pattern Detection,… deep learning that recognizes a set of predefined polyphonic patterns from an incoming audio stream. We embed such an algorithm into smart electric guitar … integrating deep learning-…,"N Silva, L Turchet",2025,,Google Scholar,yes,,https://ieeexplore.ieee.org/abstract/document/11202088/,ieeexplore.ieee.org,0
GOAT: A Large Dataset of Paired Guitar Audio Recordings and Tablatures,"… deep learning approaches, progress has been limited by the scarcity and limited annotations of datasets. To address this, we present the Guitar … ; (3) an evaluation of results when using …","J Loth, P Sarmento, S Sarkar, Z Guo, M Barthet, ...",2025,,Google Scholar,yes,,https://arxiv.org/abs/2509.22655,arxiv.org,1
From Tools to Creators: A Review on the Development and Application of Artificial Intelligence Music Generation,"… feedback, … with guitar accompaniment created by George Harrison in 1995, effectively reviving the song from 45 years ago and showcasing the immense potential of artificial intelligence …","L Wei, Y Yu, Y Qin, S Zhang",2025,,Google Scholar,yes,,https://www.mdpi.com/2078-2489/16/8/656,mdpi.com,5
Music Instruments Classification Using Signal Processing and Machine Learning,"… the significance of audio feature extraction and evaluation measures. EL Ding and Eshita … We only used five instruments for our classification purpose those are flute, acoustic guitar, …","H Chandrashekar, KT Swetha, V Ambika, ...",2025,,Google Scholar,yes,,https://ieeexplore.ieee.org/abstract/document/11187551/,ieeexplore.ieee.org,0
Automatic Guitar Transcription Using Deep Neural Networks,"… Although there are many other important concepts in deep learning, only the most relevant … , this chapter aims to provide an unbiased evaluation of the model’s performance and its …",S Chieppa,2024,,Google Scholar,yes,,https://mir.dei.uc.pt/pdf/Theses/MERGE/MSc_Thesis_2024_SimoneChieppa.pdf,mir.dei.uc.pt,0
Intelligent generation and optimization of resources in music teaching reform based on artificial intelligence and deep learning,"… deep learning and reinforcement learning, has strong adaptability and independent decision-making ability, and can optimize behavior strategies according to feedback … (such as …","D Cheng, X Qu",2025,,Google Scholar,yes,,https://www.nature.com/articles/s41598-025-16458-8,nature.com,1
"Artificial Intelligence in Music Education: Trends, Challenges, and Future Directions","… years, driven by advancements in machine learning, natural language processing, and … -time feedback mechanisms in music education [4]–[8]. AI-driven platforms utilize deep learning …","CAN Mazlan, SI Koning, MYM Yusoff, ...",2025,,Google Scholar,yes,,https://ieeexplore.ieee.org/abstract/document/11158139/,ieeexplore.ieee.org,1
Neural Audio Sculpting Towards Autonomous Multitrack Sonic Transformations,"… the emerging integration of deep learning techniques, … production pipelines creates a feedback loop wherein compositional … Bass and Guitar stems yielded more accurate reproductions, …",B Wira,2025,,Google Scholar,no,Contém palavra-chave de exclusão: composition,https://engrxiv.org/preprint/view/4957,engrxiv.org,1
Explainable instrument classification: from MFCC mean-vector models to CNNs on MFCC and mel-spectrograms with t-SNE and Grad-CAM insights,"… to this intersection between deep learning, signal processing, … the accordion, acoustic guitar, banjo, bass guitar, clarinet, … the development, training, and evaluation of neural networks: it …","T Senatori, D Nardone, M Lo Giudice, A Salvini",2025,,Google Scholar,yes,,https://www.mdpi.com/2078-2489/16/10/864,mdpi.com,1
Whisper Model and Lexrank Algorithm as an Efficient Solution for YouTube Video Transcription and Summarization,"… machine learning approaches has shown promising results in multidocument scenarios using ROUGE as the evaluation … But if you put the guitar in a place that is easy to see, like in the …","LM Wicaksana, MA Bianto, I Pasha, ...",2025,,Google Scholar,yes,,https://ioinformatic.org/index.php/JAIEA/article/view/1259,ioinformatic.org,0
From artificial intelligence to real dummies,"… But beware: by analyzing students’ answers and providing instant feedback, digital … You can ask it to write a poem like Rimbaud, paint like Hopper, or play guitar like Hendrix, and it will …",R Vivian,2025,,Google Scholar,yes,,http://ojs.ukscip.com/index.php/dtra/article/view/1205,ojs.ukscip.com,3
Quest: Human Learning-A Framework for Incorporating Generative-AI Teaching and Learning Instruction in STEM Pre-Service Teacher Preparation (Evaluation),… using advanced statistical and machine learning techniques. … Add a summary and evaluation of how any LLM provided a … all of the keys on a keyboard or all the strings on a guitar. …,"C Liebe, SA Schill, CE Smith, JA Ovi",2025,,Google Scholar,yes,,https://peer.asee.org/quest-human-learning-a-framework-for-incorporating-generative-ai-teaching-and-learning-instruction-in-stem-pre-service-teacher-preparation-evaluation,peer.asee.org,0
Beat-Based Rhythm Quantization of MIDI Performances,"… We propose a confusion-based evaluation metric tailored to … Extending beyond piano, we adapted the model to guitar … -of-the-art probabilistic and deep learning-based approaches. We …","M Wachter, S Murgul, M Heizmann",2025,,Google Scholar,no,Contém palavra-chave de exclusão: piano,https://arxiv.org/abs/2508.19262,arxiv.org,0
Musical Source Separation Bake-Off: Comparing Objective Metrics with Human Perception,"… In this study, we conducted a largescale listener evaluation on … —encompassing remaining instruments such as guitar or piano. In … [8] as a novel deep-learning metric that compares the …","N Jaffe, JA Burgoyne",2025,,Google Scholar,no,Contém palavra-chave de exclusão: piano,https://arxiv.org/abs/2507.06917,arxiv.org,1
Mmau-pro: A challenging and comprehensive benchmark for holistic evaluation of audio general intelligence,"… For evaluation of multiaudio, for models that do not support multi-audio analysis, we … What is the selling point of the guitar solo around 2:45? Options: 1) Fast staccato notes, 2) …","S Kumar, Š Sedláček, V Lokegaonkar, F López, ...",2025,,Google Scholar,no,Relacionado a guitarra/aprendizado mas não menciona IA/ML,https://arxiv.org/abs/2508.13992,arxiv.org,10
AI Technologies in Music Education: Personalized Learning for Elementary School Students,"… feedback based on predefined rules [1]. However, with advancements in artificial intelligence, particularly in machine learning and … mances on instruments like guitar and piano, offering …","LV Mandaric, E Brajkovic",2025,,Google Scholar,no,Contém palavra-chave de exclusão: piano,https://books.google.com/books?hl=en&lr=&id=wSCOEQAAQBAJ&oi=fnd&pg=PA182&dq=guitar%7C%22electric+guitar%22+%22artificial+intelligence%22%7C%22machine+learning%22%7C%22deep+learning%22%7C%22audio+analysis%22+feedback%7C%22performance+analysis%22%7Cevaluation%7Cexpressivity&ots=3iEw6EnlUL&sig=usVMLi3pFmuKl9WK3F8CZ0fGjVs,books.google.com,0
Audio signal processing in the artificial intelligence era: challenges and directions,"… data) and loss functions for computing an evaluation criterion quantifying how well a computed … Ostermann, “Classification of guitar effects and extraction of their parameter settings from …","CJ Steinmetz, C Uhle, F Everardo, C Mitcheltree, ...",2025,,Google Scholar,yes,,https://www.merl.com/publications/docs/TR2025-116.pdf,merl.com,1
Conceptual Bridges in Machine Learning,"… To assess the quality of the generated analogies, we conducted an expert evaluation. This evaluation focused on three key criteria that capture both the quality and the structure of each …",M Cristescu,2025,,Google Scholar,yes,,https://repository.tudelft.nl/record/uuid:37b9155d-9173-4e7b-bbaa-a6f95dcffc0e,repository.tudelft.nl,0
"Deep Neural Network and SVM-Based Multiclass Musical Instruments Classification Using MFCC, STFT, and Related Acoustic Features","… Using Deep Learning (DL) alongside Artificial Intelligence … distribution during the training and evaluation of the models, … range of the acoustic guitar and bass guitar. Not too dissimilar to …",Y Liu,2025,,Google Scholar,yes,,https://www.informatica.si/index.php/informatica/article/view/8730,informatica.si,0
