Cites,Authors,Title,Year,Source,Publisher,ArticleURL,CitesURL,GSRank,QueryDate,Type,DOI,ISSN,CitationURL,Volume,Issue,StartPage,EndPage,ECC,CitesPerYear,CitesPerAuthor,AuthorCount,Age,Abstract,FullTextURL,RelatedURL
21,"SI Giraldo, R Ramirez","A machine learning approach to discover rules for expressive performance actions in jazz guitar music",2016,"Frontiers in psychology","frontiersin.org","https://www.frontiersin.org/articles/10.3389/fpsyg.2016.01965/full","https://scholar.google.com/scholar?cites=11324419548964251350&as_sdt=2005&sciodt=2007&hl=en",1,"2025-12-14 08:01:17","HTML","10.3389/fpsyg.2016.01965","","",,,,,21,2.33,11,2,9,"… , and ornamentation transformations in jazz guitar music. We extract … We apply machine learning techniques to the resulting … by two other professional jazz guitar players. Results show a …","https://www.frontiersin.org/articles/10.3389/fpsyg.2016.01965/full","https://scholar.google.com/scholar?q=related:1uaAl5RrKJ0J:scholar.google.com/&scioq=guitar%7C%22electric+guitar%22+%22artificial+intelligence%22%7C%22machine+learning%22%7C%22deep+learning%22%7C%22audio+analysis%22+feedback%7C%22performance+analysis%22%7Cevaluation%7Cexpressivity&hl=en&as_sdt=2007"
32,"J Abeßer","Automatic string detection for bass guitar and electric guitar",2012,"International Symposium on Computer Music Modeling …","Springer","https://link.springer.com/chapter/10.1007/978-3-642-41248-6_18","https://scholar.google.com/scholar?cites=7743047133474773867&as_sdt=2005&sciodt=2007&hl=en",2,"2025-12-14 08:01:17","","10.1007/978-3-642-41248-6_18","","",,,,,32,2.46,32,1,13,"… a machine learning-based approach to automatically estimate the fretboard position (string number and fret number) from recordings of the bass guitar and the electric guitar. … evaluation …","http://cmmr2012.eecs.qmul.ac.uk/sites/cmmr2012.eecs.qmul.ac.uk/files/pdf/papers/cmmr2012_submission_70.pdf","https://scholar.google.com/scholar?q=related:a9ve7VfUdGsJ:scholar.google.com/&scioq=guitar%7C%22electric+guitar%22+%22artificial+intelligence%22%7C%22machine+learning%22%7C%22deep+learning%22%7C%22audio+analysis%22+feedback%7C%22performance+analysis%22%7Cevaluation%7Cexpressivity&hl=en&as_sdt=2007"
31,"T Vanhatalo, P Legrand, M Desainte-Catherine, ...","A review of neural network-based emulation of guitar amplifiers",2022,"Applied Sciences","mdpi.com","https://www.mdpi.com/2076-3417/12/12/5894","https://scholar.google.com/scholar?cites=12511344778150324073&as_sdt=2005&sciodt=2007&hl=en",3,"2025-12-14 08:01:17","HTML","","","",,,,,31,10.33,8,4,3,"… amplifier emulation will be presented along with an evaluation of the approaches as well as their … Machine Learning (ML) methods have also been proposed for the emulation of guitar …","https://www.mdpi.com/2076-3417/12/12/5894","https://scholar.google.com/scholar?q=related:aacWrMk5oa0J:scholar.google.com/&scioq=guitar%7C%22electric+guitar%22+%22artificial+intelligence%22%7C%22machine+learning%22%7C%22deep+learning%22%7C%22audio+analysis%22+feedback%7C%22performance+analysis%22%7Cevaluation%7Cexpressivity&hl=en&as_sdt=2007"
59,"YP Chen, L Su, YH Yang","Electric Guitar Playing Technique Detection in Real-World Recording Based on F0 Sequence Pattern Recognition.",2015,"ISMIR","archives.ismir.net","https://archives.ismir.net/ismir2015/paper/000119.pdf","https://scholar.google.com/scholar?cites=1305023005274080611&as_sdt=2005&sciodt=2007&hl=en",4,"2025-12-14 08:01:17","PDF","","","",,,,,59,5.90,20,3,10,"… To examine how the proposed approach can be applied to real-world recordings with accompaniment, we also conduct a preliminary evaluation using 5 well-known guitar solo tracks …","https://archives.ismir.net/ismir2015/paper/000119.pdf","https://scholar.google.com/scholar?q=related:YwUTTYJfHBIJ:scholar.google.com/&scioq=guitar%7C%22electric+guitar%22+%22artificial+intelligence%22%7C%22machine+learning%22%7C%22deep+learning%22%7C%22audio+analysis%22+feedback%7C%22performance+analysis%22%7Cevaluation%7Cexpressivity&hl=en&as_sdt=2007"
39,"S Giraldo, R Ramírez-Melendez","A machine learning approach to ornamentation modeling and synthesis in jazz guitar",2018,"Machine Learning and Music …","taylorfrancis.com","https://www.taylorfrancis.com/chapters/edit/10.4324/9781351234542-3/machine-learning-approach-ornamentation-modeling-synthesis-jazz-guitar-sergio-giraldo-rafael-ram%C3%ADrez-melendez","https://scholar.google.com/scholar?cites=9020973547072212139&as_sdt=2005&sciodt=2007&hl=en",5,"2025-12-14 08:01:17","","10.4324/9781351234542-3/machine-learning-approach-ornamentation-modeling-synthesis-jazz-guitar-sergio-giraldo-rafael-ram%C3%ADrez-melendez","","",,,,,39,5.57,20,2,7,"… Similarly to the evaluation of the different machine learning algorithms, for synthesis we followed a leave-one-piece-out scheme in which, on each fold, the notes of one piece were used …","https://www.researchgate.net/profile/Sergio-Giraldo/publication/309209500_A_machine_learning_approach_to_ornamentation_modeling_and_synthesis_in_jazz_guitar/links/5c23734fa6fdccfc706a1349/A-machine-learning-approach-to-ornamentation-modeling-and-synthesis-in-jazz-guitar.pdf","https://scholar.google.com/scholar?q=related:q0xvWaXvMH0J:scholar.google.com/&scioq=guitar%7C%22electric+guitar%22+%22artificial+intelligence%22%7C%22machine+learning%22%7C%22deep+learning%22%7C%22audio+analysis%22+feedback%7C%22performance+analysis%22%7Cevaluation%7Cexpressivity&hl=en&as_sdt=2007"
1,"S Giraldo, A Nasarre, I Heroux, R Ramirez","A Machine Learning Approach to Study Expressive Performance Deviations in Classical Guitar",2019,"… on Machine Learning and …","Springer","https://link.springer.com/chapter/10.1007/978-3-030-43887-6_48","https://scholar.google.com/scholar?cites=8959557661249830900&as_sdt=2005&sciodt=2007&hl=en",6,"2025-12-14 08:01:17","","10.1007/978-3-030-43887-6_48","","",,,,,1,0.17,0,4,6,"… present a machine learning approach … evaluation consisted in obtaining the correlations among the actual deviations for each note, among all performers. Later, at the Machine Learning …","","https://scholar.google.com/scholar?q=related:9P9sHzm-VnwJ:scholar.google.com/&scioq=guitar%7C%22electric+guitar%22+%22artificial+intelligence%22%7C%22machine+learning%22%7C%22deep+learning%22%7C%22audio+analysis%22+feedback%7C%22performance+analysis%22%7Cevaluation%7Cexpressivity&hl=en&as_sdt=2007"
9,"A Martelloni, AP McPherson, M Barthet","Real-time percussive technique recognition and embedding learning for the acoustic guitar",2023,"arXiv preprint arXiv:2307.07426","arxiv.org","https://arxiv.org/abs/2307.07426","https://scholar.google.com/scholar?cites=10133492817377006640&as_sdt=2005&sciodt=2007&hl=en",7,"2025-12-14 08:01:17","","","","",,,,,9,4.50,3,3,2,"… Our method relies on deep learning to develop recognition and embedding learning of guitar body … us to pursue a further type of behavioural evaluation with guitar players. In particular, …","https://arxiv.org/pdf/2307.07426","https://scholar.google.com/scholar?q=related:MJS6IQdmoYwJ:scholar.google.com/&scioq=guitar%7C%22electric+guitar%22+%22artificial+intelligence%22%7C%22machine+learning%22%7C%22deep+learning%22%7C%22audio+analysis%22+feedback%7C%22performance+analysis%22%7Cevaluation%7Cexpressivity&hl=en&as_sdt=2007"
2,"M CHEN, PM LINDBORG","Observations on Guitar Music Produced by AI Reverberation and Professional Sound Engineers",2023,"… Journal of Music Science, Technology and …","ijmsta.com","http://www.ijmsta.com/Vol_5_1_Papers/IJMSTA_Paper_1.pdf","https://scholar.google.com/scholar?cites=15754835019346290748&as_sdt=2005&sciodt=2007&hl=en",8,"2025-12-14 08:01:17","PDF","","","",,,,,2,1.00,1,2,2,"… Artificial intelligence (AI) technologies have been applied in music … of evaluation on human-processed reverberation increases with the assessment of Clarity while the evaluation on AI-…","http://www.ijmsta.com/Vol_5_1_Papers/IJMSTA_Paper_1.pdf","https://scholar.google.com/scholar?q=related:PCgFN_pqpNoJ:scholar.google.com/&scioq=guitar%7C%22electric+guitar%22+%22artificial+intelligence%22%7C%22machine+learning%22%7C%22deep+learning%22%7C%22audio+analysis%22+feedback%7C%22performance+analysis%22%7Cevaluation%7Cexpressivity&hl=en&as_sdt=2007"
10,"C Erdem, Q Lan, J Fuhrer, C Martin, J Torresen, ...","Towards playing in the'Air': Modeling motion-sound energy relationships in electric guitar performance using deep neural networks",2020,"","openresearch-repository.anu.edu.au","https://openresearch-repository.anu.edu.au/items/2752e22c-a94c-4fa5-a0ec-c670d6c19223","https://scholar.google.com/scholar?cites=14646546972087175938&as_sdt=2005&sciodt=2007&hl=en",9,"2025-12-14 08:01:17","","","","",,,,,10,2.00,2,6,5,"… Air Guitar [4] and the Virtual Slide Guitar [5]. There are also more recent examples of using deep learning … Although no systematic evaluation has taken place, our sonification experiment …","https://openresearch-repository.anu.edu.au/bitstreams/cbaf775e-50dd-4920-b00c-e4ab7ec6dba3/download","https://scholar.google.com/scholar?q=related:AktU0d78QssJ:scholar.google.com/&scioq=guitar%7C%22electric+guitar%22+%22artificial+intelligence%22%7C%22machine+learning%22%7C%22deep+learning%22%7C%22audio+analysis%22+feedback%7C%22performance+analysis%22%7Cevaluation%7Cexpressivity&hl=en&as_sdt=2007"
2,"TH Özaslan","Computational analysis of expressivity in classical guitar performances",2013,"","tdx.cat","https://www.tdx.cat/handle/10803/128877","https://scholar.google.com/scholar?cites=3413869493056051784&as_sdt=2005&sciodt=2007&hl=en",10,"2025-12-14 08:01:17","","","","",,,,,2,0.17,2,1,12,"… Second, we conducted a comprehensive analysis of timing deviations in classical guitar. Timing … Our system exploits feature extraction and machine learning techniques. Classification …","https://www.tdx.cat/bitstream/handle/10803/128877/ttho.pdf?sequence=6.xml","https://scholar.google.com/scholar?q=related:SBomazeAYC8J:scholar.google.com/&scioq=guitar%7C%22electric+guitar%22+%22artificial+intelligence%22%7C%22machine+learning%22%7C%22deep+learning%22%7C%22audio+analysis%22+feedback%7C%22performance+analysis%22%7Cevaluation%7Cexpressivity&hl=en&as_sdt=2007"
4,"M Cicconet","The Guitar as a Human-Computer Interface",2010,"","impa.br","https://impa.br/~cicconet/thesis/CicconetThesis.pdf","https://scholar.google.com/scholar?cites=17230819630606003924&as_sdt=2005&sciodt=2007&hl=en",11,"2025-12-14 08:01:17","PDF","","","",,,,,4,0.27,4,1,15,"… Instead we apply a Supervised Machine Learning technique to train the machine with the … Supervised Machine Learning techniques. We decided not to perform such evaluation for this …","https://impa.br/~cicconet/thesis/CicconetThesis.pdf","https://scholar.google.com/scholar?q=related:1C4ZRykrIO8J:scholar.google.com/&scioq=guitar%7C%22electric+guitar%22+%22artificial+intelligence%22%7C%22machine+learning%22%7C%22deep+learning%22%7C%22audio+analysis%22+feedback%7C%22performance+analysis%22%7Cevaluation%7Cexpressivity&hl=en&as_sdt=2007"
6,"T Schmitz, JJ Embrechts","Objective and subjective comparison of several machine learning techniques applied for the real-time emulation of the guitar amplifier nonlinear behavior",2019,"Audio Engineering Society Convention 146","aes.org","https://www.aes.org/e-lib/download.cfm?ID=20324","https://scholar.google.com/scholar?cites=17129600163306106709&as_sdt=2005&sciodt=2007&hl=en",12,"2025-12-14 08:01:17","","","","",,,,,6,1.00,3,2,6,"… In particular, machine learning techniques have enabled an … a subjective evaluation of the model with a listening-test. … field of machine learning enabling the real-time emulation of guitar …","","https://scholar.google.com/scholar?q=related:VW9VjpeQuO0J:scholar.google.com/&scioq=guitar%7C%22electric+guitar%22+%22artificial+intelligence%22%7C%22machine+learning%22%7C%22deep+learning%22%7C%22audio+analysis%22+feedback%7C%22performance+analysis%22%7Cevaluation%7Cexpressivity&hl=en&as_sdt=2007"
34,"M Comunità, D Stowell, JD Reiss","Guitar effects recognition and parameter estimation with convolutional neural networks",2020,"arXiv preprint arXiv:2012.03216","arxiv.org","https://arxiv.org/abs/2012.03216","https://scholar.google.com/scholar?cites=8027794776616852235&as_sdt=2005&sciodt=2007&hl=en",13,"2025-12-14 08:01:17","","","","",,,,,34,6.80,11,3,5,"… to develop a deep learning model capable of recognising which specific guitar pedal effect … and bass recordings on recognition of 11 different effects: feedback and slapback delay, …","https://arxiv.org/pdf/2012.03216","https://scholar.google.com/scholar?q=related:C9v79dB0aG8J:scholar.google.com/&scioq=guitar%7C%22electric+guitar%22+%22artificial+intelligence%22%7C%22machine+learning%22%7C%22deep+learning%22%7C%22audio+analysis%22+feedback%7C%22performance+analysis%22%7Cevaluation%7Cexpressivity&hl=en&as_sdt=2007"
4,"MA Borja, JE Camargo","Music software with a Machine Learning-based feedback system as an alternative for initial piano study in children.",2024,"Inteligencia Artificial: Revista …","search.ebscohost.com","https://search.ebscohost.com/login.aspx?direct=true&profile=ehost&scope=site&authtype=crawler&jrnl=11373601&AN=177767898&h=aWACS3qeY3SbzpIFPGFcAIXn9osA7NQjjspwf19zpAEQjs1L78YUIdZmWvrAmfWtlHygQy2t8B9TEUQ%2BNDzvew%3D%3D&crl=c","https://scholar.google.com/scholar?cites=14131634644053177165&as_sdt=2005&sciodt=2007&hl=en",14,"2025-12-14 08:01:17","","","","",,,,,4,4.00,2,2,1,"… For the implementation of the feedback system, it was necessary to find the most appropriate Machine Learning classifier for the objective of this stage. For this, a comparison was made …","https://scholar.archive.org/work/2mkzydlopzepzan2rgqgdwsz7q/access/wayback/http://journal.iberamia.org/index.php/intartif/article/download/983/213","https://scholar.google.com/scholar?q=related:TbNkDtamHcQJ:scholar.google.com/&scioq=guitar%7C%22electric+guitar%22+%22artificial+intelligence%22%7C%22machine+learning%22%7C%22deep+learning%22%7C%22audio+analysis%22+feedback%7C%22performance+analysis%22%7Cevaluation%7Cexpressivity&hl=en&as_sdt=2007"
4,"WH Lai, SL Wang","Separation of electric guitar sound based on stacked recurrent neural network",2020,"… and Applications of Artificial Intelligence …","ieeexplore.ieee.org","https://ieeexplore.ieee.org/abstract/document/9382435/","https://scholar.google.com/scholar?cites=14882478082372107958&as_sdt=2005&sciodt=2007&hl=en",15,"2025-12-14 08:01:17","","","","",,,,,4,0.80,2,2,5,"… The generated extraction results were compared with clean electric guitar sounds. Although the results remained far from complete extractions, the objective performance evaluation …","","https://scholar.google.com/scholar?q=related:tn5TFfcuic4J:scholar.google.com/&scioq=guitar%7C%22electric+guitar%22+%22artificial+intelligence%22%7C%22machine+learning%22%7C%22deep+learning%22%7C%22audio+analysis%22+feedback%7C%22performance+analysis%22%7Cevaluation%7Cexpressivity&hl=en&as_sdt=2007"
128,"C Kehling, J Abeßer, C Dittmar, G Schuller","Automatic Tablature Transcription of Electric Guitar Recordings by Estimation of Score-and Instrument-Related Parameters.",2014,"DAFx","dafx.de","https://www.dafx.de/paper-archive/2014/dafx14_christian_kehling_automatic_tablature_trans.pdf","https://scholar.google.com/scholar?cites=17485767425435079733&as_sdt=2005&sciodt=2007&hl=en",16,"2025-12-14 08:01:17","PDF","","","",,,,,128,11.64,32,4,11,"… and machine learning techniques. Various publications analyzed … evaluation measures Precision, Recall, F-Measure, and Accuracy. In this section, a novel dataset of electric guitar …","https://www.dafx.de/paper-archive/2014/dafx14_christian_kehling_automatic_tablature_trans.pdf","https://scholar.google.com/scholar?q=related:NZQnctTsqfIJ:scholar.google.com/&scioq=guitar%7C%22electric+guitar%22+%22artificial+intelligence%22%7C%22machine+learning%22%7C%22deep+learning%22%7C%22audio+analysis%22+feedback%7C%22performance+analysis%22%7Cevaluation%7Cexpressivity&hl=en&as_sdt=2007"
15,"CY Wang, PC Chang, JJ Ding, TC Tai, ...","Spectral–temporal receptive field-based descriptors and hierarchical cascade deep belief network for guitar playing technique classification",2020,"IEEE Transactions …","ieeexplore.ieee.org","https://ieeexplore.ieee.org/abstract/document/9198935/","https://scholar.google.com/scholar?cites=4454776487841314135&as_sdt=2005&sciodt=2007&hl=en",17,"2025-12-14 08:01:17","","","","",,,,,15,3.00,3,5,5,"… features from guitar sounds. This work applies a supervised deep learning approach to classify … The evaluation results are reported in terms of F-score at the clip-level, and the F-score is …","http://vaplab.ee.ncu.edu.tw/english/pcchang/pdf/j59.pdf","https://scholar.google.com/scholar?q=related:VzWL_5yL0j0J:scholar.google.com/&scioq=guitar%7C%22electric+guitar%22+%22artificial+intelligence%22%7C%22machine+learning%22%7C%22deep+learning%22%7C%22audio+analysis%22+feedback%7C%22performance+analysis%22%7Cevaluation%7Cexpressivity&hl=en&as_sdt=2007"
1,"L COSTALONGA","Biomechanical modelling of guitar performance",2023,"","Edufes","","https://scholar.google.com/scholar?cites=14606593481960416799&as_sdt=2005&sciodt=2007&hl=en",18,"2025-12-14 08:01:17","CITATION","","","",,,,,1,0.50,1,1,2,"","","https://scholar.google.com/scholar?q=related:H2bJ_mELtcoJ:scholar.google.com/&scioq=guitar%7C%22electric+guitar%22+%22artificial+intelligence%22%7C%22machine+learning%22%7C%22deep+learning%22%7C%22audio+analysis%22+feedback%7C%22performance+analysis%22%7Cevaluation%7Cexpressivity&hl=en&as_sdt=2007"
8,"T Schmitz","Nonlinear modeling of the guitar signal chain enabling its real-time emulation",2019,"","orbi.uliege.be","https://orbi.uliege.be/handle/2268/238507","https://scholar.google.com/scholar?cites=3345132216535821177&as_sdt=2005&sciodt=2007&hl=en",19,"2025-12-14 08:01:17","","","","",,,,,8,1.33,8,1,6,"… Evaluation in the frequency domain based on spectrograms and power spectrums . . . . . . . . . . . . . . . . . . . . . . . . . . . . . . . . 159 4.4 Subjective evaluation … of machine learning methods. The …","https://orbi.uliege.be/bitstream/2268/238507/1/Nonlinear-Modeling-of-the-Guitar-Signal-Chain_PhD-Thesis_Schmitz-Thomas-2019_color_V1.2.pdf","https://scholar.google.com/scholar?q=related:eStVFQdMbC4J:scholar.google.com/&scioq=guitar%7C%22electric+guitar%22+%22artificial+intelligence%22%7C%22machine+learning%22%7C%22deep+learning%22%7C%22audio+analysis%22+feedback%7C%22performance+analysis%22%7Cevaluation%7Cexpressivity&hl=en&as_sdt=2007"
11,"M Schmitt, B Schuller","Recognising guitar effects-which acoustic features really matter?",2017,"INFORMATIK 2017","dl.gi.de","https://dl.gi.de/items/7bb35456-dee4-42f2-ad3c-f11ce33a0a07","https://scholar.google.com/scholar?cites=16947400845192739111&as_sdt=2005&sciodt=2007&hl=en",20,"2025-12-14 08:01:17","","","","",,,,,11,1.38,6,2,8,"Abstract: The recognition of audio effects employed in recordings of electric guitar or bass … -art acoustic features for the task of automatic guitar effect recognition. The usage of functionals…","https://dl.gi.de/bitstreams/453710b6-5d6a-408e-a8a5-49661df3b3ff/download","https://scholar.google.com/scholar?q=related:JzneC0dDMesJ:scholar.google.com/&scioq=guitar%7C%22electric+guitar%22+%22artificial+intelligence%22%7C%22machine+learning%22%7C%22deep+learning%22%7C%22audio+analysis%22+feedback%7C%22performance+analysis%22%7Cevaluation%7Cexpressivity&hl=en&as_sdt=2007"
10,"K Dosenbach, W Fohl, A Meisel","Identification of individual guitar sounds by support vector machines",2008,"Proceedings of the Conference …","legacy.spa.aalto.fi","http://legacy.spa.aalto.fi/dafx08/papers/dafx08_56.pdf","https://scholar.google.com/scholar?cites=13746621232990064142&as_sdt=2005&sciodt=2007&hl=en",21,"2025-12-14 08:01:17","PDF","","","",,,,,10,0.59,3,3,17,"… , or the quality of a real guitar, where the acoustic fingerprint of the … A machine learning system is developed that is able to dis… Support Vector Machines are taken as machine learning …","http://legacy.spa.aalto.fi/dafx08/papers/dafx08_56.pdf","https://scholar.google.com/scholar?q=related:Dg43vi3Pxb4J:scholar.google.com/&scioq=guitar%7C%22electric+guitar%22+%22artificial+intelligence%22%7C%22machine+learning%22%7C%22deep+learning%22%7C%22audio+analysis%22+feedback%7C%22performance+analysis%22%7Cevaluation%7Cexpressivity&hl=en&as_sdt=2007"
11,"F Cwitkowitz, J Driedger, Z Duan","A data-driven methodology for considering feasibility and pairwise likelihood in deep learning based guitar tablature transcription systems",2022,"arXiv preprint arXiv:2204.08094","arxiv.org","https://arxiv.org/abs/2204.08094","https://scholar.google.com/scholar?cites=4070203724863689304&as_sdt=2005&sciodt=2007&hl=en",22,"2025-12-14 08:01:17","","","","",,,,,11,3.67,4,3,3,"… two are used for validation and evaluation, respectively. Within each fold, the criterion for choosing the model checkpoint to evaluate on the evaluation split is the checkpoint with the …","https://arxiv.org/pdf/2204.08094","https://scholar.google.com/scholar?q=related:WNL4D7lEfDgJ:scholar.google.com/&scioq=guitar%7C%22electric+guitar%22+%22artificial+intelligence%22%7C%22machine+learning%22%7C%22deep+learning%22%7C%22audio+analysis%22+feedback%7C%22performance+analysis%22%7Cevaluation%7Cexpressivity&hl=en&as_sdt=2007"
7,"H Pedroza, W Abreu, R Corey, I Roman","Leveraging Real Electric Guitar Tones and Effects to Improve Robustness in Guitar Tablature Transcription Modeling",2024,"arXiv preprint arXiv:2405.14679","arxiv.org","https://arxiv.org/abs/2405.14679","https://scholar.google.com/scholar?cites=15067247940924621587&as_sdt=2005&sciodt=2007&hl=en",23,"2025-12-14 08:01:17","","","","",,,,,7,7.00,2,4,1,"… guitar tones played with different audio effects. We evaluate our approach on a new evaluation dataset with professional solo guitar … have been achieved through deep learning models, …","https://arxiv.org/pdf/2405.14679","https://scholar.google.com/scholar?q=related:E0OMLSyeGdEJ:scholar.google.com/&scioq=guitar%7C%22electric+guitar%22+%22artificial+intelligence%22%7C%22machine+learning%22%7C%22deep+learning%22%7C%22audio+analysis%22+feedback%7C%22performance+analysis%22%7Cevaluation%7Cexpressivity&hl=en&as_sdt=2007"
11,"GK Percival","Physical modelling meets machine learning: performing music with a virtual string ensemble",2013,"","theses.gla.ac.uk","https://theses.gla.ac.uk/4253/","https://scholar.google.com/scholar?cites=15008810412983788099&as_sdt=2005&sciodt=2007&hl=en",24,"2025-12-14 08:01:17","","","","",,,,,11,0.92,11,1,12,"… a single discrete excitation (eg, piano, guitar, drum), bowed string … This intelligent feedback control is trained with human input, … and the generality of the machine learning, music can be …","https://theses.gla.ac.uk/4253/1/2013percivalphd.pdf","https://scholar.google.com/scholar?q=related:QyIV74wBStAJ:scholar.google.com/&scioq=guitar%7C%22electric+guitar%22+%22artificial+intelligence%22%7C%22machine+learning%22%7C%22deep+learning%22%7C%22audio+analysis%22+feedback%7C%22performance+analysis%22%7Cevaluation%7Cexpressivity&hl=en&as_sdt=2007"
11,"JE Tamani, JCB Cruz, JR Cruzada, ...","Building guitar strum models for an interactive air guitar prototype",2018,"Proceedings of the 4th …","dl.acm.org","https://dl.acm.org/doi/abs/10.1145/3205946.3205972","https://scholar.google.com/scholar?cites=465825613523719494&as_sdt=2005&sciodt=2007&hl=en",25,"2025-12-14 08:01:17","","10.1145/3205946.3205972","","",,,,,11,1.57,3,4,7,"… pre-processed and fed into a machine learning task to build a … Additionally, user insights and feedback on the armband … building stages after performing machine learning tasks. We …","https://www.researchgate.net/profile/Jordan-Aiko-Deja/publication/324439296_Building_Guitar_Strum_Models_for_an_Interactive_Air_Guitar_Prototype/links/5acde1b7aca2723a3340993a/Building-Guitar-Strum-Models-for-an-Interactive-Air-Guitar-Prototype.pdf","https://scholar.google.com/scholar?q=related:RhVcbe3xdgYJ:scholar.google.com/&scioq=guitar%7C%22electric+guitar%22+%22artificial+intelligence%22%7C%22machine+learning%22%7C%22deep+learning%22%7C%22audio+analysis%22+feedback%7C%22performance+analysis%22%7Cevaluation%7Cexpressivity&hl=en&as_sdt=2007"
8,"R Hinrichs, K Gerkens, A Lange, ...","Convolutional neural networks for the classification of guitar effects and extraction of the parameter settings of single and multi-guitar effects from instrument …",2022,"EURASIP Journal on Audio …","Springer","https://link.springer.com/article/10.1186/s13636-022-00257-4","https://scholar.google.com/scholar?cites=5256266404476353099&as_sdt=2005&sciodt=2007&hl=en",26,"2025-12-14 08:01:17","HTML","10.1186/s13636-022-00257-4","","",,,,,8,2.67,2,4,3,"… of guitar effects and extraction of their parameter settings from solo guitar audio recordings. … and parameter extraction of guitar effects from audio samples containing guitar, bass, …","https://link.springer.com/article/10.1186/s13636-022-00257-4","https://scholar.google.com/scholar?q=related:S_qhK3IC8kgJ:scholar.google.com/&scioq=guitar%7C%22electric+guitar%22+%22artificial+intelligence%22%7C%22machine+learning%22%7C%22deep+learning%22%7C%22audio+analysis%22+feedback%7C%22performance+analysis%22%7Cevaluation%7Cexpressivity&hl=en&as_sdt=2007"
51,"L Turchet, M Barthet","An ubiquitous smart guitar system for collaborative musical practice",2019,"Journal of New Music Research","Taylor &Francis","https://www.tandfonline.com/doi/abs/10.1080/09298215.2019.1637439","https://scholar.google.com/scholar?cites=13923072468817593177&as_sdt=2005&sciodt=2007&hl=en",27,"2025-12-14 08:01:17","","10.1080/09298215.2019.1637439","","",,,,,51,8.50,26,2,6,"… guitar system composed of an acoustic guitar with a smart add-on and a smartphone app for collaborative music making. We present results from an evaluation … Artificial Intelligence, …","https://iris.unitn.it/bitstream/11572/250627/1/Article_JNMR_ubiquitous_SMIs_2019.pdf","https://scholar.google.com/scholar?q=related:WcPkjaSwOMEJ:scholar.google.com/&scioq=guitar%7C%22electric+guitar%22+%22artificial+intelligence%22%7C%22machine+learning%22%7C%22deep+learning%22%7C%22audio+analysis%22+feedback%7C%22performance+analysis%22%7Cevaluation%7Cexpressivity&hl=en&as_sdt=2007"
15,"G Byambatsogt, L Choimaa, G Koutaki","Guitar chord sensing and recognition using multi-task learning and physical data augmentation with robotics",2020,"Sensors","mdpi.com","https://www.mdpi.com/1424-8220/20/21/6077","https://scholar.google.com/scholar?cites=7926965548025834043&as_sdt=2005&sciodt=2007&hl=en",28,"2025-12-14 08:01:17","HTML","","","",,,,,15,3.00,5,3,5,"… considerable improvement using deep learning based models in … (MTL) model for a guitar chord recognition task, where the … In Section 5, the evaluation metrics and set of experiments …","https://www.mdpi.com/1424-8220/20/21/6077","https://scholar.google.com/scholar?q=related:O-rWxCo9Am4J:scholar.google.com/&scioq=guitar%7C%22electric+guitar%22+%22artificial+intelligence%22%7C%22machine+learning%22%7C%22deep+learning%22%7C%22audio+analysis%22+feedback%7C%22performance+analysis%22%7Cevaluation%7Cexpressivity&hl=en&as_sdt=2007"
40,"V Eremenko, A Morsi, J Narang, X Serra","Performance assessment technologies for the support of musical instrument learning",2020,"","repositori.upf.edu","https://repositori.upf.edu/items/9e1982ce-ff26-40bb-9fd7-31872965f56d","https://scholar.google.com/scholar?cites=18042995673550286567&as_sdt=2005&sciodt=2007&hl=en",29,"2025-12-14 08:01:17","","","","",,,,,40,8.00,10,4,5,"… We have grouped the audio analysis technologies of relevance to performance assessment … two guitar teachers in the manual assessment of each recording, using 4 evaluation levels …","https://repositori.upf.edu/bitstreams/82f228ef-aaee-406a-9db1-a7a4e818705f/download","https://scholar.google.com/scholar?q=related:5-7fHfiYZfoJ:scholar.google.com/&scioq=guitar%7C%22electric+guitar%22+%22artificial+intelligence%22%7C%22machine+learning%22%7C%22deep+learning%22%7C%22audio+analysis%22+feedback%7C%22performance+analysis%22%7Cevaluation%7Cexpressivity&hl=en&as_sdt=2007"
10,"TS Huang, PC Yu, L Su","Note and playing technique transcription of electric guitar solos in real-world music performance",2023,"ICASSP 2023-2023 IEEE …","ieeexplore.ieee.org","https://ieeexplore.ieee.org/abstract/document/10095225/","https://scholar.google.com/scholar?cites=16029578305506729285&as_sdt=2005&sciodt=2007&hl=en",30,"2025-12-14 08:01:17","","","","",,,,,10,5.00,3,3,2,"… With the rapid development of deep learning techniques in … we follow the convention of AMT evaluation [28] and report both … For playing technique evaluation, we compare the proposed …","","https://scholar.google.com/scholar?q=related:RV0JX4qAdN4J:scholar.google.com/&scioq=guitar%7C%22electric+guitar%22+%22artificial+intelligence%22%7C%22machine+learning%22%7C%22deep+learning%22%7C%22audio+analysis%22+feedback%7C%22performance+analysis%22%7Cevaluation%7Cexpressivity&hl=en&as_sdt=2007"
51,"M Blaszke, B Kostek","Musical instrument identification using deep learning approach",2022,"Sensors","mdpi.com","https://www.mdpi.com/1424-8220/22/8/3033","https://scholar.google.com/scholar?cites=14217661519723665640&as_sdt=2005&sciodt=2007&hl=en",31,"2025-12-14 08:01:17","HTML","","","",,,,,51,17.00,26,2,3,"… The results of the evaluation of the trained network on a separate set are shown. Detailed … The model efficiency is high, with the metric values ranging from 0.86 for the guitar to 0.99 …","https://www.mdpi.com/1424-8220/22/8/3033","https://scholar.google.com/scholar?q=related:6Jje49JHT8UJ:scholar.google.com/&scioq=guitar%7C%22electric+guitar%22+%22artificial+intelligence%22%7C%22machine+learning%22%7C%22deep+learning%22%7C%22audio+analysis%22+feedback%7C%22performance+analysis%22%7Cevaluation%7Cexpressivity&hl=en&as_sdt=2007"
5,"WH Elashmawi, J Emad, A Serag, K Khaled, A Yehia, ...","A novel approach for improving guitarists' performance using motion capture and note frequency recognition",2023,"Applied Sciences","mdpi.com","https://www.mdpi.com/2076-3417/13/10/6302","https://scholar.google.com/scholar?cites=8335812346490452913&as_sdt=2005&sciodt=2007&hl=en",32,"2025-12-14 08:01:17","HTML","","","",,,,,5,2.50,1,6,2,"… The sections below detail the evaluation of each machine learning algorithm when trained … In this paper, we developed a guitar teaching system that provides real-time feedback for …","https://www.mdpi.com/2076-3417/13/10/6302","https://scholar.google.com/scholar?q=related:sfvgAirBrnMJ:scholar.google.com/&scioq=guitar%7C%22electric+guitar%22+%22artificial+intelligence%22%7C%22machine+learning%22%7C%22deep+learning%22%7C%22audio+analysis%22+feedback%7C%22performance+analysis%22%7Cevaluation%7Cexpressivity&hl=en&as_sdt=2007"
6,"R Hinrichs, K Gerkens, J Ostermann","Classification of guitar effects and extraction of their parameter settings from instrument mixes using convolutional neural networks",2022,"… Intelligence in Music, Sound, Art and …","Springer","https://link.springer.com/chapter/10.1007/978-3-031-03789-4_7","https://scholar.google.com/scholar?cites=14619852963168275966&as_sdt=2005&sciodt=2007&hl=en",33,"2025-12-14 08:01:17","","10.1007/978-3-031-03789-4_7","","",,,,,6,2.00,2,3,3,"… The confusion of slapback and feedback delay on the GEC-GIT is not surprising as mostly very small parameter settings for the feedback parameter of the feedback delay were …","http://www.tnt.uni-hannover.de/papers/data/1547/EvoMUSART_2022.pdf","https://scholar.google.com/scholar?q=related:_k0Wis8m5MoJ:scholar.google.com/&scioq=guitar%7C%22electric+guitar%22+%22artificial+intelligence%22%7C%22machine+learning%22%7C%22deep+learning%22%7C%22audio+analysis%22+feedback%7C%22performance+analysis%22%7Cevaluation%7Cexpressivity&hl=en&as_sdt=2007"
15,"C Frisson, L Reboursière, WY Chu, ...","Multimodal guitar: Performance toolbox and study workbench",2009,"QPSR of the …","cicm.univ-paris8.fr","https://cicm.univ-paris8.fr/download/multimodalguitar-acteIDguitare-100111-EN.pdf","https://scholar.google.com/scholar?cites=3723913816448989750&as_sdt=2005&sciodt=2007&hl=en",34,"2025-12-14 08:01:17","PDF","","","",,,,,15,0.94,4,4,16,"… of an augmented guitar : – Audio analysis : how to use features of the guitar sound to … guitar fretboard. We added a graphical visualization to this tool so as to have a graphical feedback …","https://cicm.univ-paris8.fr/download/multimodalguitar-acteIDguitare-100111-EN.pdf","https://scholar.google.com/scholar?q=related:Nnqcy-L_rTMJ:scholar.google.com/&scioq=guitar%7C%22electric+guitar%22+%22artificial+intelligence%22%7C%22machine+learning%22%7C%22deep+learning%22%7C%22audio+analysis%22+feedback%7C%22performance+analysis%22%7Cevaluation%7Cexpressivity&hl=en&as_sdt=2007"
107,"Y Ni, M McVicar, R Santos-Rodriguez, ...","An end-to-end machine learning system for harmonic analysis of music",2012,"IEEE Transactions on …","ieeexplore.ieee.org","https://ieeexplore.ieee.org/abstract/document/6155600/","https://scholar.google.com/scholar?cites=1639118475049059570&as_sdt=2005&sciodt=2007&hl=en",35,"2025-12-14 08:01:17","","","","",,,,,107,8.23,27,4,13,"… In Section V, we discuss our evaluation methods, including a new strategy that relies on possibly noisy untimed chord sequences ubiquitous on guitar tab websites [36], [37], instead of …","https://arxiv.org/pdf/1107.4969","https://scholar.google.com/scholar?q=related:8kQUkpFRvxYJ:scholar.google.com/&scioq=guitar%7C%22electric+guitar%22+%22artificial+intelligence%22%7C%22machine+learning%22%7C%22deep+learning%22%7C%22audio+analysis%22+feedback%7C%22performance+analysis%22%7Cevaluation%7Cexpressivity&hl=en&as_sdt=2007"
8,"N Sharma, S Sharma","A customizable mathematical model for determining the difficulty of guitar triad chords for machine learning",2022,"International Conference on Communication and …","Springer","https://link.springer.com/chapter/10.1007/978-981-99-2322-9_51","https://scholar.google.com/scholar?cites=15859850050845216689&as_sdt=2005&sciodt=2007&hl=en",36,"2025-12-14 08:01:17","","10.1007/978-981-99-2322-9_51","","",,,,,8,2.67,4,2,3,"… Music recommendation systems (MRS) for guitar learning … , guitar is one of the toughest instruments to play, and the growing number of guitar learners makes system design for guitar …","https://www.researchgate.net/profile/Swati-Sharma-171/publication/372263438_A_Customizable_Mathematical_Model_for_Determining_the_Difficulty_of_Guitar_Triad_Chords_for_Machine_Learning/links/6719c10dacba566ad5fa03ec/A-Customizable-Mathematical-Model-for-Determining-the-Difficulty-of-Guitar-Triad-Chords-for-Machine-Learning.pdf","https://scholar.google.com/scholar?q=related:sQ-Xl5eBGdwJ:scholar.google.com/&scioq=guitar%7C%22electric+guitar%22+%22artificial+intelligence%22%7C%22machine+learning%22%7C%22deep+learning%22%7C%22audio+analysis%22+feedback%7C%22performance+analysis%22%7Cevaluation%7Cexpressivity&hl=en&as_sdt=2007"
14,"G Burlet, A Hindle","Isolated guitar transcription using a deep belief network",2017,"PeerJ Computer Science","peerj.com","https://peerj.com/articles/cs-109/?ref=https://githubhelp.com","https://scholar.google.com/scholar?cites=9101625303692581157&as_sdt=2005&sciodt=2007&hl=en",37,"2025-12-14 08:01:17","HTML","","","",,,,,14,1.75,7,2,8,"… Reporting the evaluation metrics described in this section under the condition that octave errors are ignored will reveal whether machine learning transcription algorithms also succumb …","https://peerj.com/articles/cs-109/?ref=https://githubhelp.com","https://scholar.google.com/scholar?q=related:JZlNwf13T34J:scholar.google.com/&scioq=guitar%7C%22electric+guitar%22+%22artificial+intelligence%22%7C%22machine+learning%22%7C%22deep+learning%22%7C%22audio+analysis%22+feedback%7C%22performance+analysis%22%7Cevaluation%7Cexpressivity&hl=en&as_sdt=2007"
12,"M Müller, TA Klapuri","Automatic transcription of bass guitar tracks applied for music genre classification and sound synthesis",2014,"","researchgate.net","https://www.researchgate.net/profile/Jakob-Abesser/publication/267630241_Automatic_Transcription_of_Bass_Guitar_Tracks_applied_for_Music_Genre_Classification_and_Sound_Synthesis/links/5454a38e0cf2cf51647c4580/Automatic-Transcription-of-Bass-Guitar-Tracks-applied-for-Music-Genre-Classification-and-Sound-Synthesis.pdf","https://scholar.google.com/scholar?cites=7541760339842405810&as_sdt=2005&sciodt=2007&hl=en",38,"2025-12-14 08:01:17","PDF","","","",,,,,12,1.09,6,2,11,"… Different evaluation experiments confirmed that the … the transcription of realistic bass guitar recordings. The estimation of … In this section, machine learning concepts as used in this thesis …","https://www.researchgate.net/profile/Jakob-Abesser/publication/267630241_Automatic_Transcription_of_Bass_Guitar_Tracks_applied_for_Music_Genre_Classification_and_Sound_Synthesis/links/5454a38e0cf2cf51647c4580/Automatic-Transcription-of-Bass-Guitar-Tracks-applied-for-Music-Genre-Classification-and-Sound-Synthesis.pdf","https://scholar.google.com/scholar?q=related:spVvNRK3qWgJ:scholar.google.com/&scioq=guitar%7C%22electric+guitar%22+%22artificial+intelligence%22%7C%22machine+learning%22%7C%22deep+learning%22%7C%22audio+analysis%22+feedback%7C%22performance+analysis%22%7Cevaluation%7Cexpressivity&hl=en&as_sdt=2007"
16,"H Jürgens, R Hinrichs, J Ostermann","Recognizing guitar effects and their parameter settings",2020,"Proceedings of the 23rd International …","dafx.de","https://dafx.de/paper-archive/2020/proceedings/papers/DAFx2020_paper_2.pdf","https://scholar.google.com/scholar?cites=2766998258270793769&as_sdt=2005&sciodt=2007&hl=en",39,"2025-12-14 08:01:17","PDF","","","",,,,,16,3.20,5,3,5,"… Especially combined with more advanced deep learning … be possible, training novice guitar players to choose their … This database was also used as training and evaluation set for this …","https://dafx.de/paper-archive/2020/proceedings/papers/DAFx2020_paper_2.pdf","https://scholar.google.com/scholar?q=related:KfBadkFaZiYJ:scholar.google.com/&scioq=guitar%7C%22electric+guitar%22+%22artificial+intelligence%22%7C%22machine+learning%22%7C%22deep+learning%22%7C%22audio+analysis%22+feedback%7C%22performance+analysis%22%7Cevaluation%7Cexpressivity&hl=en&as_sdt=2007"
5,"F Visi","The Sophtar: a networkable feedback string instrument with embedded machine learning",2024,"International Conference on New Interfaces for Musical …","diva-portal.org","https://www.diva-portal.org/smash/record.jsf?pid=diva2:1916497","https://scholar.google.com/scholar?cites=13578850766193599617&as_sdt=2005&sciodt=2007&hl=en",40,"2025-12-14 08:01:17","","","","",,,,,5,5.00,5,1,1,"… retrieval (MIR) techniques on live electric guitar feedback sounds to generate MIDI notes.As … using feedback guitar in sound interaction design [29] and interactive machine learning [30] …","https://www.diva-portal.org/smash/get/diva2:1916497/FULLTEXT01.pdf","https://scholar.google.com/scholar?q=related:gaQC-dPEcbwJ:scholar.google.com/&scioq=guitar%7C%22electric+guitar%22+%22artificial+intelligence%22%7C%22machine+learning%22%7C%22deep+learning%22%7C%22audio+analysis%22+feedback%7C%22performance+analysis%22%7Cevaluation%7Cexpressivity&hl=en&as_sdt=2007"
4,"E Thuillier, O Lähdeoja, V Välimäki","Feedback control in an actuated acoustic guitar using frequency shifting",2019,"Journal of the Audio …","research.aalto.fi","https://research.aalto.fi/en/publications/feedback-control-in-an-actuated-acoustic-guitar-using-frequency-s","https://scholar.google.com/scholar?cites=12301605222874227923&as_sdt=2005&sciodt=2007&hl=en",41,"2025-12-14 08:01:17","","","","",,,,,4,0.67,1,3,6,"… The feedback problem that results from such a setup is similar to what occurs in live … guitar is amplified using a loudspeaker. In the present case, measurements of the augmented guitar’…","https://research.aalto.fi/files/34665627/ELEC_Thuillier_Feedback_Control_JAES.pdf","https://scholar.google.com/scholar?q=related:0ySCBMYUuKoJ:scholar.google.com/&scioq=guitar%7C%22electric+guitar%22+%22artificial+intelligence%22%7C%22machine+learning%22%7C%22deep+learning%22%7C%22audio+analysis%22+feedback%7C%22performance+analysis%22%7Cevaluation%7Cexpressivity&hl=en&as_sdt=2007"
76,"EP Damskägg, L Juvela, V Välimäki","Real-time modeling of audio distortion circuits with deep learning",2019,"Sound and music computing …","research.aalto.fi","https://research.aalto.fi/en/publications/real-time-modeling-of-audio-distortion-circuits-with-deep-learnin","https://scholar.google.com/scholar?cites=11481843920451352175&as_sdt=2005&sciodt=2007&hl=en",42,"2025-12-14 08:01:17","","","","",,,,,76,12.67,25,3,6,"… Three guitar distortion effects are considered in this study: … of the most well known guitar overdrive pedals. There have … It is an op-amp-based bandpass filter with diodes in the feedback …","https://research.aalto.fi/files/34352788/ELEC_Damskagg_Real_time_modeling_SMC2019.pdf","https://scholar.google.com/scholar?q=related:bzb7VDa0V58J:scholar.google.com/&scioq=guitar%7C%22electric+guitar%22+%22artificial+intelligence%22%7C%22machine+learning%22%7C%22deep+learning%22%7C%22audio+analysis%22+feedback%7C%22performance+analysis%22%7Cevaluation%7Cexpressivity&hl=en&as_sdt=2007"
43,"L Reboursière, C Frisson, O Lähdeoja, JA Mills, ...","Multimodal Guitar: A Toolbox For Augmented Guitar Performances.",2010,"NIME","academia.edu","https://www.academia.edu/download/77115798/nime2010_415.pdf","https://scholar.google.com/scholar?cites=10636508133375685097&as_sdt=2005&sciodt=2007&hl=en",43,"2025-12-14 08:01:17","PDF","","","",,,,,43,2.87,9,5,15,"… Tests still need to be done to have users feedback. … Before starting the audio analysis, we needed a quick and easy integrated tool to visualize the guitar fretboard including its physical …","https://www.academia.edu/download/77115798/nime2010_415.pdf","https://scholar.google.com/scholar?q=related:6TFp7Mp3nJMJ:scholar.google.com/&scioq=guitar%7C%22electric+guitar%22+%22artificial+intelligence%22%7C%22machine+learning%22%7C%22deep+learning%22%7C%22audio+analysis%22+feedback%7C%22performance+analysis%22%7Cevaluation%7Cexpressivity&hl=en&as_sdt=2007"
20,"R Foulon, P Roy, F Pachet","Automatic classification of guitar playing modes",2013,"International Symposium on Computer Music …","Springer","https://link.springer.com/chapter/10.1007/978-3-319-12976-1_4","https://scholar.google.com/scholar?cites=519406655753649372&as_sdt=2005&sciodt=2007&hl=en",44,"2025-12-14 08:01:17","","10.1007/978-3-319-12976-1_4","","",,,,,20,1.67,7,3,12,"… expressivity, such as the articulation in nylon guitar [13]. Abesser et al. present a feature-based approach to classify several plucking styles of bass guitar … various machine learning …","https://www.francoispachet.fr/wp-content/uploads/2021/01/foulon2013classification.pdf","https://scholar.google.com/scholar?q=related:3Hwr-plNNQcJ:scholar.google.com/&scioq=guitar%7C%22electric+guitar%22+%22artificial+intelligence%22%7C%22machine+learning%22%7C%22deep+learning%22%7C%22audio+analysis%22+feedback%7C%22performance+analysis%22%7Cevaluation%7Cexpressivity&hl=en&as_sdt=2007"
7,"C Rhodes, R Allmendinger, C Jay, ...","Towards developing a virtual guitar instructor through biometrics informed human-computer interaction",2023,"Extended Abstracts of the …","dl.acm.org","https://dl.acm.org/doi/abs/10.1145/3544549.3582738","https://scholar.google.com/scholar?cites=18042477885183520579&as_sdt=2005&sciodt=2007&hl=en",45,"2025-12-14 08:01:17","","10.1145/3544549.3582738","","",,,,,7,3.50,2,4,2,"… of guitar players, we intend to apply deep learning models, eg, … human feedback (via insights from expert guitar performers) to … and amateur guitar players and receive their feedback on …","https://discovery.ucl.ac.uk/id/eprint/10169054/1/Rhodes_ACM_2023_Paper__Preprint.pdf","https://scholar.google.com/scholar?q=related:Q280HgvCY_oJ:scholar.google.com/&scioq=guitar%7C%22electric+guitar%22+%22artificial+intelligence%22%7C%22machine+learning%22%7C%22deep+learning%22%7C%22audio+analysis%22+feedback%7C%22performance+analysis%22%7Cevaluation%7Cexpressivity&hl=en&as_sdt=2007"
3,"I Héroux, S Giraldo, R Ramírez, F Dubé, ...","Measuring the impacts of extra-musical elements in guitar music playing: a pilot study",2020,"Frontiers in …","frontiersin.org","https://www.frontiersin.org/articles/10.3389/fpsyg.2020.01964/full","https://scholar.google.com/scholar?cites=12021690430730299042&as_sdt=2005&sciodt=2007&hl=en",46,"2025-12-14 08:01:17","HTML","10.3389/fpsyg.2020.01964","","",,,,,3,0.60,1,5,5,"… In addition, to measure manifestations of expressivity … From these results, we used machine learning techniques to … test the experts’ evaluation and audio analysis processes. Following …","https://www.frontiersin.org/articles/10.3389/fpsyg.2020.01964/full","https://scholar.google.com/scholar?q=related:omZky8Cf1aYJ:scholar.google.com/&scioq=guitar%7C%22electric+guitar%22+%22artificial+intelligence%22%7C%22machine+learning%22%7C%22deep+learning%22%7C%22audio+analysis%22+feedback%7C%22performance+analysis%22%7Cevaluation%7Cexpressivity&hl=en&as_sdt=2007"
47,"D Stowell","Making music through real-time voice timbre analysis: machine learning and timbral control",2010,"","qmro.qmul.ac.uk","https://qmro.qmul.ac.uk/jspui/handle/123456789/412","https://scholar.google.com/scholar?cites=7946458078384778052&as_sdt=2005&sciodt=2007&hl=en",47,"2025-12-14 08:01:17","","","","",,,,,47,3.13,47,1,15,"… such as the guitar or piano come with their … evaluation issues for expressive musical systems, finding that some of the traditional HCI techniques are not ideally suited to such evaluation…","https://qmro.qmul.ac.uk/xmlui/bitstream/handle/123456789/412/STOWELLMakingMusic2010.pdf?sequence=1","https://scholar.google.com/scholar?q=related:RGuoKIV9R24J:scholar.google.com/&scioq=guitar%7C%22electric+guitar%22+%22artificial+intelligence%22%7C%22machine+learning%22%7C%22deep+learning%22%7C%22audio+analysis%22+feedback%7C%22performance+analysis%22%7Cevaluation%7Cexpressivity&hl=en&as_sdt=2007"
31,"YH Chen, WY Hsiao, TK Hsieh, ...","Towards automatic transcription of polyphonic electric guitar music: A new dataset and a multi-loss transformer model",2022,"ICASSP 2022-2022 …","ieeexplore.ieee.org","https://ieeexplore.ieee.org/abstract/document/9747697/","https://scholar.google.com/scholar?cites=9870943930259352137&as_sdt=2005&sciodt=2007&hl=en",48,"2025-12-14 08:01:17","","","","",,,,,31,10.33,8,4,3,"… evaluation on this dataset and a separate set of real-world recordings demonstrate the influence of timbre on the accuracy of guitar … , with few deep learning based attempts to date. To …","https://arxiv.org/pdf/2202.09907","https://scholar.google.com/scholar?q=related:SSrowDSj_IgJ:scholar.google.com/&scioq=guitar%7C%22electric+guitar%22+%22artificial+intelligence%22%7C%22machine+learning%22%7C%22deep+learning%22%7C%22audio+analysis%22+feedback%7C%22performance+analysis%22%7Cevaluation%7Cexpressivity&hl=en&as_sdt=2007"
7,"A Tidemann","An artificial intelligence architecture for musical expressiveness that learns by Imitation",2011,"Proceedings of the International Conference on New …","nime.org","https://www.nime.org/proceedings/2011/nime2011_268.pdf","https://scholar.google.com/scholar?cites=18027634196493243030&as_sdt=2005&sciodt=2007&hl=en",49,"2025-12-14 08:01:17","PDF","","","",,,,,7,0.50,7,1,14,"… self-generating networks; the networks use feedback connections from the output layer to … like Guitar Hero and Rock Band. Why use a computationally expensive artificial intelligence …","https://www.nime.org/proceedings/2011/nime2011_268.pdf","https://scholar.google.com/scholar?q=related:lhKqhskFL_oJ:scholar.google.com/&scioq=guitar%7C%22electric+guitar%22+%22artificial+intelligence%22%7C%22machine+learning%22%7C%22deep+learning%22%7C%22audio+analysis%22+feedback%7C%22performance+analysis%22%7Cevaluation%7Cexpressivity&hl=en&as_sdt=2007"
2,"T Geib, M Schmitt, B Schuller","Automatic guitar string detection by string-inverse frequency estimation",2017,"","dl.gi.de","https://dl.gi.de/items/21b202b4-9cab-4974-8f92-68a83b231d1b","https://scholar.google.com/scholar?cites=15073279812553523654&as_sdt=2005&sciodt=2007&hl=en",50,"2025-12-14 08:01:17","BOOK","","","",,,,,2,0.25,1,3,8,"… evaluation, a database was specifically recorded for the task described in this work. As common guitar … , we also built a standard machine learning system similar to the baseline …","https://dl.gi.de/bitstreams/14cca145-2e43-48f8-b7ea-f7960048a3e1/download","https://scholar.google.com/scholar?q=related:xsFRuyAML9EJ:scholar.google.com/&scioq=guitar%7C%22electric+guitar%22+%22artificial+intelligence%22%7C%22machine+learning%22%7C%22deep+learning%22%7C%22audio+analysis%22+feedback%7C%22performance+analysis%22%7Cevaluation%7Cexpressivity&hl=en&as_sdt=2007"
37,"B Wang, MY Yang, T Grossman","Soloist: Generating mixed-initiative tutorials from existing guitar instructional videos through audio processing",2021,"… of the 2021 CHI Conference on Human …","dl.acm.org","https://dl.acm.org/doi/abs/10.1145/3411764.3445162","https://scholar.google.com/scholar?cites=3280762524070440195&as_sdt=2005&sciodt=2007&hl=en",51,"2025-12-14 08:01:17","","10.1145/3411764.3445162","","",,,,,37,9.25,12,3,4,"… -shelf guitar video lessons. Soloist takes raw videos as input and leverages deep-learning … A remote user study, conducted to gather feedback from guitar players, shows encouraging …","https://arxiv.org/pdf/2101.08846","https://scholar.google.com/scholar?q=related:A-2hJyKchy0J:scholar.google.com/&scioq=guitar%7C%22electric+guitar%22+%22artificial+intelligence%22%7C%22machine+learning%22%7C%22deep+learning%22%7C%22audio+analysis%22+feedback%7C%22performance+analysis%22%7Cevaluation%7Cexpressivity&hl=en&as_sdt=2007"
3,"SIG Méndez","Modeling Embellishment, Duration and Energy Expressive Transformations in Jazz Guitar",2012,"","mtg.upf.edu","http://mtg.upf.edu/system/files/publications/Sergio_Giraldo_Master_Thesis_2012.pdf","https://scholar.google.com/scholar?cites=13569238204736905332&as_sdt=2005&sciodt=2007&hl=en",52,"2025-12-14 08:01:17","PDF","","","",,,,,3,0.23,3,1,13,"… a machine learning approach to investigate expressive music performance in Jazz guitar … obtained from the machine learning experiments, and a qualitative evaluation based on a …","http://mtg.upf.edu/system/files/publications/Sergio_Giraldo_Master_Thesis_2012.pdf","https://scholar.google.com/scholar?q=related:dKAAGkGeT7wJ:scholar.google.com/&scioq=guitar%7C%22electric+guitar%22+%22artificial+intelligence%22%7C%22machine+learning%22%7C%22deep+learning%22%7C%22audio+analysis%22+feedback%7C%22performance+analysis%22%7Cevaluation%7Cexpressivity&hl=en&as_sdt=2007"
23,"Y Zang, Y Zhong, F Cwitkowitz, ...","Synthtab: Leveraging synthesized data for guitar tablature transcription",2024,"ICASSP 2024-2024 IEEE …","ieeexplore.ieee.org","https://ieeexplore.ieee.org/abstract/document/10447902/","https://scholar.google.com/scholar?cites=13713230915725953431&as_sdt=2005&sciodt=2007&hl=en",53,"2025-12-14 08:01:17","","","","",,,,,23,23.00,6,4,1,"… guitar audio dataset with tablature annotations, SynthTab paves the way for training larger and more complex machine learning … , cross-dataset evaluation is especially important for GTT…","https://arxiv.org/pdf/2309.09085","https://scholar.google.com/scholar?q=related:lwnArtwuT74J:scholar.google.com/&scioq=guitar%7C%22electric+guitar%22+%22artificial+intelligence%22%7C%22machine+learning%22%7C%22deep+learning%22%7C%22audio+analysis%22+feedback%7C%22performance+analysis%22%7Cevaluation%7Cexpressivity&hl=en&as_sdt=2007"
5,"D Johnson, G Tzanetakis","Guitar model recognition from single instrument audio recordings",2015,"2015 IEEE Pacific Rim Conference …","ieeexplore.ieee.org","https://ieeexplore.ieee.org/abstract/document/7334864/","https://scholar.google.com/scholar?cites=12262742834758577887&as_sdt=2005&sciodt=2007&hl=en",54,"2025-12-14 08:01:17","","","","",,,,,5,0.50,3,2,10,"… For evaluation, we decided to train the guitar model classifier’s component models using … Our initial evaluation of the guitar model classifier trains each component model using the …","","https://scholar.google.com/scholar?q=related:327ALaMDLqoJ:scholar.google.com/&scioq=guitar%7C%22electric+guitar%22+%22artificial+intelligence%22%7C%22machine+learning%22%7C%22deep+learning%22%7C%22audio+analysis%22+feedback%7C%22performance+analysis%22%7Cevaluation%7Cexpressivity&hl=en&as_sdt=2007"
65,"M Löchtefeld, S Gehring, R Jung, A Krüger","guitAR: supporting guitar learning through mobile projection",2011,"CHI'11 Extended Abstracts …","dl.acm.org","https://dl.acm.org/doi/abs/10.1145/1979742.1979789","https://scholar.google.com/scholar?cites=8056499573678983599&as_sdt=2005&sciodt=2007&hl=en",55,"2025-12-14 08:01:17","","10.1145/1979742.1979789","","",,,,,65,4.64,16,4,14,"… guitar teacher. In this paper we propose an Augmented Reality application called guitAR that assists guitar … These techniques could be integrated into guitAR as well to provide feedback …","","https://scholar.google.com/scholar?q=related:r8k4Vq1vzm8J:scholar.google.com/&scioq=guitar%7C%22electric+guitar%22+%22artificial+intelligence%22%7C%22machine+learning%22%7C%22deep+learning%22%7C%22audio+analysis%22+feedback%7C%22performance+analysis%22%7Cevaluation%7Cexpressivity&hl=en&as_sdt=2007"
10,"L Gabrielli, CE Cella, F Vesperini, D Droghini, ...","Deep learning for timbre modification and transfer: An evaluation study",2018,"… Society Convention 144","aes.org","https://www.aes.org/e-lib/download.cfm?ID=19513","https://scholar.google.com/scholar?cites=14244205809959608867&as_sdt=2005&sciodt=2007&hl=en",56,"2025-12-14 08:01:17","","","","",,,,,10,1.43,2,5,7,"… The introduction of machine learning algorithms in the music processing field calls for an investigation to seek for possible exploitation of their properties such as the ability to learn …","http://www.carminecella.com/research/AES-XSynth.pdf","https://scholar.google.com/scholar?q=related:I6IyEreVrcUJ:scholar.google.com/&scioq=guitar%7C%22electric+guitar%22+%22artificial+intelligence%22%7C%22machine+learning%22%7C%22deep+learning%22%7C%22audio+analysis%22+feedback%7C%22performance+analysis%22%7Cevaluation%7Cexpressivity&hl=en&as_sdt=2007"
17,"M Dahia, H Santana, E Trajano, G Ramalho, ...","Using patterns to generate rhythmic accompaniment for guitar",2004,"… d'informatique musicale","hal.science","https://hal.science/hal-03354323/","https://scholar.google.com/scholar?cites=232734646875398478&as_sdt=2005&sciodt=2007&hl=en",57,"2025-12-14 08:01:17","","","","",,,,,17,0.81,3,5,21,"… a system that generates guitar rhythmic accompaniment of a … , two techniques of artificial intelligence were combined: case-… In this perspective we intend to develop a feedback support …","https://hal.science/hal-03354323/document","https://scholar.google.com/scholar?q=related:TiHvoe3WOgMJ:scholar.google.com/&scioq=guitar%7C%22electric+guitar%22+%22artificial+intelligence%22%7C%22machine+learning%22%7C%22deep+learning%22%7C%22audio+analysis%22+feedback%7C%22performance+analysis%22%7Cevaluation%7Cexpressivity&hl=en&as_sdt=2007"
18,"S Goldstein, Y Moses","Guitar Music Transcription from Silent Video.",2018,"BMVC","faculty.runi.ac.il","https://faculty.runi.ac.il/moses/papers/Shir2018BMVC.pdf","https://scholar.google.com/scholar?cites=7202422643251602820&as_sdt=2005&sciodt=2007&hl=en",58,"2025-12-14 08:01:17","PDF","","","",,,,,18,2.57,9,2,7,"… In audio analysis, no aliasing exists since the bandwidth is sufficiently large and an anti… For a complete evaluation, we present the pitch detection results using the temporal note …","https://faculty.runi.ac.il/moses/papers/Shir2018BMVC.pdf","https://scholar.google.com/scholar?q=related:hOU95Tsl9GMJ:scholar.google.com/&scioq=guitar%7C%22electric+guitar%22+%22artificial+intelligence%22%7C%22machine+learning%22%7C%22deep+learning%22%7C%22audio+analysis%22+feedback%7C%22performance+analysis%22%7Cevaluation%7Cexpressivity&hl=en&as_sdt=2007"
109,"AM Barbancho, A Klapuri, LJ Tardón, ...","Automatic transcription of guitar chords and fingering from audio",2011,"IEEE Transactions on …","ieeexplore.ieee.org","https://ieeexplore.ieee.org/abstract/document/6064873/","https://scholar.google.com/scholar?cites=6880998679611119977&as_sdt=2005&sciodt=2007&hl=en",59,"2025-12-14 08:01:17","","","","",,,,,109,7.79,27,4,14,"… annual MIREX1 evaluation. Automatic extraction of chords and fingering from recorded guitar … signal processing, auditory modeling, and machine learning. He has worked as a principal …","","https://scholar.google.com/scholar?q=related:aRknjtc3fl8J:scholar.google.com/&scioq=guitar%7C%22electric+guitar%22+%22artificial+intelligence%22%7C%22machine+learning%22%7C%22deep+learning%22%7C%22audio+analysis%22+feedback%7C%22performance+analysis%22%7Cevaluation%7Cexpressivity&hl=en&as_sdt=2007"
3,"R Vieira, JT Araújo, E Batista, ...","Automatic classification of instruments from supervised methods of machine learning",2021,"Simpósio Brasileiro de …","sol.sbc.org.br","https://sol.sbc.org.br/index.php/sbcm/article/view/19418","https://scholar.google.com/scholar?cites=9888547748449204991&as_sdt=2005&sciodt=2007&hl=en",60,"2025-12-14 08:01:17","","","","",,,,,3,0.75,1,4,4,"… descriptors and artificial intelligence techniques can make … ) are used to categorize acoustic guitar and bass sounds in a … Comparative evaluation of various mfcc implementations on …","https://sol.sbc.org.br/index.php/sbcm/article/download/19418/19246","https://scholar.google.com/scholar?q=related:_7rNEsktO4kJ:scholar.google.com/&scioq=guitar%7C%22electric+guitar%22+%22artificial+intelligence%22%7C%22machine+learning%22%7C%22deep+learning%22%7C%22audio+analysis%22+feedback%7C%22performance+analysis%22%7Cevaluation%7Cexpressivity&hl=en&as_sdt=2007"
49,"L Turchet, J Pauwels, C Fischione, ...","Cloud-smart musical instrument interactions: Querying a large music collection with a smart guitar",2020,"ACM Transactions on …","dl.acm.org","https://dl.acm.org/doi/abs/10.1145/3377881","https://scholar.google.com/scholar?cites=7846151444132496833&as_sdt=2005&sciodt=2007&hl=en",61,"2025-12-14 08:01:17","","10.1145/3377881","","",,,,,49,9.80,12,4,5,"… criteria, a formal evaluation of the audio analysis can be made. … if we consider that machine learning methods may need large training … This is a nascent topic within the machine learning …","http://eecs.qmul.ac.uk/~gyorgyf/files/papers/turchet2020tiot-preprint.pdf","https://scholar.google.com/scholar?q=related:wYVv8Soh42wJ:scholar.google.com/&scioq=guitar%7C%22electric+guitar%22+%22artificial+intelligence%22%7C%22machine+learning%22%7C%22deep+learning%22%7C%22audio+analysis%22+feedback%7C%22performance+analysis%22%7Cevaluation%7Cexpressivity&hl=en&as_sdt=2007"
165,"Q Xi, RM Bittner, J Pauwels, X Ye, JP Bello","GuitarSet: A Dataset for Guitar Transcription.",2018,"ISMIR","ismir2018.ircam.fr","https://ismir2018.ircam.fr/doc/pdfs/188_Paper.pdf","https://scholar.google.com/scholar?cites=11128055938356776887&as_sdt=2005&sciodt=2007&hl=en",62,"2025-12-14 08:01:17","PDF","","","",,,,,165,23.57,33,5,7,"… of tasks in addition to guitar transcription, including performance analysis, beat/downbeat … the development of automated piano transcription methods; Sigtia’s deep-learning powered …","https://ismir2018.ircam.fr/doc/pdfs/188_Paper.pdf","https://scholar.google.com/scholar?q=related:t49uvurLbpoJ:scholar.google.com/&scioq=guitar%7C%22electric+guitar%22+%22artificial+intelligence%22%7C%22machine+learning%22%7C%22deep+learning%22%7C%22audio+analysis%22+feedback%7C%22performance+analysis%22%7Cevaluation%7Cexpressivity&hl=en&as_sdt=2007"
11,"MAV Vásquez, M Baelemans, J Driedger, WH Zuidema, ...","Quantifying the Ease of Playing Song Chords on the Guitar.",2023,"ISMIR","researchgate.net","https://www.researchgate.net/profile/Marcel-Velez-2/publication/390555145_Quantifying_the_ease_of_playing_song_chords_on_the_guitar/links/67f688f29b1c6c487785417c/Quantifying-the-ease-of-playing-song-chords-on-the-guitar.pdf","https://scholar.google.com/scholar?cites=148319816483890543&as_sdt=2005&sciodt=2007&hl=en",63,"2025-12-14 08:01:17","PDF","","","",,,,,11,5.50,2,5,2,"… simple deep learning models trained on chord symbols and textual representations of guitar … We requested and incorporated feedback on the updated rubric from two musical experts, …","https://www.researchgate.net/profile/Marcel-Velez-2/publication/390555145_Quantifying_the_ease_of_playing_song_chords_on_the_guitar/links/67f688f29b1c6c487785417c/Quantifying-the-ease-of-playing-song-chords-on-the-guitar.pdf","https://scholar.google.com/scholar?q=related:b2WsVhbwDgIJ:scholar.google.com/&scioq=guitar%7C%22electric+guitar%22+%22artificial+intelligence%22%7C%22machine+learning%22%7C%22deep+learning%22%7C%22audio+analysis%22+feedback%7C%22performance+analysis%22%7Cevaluation%7Cexpressivity&hl=en&as_sdt=2007"
10,"X Riley, Z Guo, D Edwards, S Dixon","GAPS: A large and diverse classical guitar dataset and benchmark transcription model",2024,"arXiv preprint arXiv:2408.08653","arxiv.org","https://arxiv.org/abs/2408.08653","https://scholar.google.com/scholar?cites=6818957501038403126&as_sdt=2005&sciodt=2007&hl=en",64,"2025-12-14 08:01:17","","","","",,,,,10,10.00,3,4,1,"… One application of this dataset is AMT for guitar, which we demonstrate through a comprehensive evaluation of a transcription model trained on our data. This shows stateof-the-art …","https://arxiv.org/pdf/2408.08653","https://scholar.google.com/scholar?q=related:Nh7hA7jNoV4J:scholar.google.com/&scioq=guitar%7C%22electric+guitar%22+%22artificial+intelligence%22%7C%22machine+learning%22%7C%22deep+learning%22%7C%22audio+analysis%22+feedback%7C%22performance+analysis%22%7Cevaluation%7Cexpressivity&hl=en&as_sdt=2007"
40,"P Sarmento, A Kumar, YH Chen, CJ Carr, ...","GTR-CTRL: instrument and genre conditioning for guitar-focused music generation with transformers",2023,"… Intelligence in Music …","Springer","https://link.springer.com/chapter/10.1007/978-3-031-29956-8_17","https://scholar.google.com/scholar?cites=18159675812556585170&as_sdt=2005&sciodt=2007&hl=en",65,"2025-12-14 08:01:17","","10.1007/978-3-031-29956-8_17","","",,,,,40,20.00,8,5,2,"… In this work, we use the DadaGP dataset for guitar tab music … Transformer-XL deep learning model to generate guitar tabs (… a toolkit for symbolic music generation and evaluation [8]. We …","https://arxiv.org/pdf/2302.05393","https://scholar.google.com/scholar?q=related:0jiw--8gBPwJ:scholar.google.com/&scioq=guitar%7C%22electric+guitar%22+%22artificial+intelligence%22%7C%22machine+learning%22%7C%22deep+learning%22%7C%22audio+analysis%22+feedback%7C%22performance+analysis%22%7Cevaluation%7Cexpressivity&hl=en&as_sdt=2007"
34,"A Perez-Carrillo, JL Arcos, M Wanderley","Estimation of guitar fingering and plucking controls based on multimodal analysis of motion, audio and musical score",2015,"International Symposium on …","Springer","https://link.springer.com/chapter/10.1007/978-3-319-46282-0_5","https://scholar.google.com/scholar?cites=5124604718648501361&as_sdt=2005&sciodt=2007&hl=en",66,"2025-12-14 08:01:17","","10.1007/978-3-319-46282-0_5","","",,,,,34,3.40,11,3,10,"… Note onsets are detected via audio analysis, the pitch is … the use of high-speed cameras for calibration and evaluation. … In this work, motion capture is reinforced with audio analysis …","https://digital.csic.es/bitstream/10261/131115/1/CMMR_15_p.271-288.pdf","https://scholar.google.com/scholar?q=related:caRVHddAHkcJ:scholar.google.com/&scioq=guitar%7C%22electric+guitar%22+%22artificial+intelligence%22%7C%22machine+learning%22%7C%22deep+learning%22%7C%22audio+analysis%22+feedback%7C%22performance+analysis%22%7Cevaluation%7Cexpressivity&hl=en&as_sdt=2007"
33,"K Marky, A Weiß, A Matviienko, F Brandherm, ...","Let's frets! Assisting guitar students during practice via capacitive sensing",2021,"Proceedings of the …","dl.acm.org","https://dl.acm.org/doi/abs/10.1145/3411764.3445595","https://scholar.google.com/scholar?cites=1044832982545999249&as_sdt=2005&sciodt=2007&hl=en",67,"2025-12-14 08:01:17","","10.1145/3411764.3445595","","",,,,,33,8.25,7,5,4,"… of traditional guitar notation. Then, we provide an overview on audio analysis, setups based … Further, our results show how different feedback modalities impact the practice of new guitar …","https://drive.google.com/file/d/1FcEjQEcMcihJpMSDV1T4_4gbH3A-kcju/view","https://scholar.google.com/scholar?q=related:kSVE1g_-fw4J:scholar.google.com/&scioq=guitar%7C%22electric+guitar%22+%22artificial+intelligence%22%7C%22machine+learning%22%7C%22deep+learning%22%7C%22audio+analysis%22+feedback%7C%22performance+analysis%22%7Cevaluation%7Cexpressivity&hl=en&as_sdt=2007"
8,"GD Burlet","Guitar tablature transcription using a deep belief network",2015,"","era.library.ualberta.ca","https://era.library.ualberta.ca/items/4503fe8b-10ef-431b-9ac4-2096b6cb61ac","https://scholar.google.com/scholar?cites=4034696085496617191&as_sdt=2005&sciodt=2007&hl=en",68,"2025-12-14 08:01:17","","","","",,,,,8,0.80,8,1,10,"… Using a compiled dataset of synthesized guitar recordings for evaluation, the algorithm described in … deep machine learning architectures to the problem of automatic guitar transcription. …","https://scholar.archive.org/work/7yxrfd5s2zchxkajd23gopi7xy/access/wayback/https://era.library.ualberta.ca/items/4503fe8b-10ef-431b-9ac4-2096b6cb61ac/view/c02e9ae0-4528-4e39-b80c-7bd5ad0054d3/Burlet_Gregory_D_201507_MSc.pdf","https://scholar.google.com/scholar?q=related:51iviLYe_jcJ:scholar.google.com/&scioq=guitar%7C%22electric+guitar%22+%22artificial+intelligence%22%7C%22machine+learning%22%7C%22deep+learning%22%7C%22audio+analysis%22+feedback%7C%22performance+analysis%22%7Cevaluation%7Cexpressivity&hl=en&as_sdt=2007"
10,"J Guo, B McFee","Automatic recognition of cascaded guitar effects",2023,"Proceedings of the International Conference on Digital …","dafx.de","https://www.dafx.de/paper-archive/2023/DAFx23_paper_30.pdf","https://scholar.google.com/scholar?cites=7371986859346915081&as_sdt=2005&sciodt=2007&hl=en",69,"2025-12-14 08:01:17","PDF","","","",,,,,10,5.00,5,2,2,"… guitar effect recognition that is closer to the actual use case of guitar effect pedals. To generate the dataset, we used multiple clean guitar … -SMT-Guitar as the evaluation dataset is more …","https://www.dafx.de/paper-archive/2023/DAFx23_paper_30.pdf","https://scholar.google.com/scholar?q=related:CW84eP2OTmYJ:scholar.google.com/&scioq=guitar%7C%22electric+guitar%22+%22artificial+intelligence%22%7C%22machine+learning%22%7C%22deep+learning%22%7C%22audio+analysis%22+feedback%7C%22performance+analysis%22%7Cevaluation%7Cexpressivity&hl=en&as_sdt=2007"
9,"H Bantula, S Giraldo, R Ramirez","Jazz ensemble expressive performance modeling",2016,"","repositori.upf.edu","https://repositori.upf.edu/items/e938206c-fbd0-4395-823e-e94470140523","https://scholar.google.com/scholar?cites=15827142651521789934&as_sdt=2005&sciodt=2007&hl=en",70,"2025-12-14 08:01:17","","","","",,,,,9,1.00,3,3,9,"… In this work, we analysed the musical expressivity of jazz guitar and piano from two … guitar (embellishments) and piano (chord density, range and weight). We applied machine learning …","https://repositori.upf.edu/bitstreams/615525ce-cac0-4b64-bf6e-262c79ed6aff/download","https://scholar.google.com/scholar?q=related:7u9jwWJOpdsJ:scholar.google.com/&scioq=guitar%7C%22electric+guitar%22+%22artificial+intelligence%22%7C%22machine+learning%22%7C%22deep+learning%22%7C%22audio+analysis%22+feedback%7C%22performance+analysis%22%7Cevaluation%7Cexpressivity&hl=en&as_sdt=2007"
25,"J Martin-Gutierrez, MS Del Rio Guerra, V Lopez-Chao, ...","Augmented reality to facilitate learning of the acoustic guitar",2020,"Applied Sciences","mdpi.com","https://www.mdpi.com/2076-3417/10/7/2425","https://scholar.google.com/scholar?cites=9476164720231198579&as_sdt=2005&sciodt=2007&hl=en",71,"2025-12-14 08:01:17","HTML","","","",,,,,25,5.00,6,4,5,"… deep learning that require complicated cognitive processes. … In terms of the technical part of the evaluation, as expected, … article and obtained a similar evaluation of the usability of the …","https://www.mdpi.com/2076-3417/10/7/2425","https://scholar.google.com/scholar?q=related:cy94LpsZgoMJ:scholar.google.com/&scioq=guitar%7C%22electric+guitar%22+%22artificial+intelligence%22%7C%22machine+learning%22%7C%22deep+learning%22%7C%22audio+analysis%22+feedback%7C%22performance+analysis%22%7Cevaluation%7Cexpressivity&hl=en&as_sdt=2007"
1,"A Dahiya","Audio instruments identification using CNN and XGBoost",2019,"","norma.ncirl.ie","https://norma.ncirl.ie/id/eprint/3858","https://scholar.google.com/scholar?cites=16379191623964558714&as_sdt=2005&sciodt=2007&hl=en",72,"2025-12-14 08:01:17","","","","",,,,,1,0.17,1,1,6,"… the audio instruments using machine learning. Algorithms of … it gives the test accuracy which we will discuss in evaluation. … in Acoustic guitar 85 BPM and Acoustic guitar 120 BPM. …","https://norma.ncirl.ie/3858/1/akshaydahiya.pdf","https://scholar.google.com/scholar?q=related:egV2VgCUTuMJ:scholar.google.com/&scioq=guitar%7C%22electric+guitar%22+%22artificial+intelligence%22%7C%22machine+learning%22%7C%22deep+learning%22%7C%22audio+analysis%22+feedback%7C%22performance+analysis%22%7Cevaluation%7Cexpressivity&hl=en&as_sdt=2007"
66,"L Su, LF Yu, YH Yang","Sparse Cepstral, Phase Codes for Guitar Playing Technique Classification.",2014,"ISMIR","archives.ismir.net","https://archives.ismir.net/ismir2014/paper/000213.pdf","https://scholar.google.com/scholar?cites=9332905528317566972&as_sdt=2005&sciodt=2007&hl=en",73,"2025-12-14 08:01:17","PDF","","","",,,,,66,6.00,22,3,11,"… dictionary learning and deep learning have garnered increasing … Our evaluation shows that, to better model the playing … We present a qualitative evaluation of a real-world electric guitar …","https://archives.ismir.net/ismir2014/paper/000213.pdf","https://scholar.google.com/scholar?q=related:_N-lUSEkhYEJ:scholar.google.com/&scioq=guitar%7C%22electric+guitar%22+%22artificial+intelligence%22%7C%22machine+learning%22%7C%22deep+learning%22%7C%22audio+analysis%22+feedback%7C%22performance+analysis%22%7Cevaluation%7Cexpressivity&hl=en&as_sdt=2007"
2,"W Zhao, S Tan, P Li","GUITAR: Gradient Pruning toward Fast Neural Ranking",2024,"Proceedings of the 47th International ACM SIGIR …","dl.acm.org","https://dl.acm.org/doi/abs/10.1145/3626772.3657728","https://scholar.google.com/scholar?cites=14102842942248759052&as_sdt=2005&sciodt=2007&hl=en",74,"2025-12-14 08:01:17","","10.1145/3626772.3657728","","",,,,,2,2.00,1,3,1,"… measure evaluation is saved by using GUITAR? … deep learning for feature learning in a new neural network architecture. We set the factorization part dimension as 8 and deep learning …","https://arxiv.org/pdf/2312.16828","https://scholar.google.com/scholar?q=related:DK_cl-9ct8MJ:scholar.google.com/&scioq=guitar%7C%22electric+guitar%22+%22artificial+intelligence%22%7C%22machine+learning%22%7C%22deep+learning%22%7C%22audio+analysis%22+feedback%7C%22performance+analysis%22%7Cevaluation%7Cexpressivity&hl=en&as_sdt=2007"
28,"M Grachten, S Lattner, E Deruty","Bassnet: A variational gated autoencoder for conditional generation of bass guitar tracks with learned interactive control",2020,"Applied Sciences","mdpi.com","https://www.mdpi.com/2076-3417/10/18/6627","https://scholar.google.com/scholar?cites=15397962163091959734&as_sdt=2005&sciodt=2007&hl=en",75,"2025-12-14 08:01:17","HTML","","","",,,,,28,5.60,9,3,5,"… Deep learning has given AI-based methods for music … BassNet, a deep learning model for generating bass guitar tracks based on … We perform further evaluation by training the BassNet …","https://www.mdpi.com/2076-3417/10/18/6627","https://scholar.google.com/scholar?q=related:tm8AZAGNsNUJ:scholar.google.com/&scioq=guitar%7C%22electric+guitar%22+%22artificial+intelligence%22%7C%22machine+learning%22%7C%22deep+learning%22%7C%22audio+analysis%22+feedback%7C%22performance+analysis%22%7Cevaluation%7Cexpressivity&hl=en&as_sdt=2007"
8,"N Sharma, S Sharma","Performance enhancement of KNN classifier for guitar chord tonality classification",2023,"Indian Journal of Natural Sciences","researchgate.net","https://www.researchgate.net/profile/Nipun-Sharma-17/publication/368666722_Performance_Enhancement_of_KNN_Classifier_for_Guitar_Chord_Tonality_Classification/links/63f470f657495059452fef7b/Performance-Enhancement-of-KNN-Classifier-for-Guitar-Chord-Tonality-Classification.pdf","https://scholar.google.com/scholar?cites=14876710980797889489&as_sdt=2005&sciodt=2007&hl=en",76,"2025-12-14 08:01:17","PDF","","","",,,,,8,4.00,4,2,2,"… In this paper we have attempted to recognize the guitar chords … (kNearest Neighbour) machine learning algorithm and have … are extensively compared for performance analysis[12] for …","https://www.researchgate.net/profile/Nipun-Sharma-17/publication/368666722_Performance_Enhancement_of_KNN_Classifier_for_Guitar_Chord_Tonality_Classification/links/63f470f657495059452fef7b/Performance-Enhancement-of-KNN-Classifier-for-Guitar-Chord-Tonality-Classification.pdf","https://scholar.google.com/scholar?q=related:0XucHNGxdM4J:scholar.google.com/&scioq=guitar%7C%22electric+guitar%22+%22artificial+intelligence%22%7C%22machine+learning%22%7C%22deep+learning%22%7C%22audio+analysis%22+feedback%7C%22performance+analysis%22%7Cevaluation%7Cexpressivity&hl=en&as_sdt=2007"
1,"A Wright","Neural modelling of audio effects",2023,"","aaltodoc.aalto.fi","https://aaltodoc.aalto.fi/items/f376f16e-982a-485e-8412-1cb8362f9908","https://scholar.google.com/scholar?cites=141171883920773379&as_sdt=2005&sciodt=2007&hl=en",77,"2025-12-14 08:01:17","","","","",,,,,1,0.50,1,1,2,"… Neural networks and other machine learning based … reviewing the thesis and providing valuable feedback, and Prof. Josh … The invention of transistors quickly led to transistorised guitar …","https://aaltodoc.aalto.fi/bitstreams/85d1ed3d-74c1-4a4d-8215-4dac6956d9ae/download","https://scholar.google.com/scholar?q=related:A9FemRSL9QEJ:scholar.google.com/&scioq=guitar%7C%22electric+guitar%22+%22artificial+intelligence%22%7C%22machine+learning%22%7C%22deep+learning%22%7C%22audio+analysis%22+feedback%7C%22performance+analysis%22%7Cevaluation%7Cexpressivity&hl=en&as_sdt=2007"
57,"YH Chen, YH Huang, WY Hsiao, YH Yang","Automatic composition of guitar tabs by transformers and groove modeling",2020,"arXiv preprint arXiv …","arxiv.org","https://arxiv.org/abs/2008.01431","https://scholar.google.com/scholar?cites=11115937077976046693&as_sdt=2005&sciodt=2007&hl=en",78,"2025-12-14 08:01:17","","","","",,,,,57,11.40,14,4,5,"… Our work provides preliminary empirical evidence of the promise of deep learning for tab … Figure 6 shows the result of the subjective evaluation, where we present the audio rendition …","https://arxiv.org/pdf/2008.01431","https://scholar.google.com/scholar?q=related:ZRxbruC9Q5oJ:scholar.google.com/&scioq=guitar%7C%22electric+guitar%22+%22artificial+intelligence%22%7C%22machine+learning%22%7C%22deep+learning%22%7C%22audio+analysis%22+feedback%7C%22performance+analysis%22%7Cevaluation%7Cexpressivity&hl=en&as_sdt=2007"
4,"G Longo, JS Gonzalez, F Antonacci, ...","Predicting the acoustics of archtop guitars using an ai-based algorithm trained on fem simulations",2023,"Forum Acousticum …","re.public.polimi.it","https://re.public.polimi.it/bitstream/11311/1276074/1/Predicting%20the%20Acoustics%20of%20Archtop%20Guitars%20using%20an%20AI-based%20Algorithm%20trained%20on%20FEM%20Simulations.pdf","https://scholar.google.com/scholar?cites=18319667473712998444&as_sdt=2005&sciodt=2007&hl=en",79,"2025-12-14 08:01:17","PDF","","","",,,,,4,2.00,1,4,2,"… We demonstrate that machine learning is effective in … We then used the guitar body as a splitting tool to divide the … Obviously, a network that has enough expressivity to learn the mobility …","https://re.public.polimi.it/bitstream/11311/1276074/1/Predicting%20the%20Acoustics%20of%20Archtop%20Guitars%20using%20an%20AI-based%20Algorithm%20trained%20on%20FEM%20Simulations.pdf","https://scholar.google.com/scholar?q=related:LOjwbYGIPP4J:scholar.google.com/&scioq=guitar%7C%22electric+guitar%22+%22artificial+intelligence%22%7C%22machine+learning%22%7C%22deep+learning%22%7C%22audio+analysis%22+feedback%7C%22performance+analysis%22%7Cevaluation%7Cexpressivity&hl=en&as_sdt=2007"
14,"M Löchtefeld, S Gehring, R Jung, A Krüger","Using mobile projection to support guitar learning",2011,"International Symposium on …","Springer","https://link.springer.com/chapter/10.1007/978-3-642-22571-0_9","https://scholar.google.com/scholar?cites=12722030286065408481&as_sdt=2005&sciodt=2007&hl=en",80,"2025-12-14 08:01:17","","10.1007/978-3-642-22571-0_9","","",,,,,14,1.00,4,4,14,"… a guitar teacher. In this paper we propose an Augmented Reality concept that assists guitar students … our concept to ease guitar learning and lay out the initial user feedback. Finally, we …","https://www.researchgate.net/profile/Sven-Gehring-2/publication/220818900_Using_Mobile_Projection_to_Support_Guitar_Learning/links/5436627a0cf2bf1f1f2b84bb/Using-Mobile-Projection-to-Support-Guitar-Learning.pdf","https://scholar.google.com/scholar?q=related:4ZmwFiS7jbAJ:scholar.google.com/&scioq=guitar%7C%22electric+guitar%22+%22artificial+intelligence%22%7C%22machine+learning%22%7C%22deep+learning%22%7C%22audio+analysis%22+feedback%7C%22performance+analysis%22%7Cevaluation%7Cexpressivity&hl=en&as_sdt=2007"
10,"MAM Ramırez, JD Reiss","Deep learning and intelligent audio mixing",2017,"acoustic guitar","eecs.qmul.ac.uk","http://eecs.qmul.ac.uk/~josh/documents/2017/WIMP2017_Martinez-RamirezReiss.pdf","https://scholar.google.com/scholar?cites=1335232473371872746&as_sdt=2005&sciodt=2007&hl=en",81,"2025-12-14 08:01:17","PDF","","","",,,,,10,1.25,5,2,8,"… In addition, we investigate how can a deep learning system use expert knowledge to improve the results within a mixing task. In this way, based on a set of best practices, we explore …","http://eecs.qmul.ac.uk/~josh/documents/2017/WIMP2017_Martinez-RamirezReiss.pdf","https://scholar.google.com/scholar?q=related:6o3lM9yyhxIJ:scholar.google.com/&scioq=guitar%7C%22electric+guitar%22+%22artificial+intelligence%22%7C%22machine+learning%22%7C%22deep+learning%22%7C%22audio+analysis%22+feedback%7C%22performance+analysis%22%7Cevaluation%7Cexpressivity&hl=en&as_sdt=2007"
6,"YH Chen, W Choi, WH Liao, ...","Improving unsupervised clean-to-rendered guitar tone transformation using GANs and integrated unaligned clean data",2024,"arXiv preprint arXiv …","arxiv.org","https://arxiv.org/abs/2406.15751","https://scholar.google.com/scholar?cites=2677578781655864808&as_sdt=2005&sciodt=2007&hl=en",82,"2025-12-14 08:01:17","","","","",,,,,6,6.00,2,4,1,"… Thanks to advancements in deep learning, neural networks have been utilized in several … We consider the following three metrics for objective evaluation. Error-to-signal ratio (ESR) is a …","https://arxiv.org/pdf/2406.15751","https://scholar.google.com/scholar?q=related:6JW4KrerKCUJ:scholar.google.com/&scioq=guitar%7C%22electric+guitar%22+%22artificial+intelligence%22%7C%22machine+learning%22%7C%22deep+learning%22%7C%22audio+analysis%22+feedback%7C%22performance+analysis%22%7Cevaluation%7Cexpressivity&hl=en&as_sdt=2007"
3,"JL Arcos, E Guaus, TH Ozaslan","Analyzing musical expressivity with a soft computing approach",2013,"Fuzzy Sets and Systems","Elsevier","https://www.sciencedirect.com/science/article/pii/S0165011412000528","https://scholar.google.com/scholar?cites=14338553582989892467&as_sdt=2005&sciodt=2007&hl=en",83,"2025-12-14 08:01:17","","","","",,,,,3,0.25,1,3,12,"… Specifically, from a collection of sound features obtained by using state of the art audio analysis … the musical expressivity of guitar performers. The study of guitar expressivity is not new. …","","https://scholar.google.com/scholar?q=related:c1sEy4PG_MYJ:scholar.google.com/&scioq=guitar%7C%22electric+guitar%22+%22artificial+intelligence%22%7C%22machine+learning%22%7C%22deep+learning%22%7C%22audio+analysis%22+feedback%7C%22performance+analysis%22%7Cevaluation%7Cexpressivity&hl=en&as_sdt=2007"
22,"A Zoran, JA Paradiso","The Chameleon Guitar—Guitar with a Replaceable Resonator",2011,"Journal of New Music Research","Taylor &Francis","https://www.tandfonline.com/doi/abs/10.1080/09298215.2011.554609","https://scholar.google.com/scholar?cites=4229447708519661347&as_sdt=2005&sciodt=2007&hl=en",84,"2025-12-14 08:01:17","","10.1080/09298215.2011.554609","","",,,,,22,1.57,11,2,14,"… : The Chameleon Guitar, detailed in this paper along with evaluation from … via audio analysis alone, high-level signal processing capabilities (and sometimes even artificial intelligence …","https://dspace.mit.edu/bitstream/handle/1721.1/73201/chameleon%20guitar.pdf?sequence=1&isAllowed=y","https://scholar.google.com/scholar?q=related:I39nRkgEsjoJ:scholar.google.com/&scioq=guitar%7C%22electric+guitar%22+%22artificial+intelligence%22%7C%22machine+learning%22%7C%22deep+learning%22%7C%22audio+analysis%22+feedback%7C%22performance+analysis%22%7Cevaluation%7Cexpressivity&hl=en&as_sdt=2007"
6,"R Hinrichs, K Gerkens, A Lange, ...","Blind extraction of guitar effects through blind system inversion and neural guitar effect modeling",2024,"EURASIP Journal on Audio …","Springer","https://link.springer.com/article/10.1186/s13636-024-00330-0","https://scholar.google.com/scholar?cites=1347155805441410415&as_sdt=2005&sciodt=2007&hl=en",85,"2025-12-14 08:01:17","HTML","10.1186/s13636-024-00330-0","","",,,,,6,6.00,2,4,1,"… of a target guitar sound using another guitar. This work is a … a guitar, including possible distortion effects, to another guitar … In their MUSHRA evaluation, they achieved a perceptual …","https://link.springer.com/article/10.1186/s13636-024-00330-0","https://scholar.google.com/scholar?q=related:b8VwSBEPshIJ:scholar.google.com/&scioq=guitar%7C%22electric+guitar%22+%22artificial+intelligence%22%7C%22machine+learning%22%7C%22deep+learning%22%7C%22audio+analysis%22+feedback%7C%22performance+analysis%22%7Cevaluation%7Cexpressivity&hl=en&as_sdt=2007"
4,"YS Lee, YP Peng, JT Wu, M Cheng, L Su, ...","Distortion recovery: A two-stage method for guitar effect removal",2024,"arXiv preprint arXiv …","arxiv.org","https://arxiv.org/abs/2407.16639","https://scholar.google.com/scholar?cites=15397500388465420194&as_sdt=2005&sciodt=2007&hl=en",86,"2025-12-14 08:01:17","","","","",,,,,4,4.00,1,6,1,"… tween the realms of signal processing and machine learning. Deep neural networks (DNNs) … Moreover, through a comprehensive evaluation employing a broad mix of VST plugins, we …","https://arxiv.org/pdf/2407.16639","https://scholar.google.com/scholar?q=related:oqdrGwbprtUJ:scholar.google.com/&scioq=guitar%7C%22electric+guitar%22+%22artificial+intelligence%22%7C%22machine+learning%22%7C%22deep+learning%22%7C%22audio+analysis%22+feedback%7C%22performance+analysis%22%7Cevaluation%7Cexpressivity&hl=en&as_sdt=2007"
36,"ZH Yun, Y Alshehri, N Alnazzawi, I Ullah, ...","A decision-support system for assessing the function of machine learning and artificial intelligence in music education for network games",2022,"Soft …","search.proquest.com","https://search.proquest.com/openview/440788b67c7250184bb31875ac62a6f6/1?pq-origsite=gscholar&cbl=2043697","https://scholar.google.com/scholar?cites=18148421830349451709&as_sdt=2005&sciodt=2007&hl=en",87,"2025-12-14 08:01:17","","","","",,,,,36,12.00,7,5,3,"… machine learning are being used to improve music teaching. Furthermore, by employing these methods, the sounds in games can be made more efficient and effective. Evaluation … guitar…","","https://scholar.google.com/scholar?q=related:vXHsD4Al3PsJ:scholar.google.com/&scioq=guitar%7C%22electric+guitar%22+%22artificial+intelligence%22%7C%22machine+learning%22%7C%22deep+learning%22%7C%22audio+analysis%22+feedback%7C%22performance+analysis%22%7Cevaluation%7Cexpressivity&hl=en&as_sdt=2007"
0,"T Sinjanakhom, S Chivapreecha","Neural Networks for Real-Time Digital Emulation of Guitar Speaker Cabinet Impulse Response",2022,"2022 14th International …","ieeexplore.ieee.org","https://ieeexplore.ieee.org/abstract/document/9727233/","",88,"2025-12-14 08:01:17","","","","",,,,,0,0.00,0,2,3,"… It can be done by convolving the guitar signal with pre-… IR-GAN [1] is one of the research that employs deep learning to … including the architecture, the evaluation metrics, and real…","","https://scholar.google.com/scholar?q=related:lmLrPxppecYJ:scholar.google.com/&scioq=guitar%7C%22electric+guitar%22+%22artificial+intelligence%22%7C%22machine+learning%22%7C%22deep+learning%22%7C%22audio+analysis%22+feedback%7C%22performance+analysis%22%7Cevaluation%7Cexpressivity&hl=en&as_sdt=2007"
15,"J Loth, P Sarmento, CJ Carr, Z Zukowski, ...","Proggp: from guitarpro tablature neural generation to progressive metal production",2023,"arXiv preprint arXiv …","arxiv.org","https://arxiv.org/abs/2307.05328","https://scholar.google.com/scholar?cites=7983910735414507885&as_sdt=2005&sciodt=2007&hl=en",89,"2025-12-14 08:01:17","","","","",,,,,15,7.50,3,5,2,"… using a mixed method evaluation approach, combining … was a single low E note on guitar and bass guitar, and a kick and cymbal … We have presented a deep learning model capable of …","https://arxiv.org/pdf/2307.05328","https://scholar.google.com/scholar?q=related:bTnPZoOMzG4J:scholar.google.com/&scioq=guitar%7C%22electric+guitar%22+%22artificial+intelligence%22%7C%22machine+learning%22%7C%22deep+learning%22%7C%22audio+analysis%22+feedback%7C%22performance+analysis%22%7Cevaluation%7Cexpressivity&hl=en&as_sdt=2007"
15,"M McVicar, S Fukayama, M Goto","AutoGuitarTab: Computer-aided composition of rhythm and lead guitar parts in the tablature space",2015,"IEEE/ACM Transactions on …","ieeexplore.ieee.org","https://ieeexplore.ieee.org/abstract/document/7080942/","https://scholar.google.com/scholar?cites=15214598151323793459&as_sdt=2005&sciodt=2007&hl=en",90,"2025-12-14 08:01:17","","","","",,,,,15,1.50,5,3,10,"… examples of evaluation strategies we explore in this paper are algorithmic evaluation, non-… ) with probabilistic modeling, machine learning and computational musicology. He has …","https://ieeexplore.ieee.org/iel7/6570655/6633080/07080942.pdf","https://scholar.google.com/scholar?q=related:Mzj4gWgcJdMJ:scholar.google.com/&scioq=guitar%7C%22electric+guitar%22+%22artificial+intelligence%22%7C%22machine+learning%22%7C%22deep+learning%22%7C%22audio+analysis%22+feedback%7C%22performance+analysis%22%7Cevaluation%7Cexpressivity&hl=en&as_sdt=2007"
19,"M Stein","Automatic detection of multiple, cascaded audio effects in guitar recordings",2010,"13th International Conference on Digital Audio Effects …","dafx10.iem.at","http://dafx10.iem.at/papers/Stein_DAFx10_P18.pdf","https://scholar.google.com/scholar?cites=12321639576360970053&as_sdt=2005&sciodt=2007&hl=en",91,"2025-12-14 08:01:17","PDF","","","",,,,,19,1.27,19,1,15,"… guitar tones was assembled for the purpose of evaluation. … In this paper we presented a machine learning approach for … audio effects in monophonic electric guitar recordings. We …","http://dafx10.iem.at/papers/Stein_DAFx10_P18.pdf","https://scholar.google.com/scholar?q=related:Redjb-lB_6oJ:scholar.google.com/&scioq=guitar%7C%22electric+guitar%22+%22artificial+intelligence%22%7C%22machine+learning%22%7C%22deep+learning%22%7C%22audio+analysis%22+feedback%7C%22performance+analysis%22%7Cevaluation%7Cexpressivity&hl=en&as_sdt=2007"
13,"E Mistler","Generating guitar tablatures with neural networks",2017,"Master of Science Dissertation, The University of …","","","https://scholar.google.com/scholar?cites=2860981063291660729&as_sdt=2005&sciodt=2007&hl=en",92,"2025-12-14 08:01:17","CITATION","","","",,,,,13,1.63,13,1,8,"","","https://scholar.google.com/scholar?q=related:uWmech4_tCcJ:scholar.google.com/&scioq=guitar%7C%22electric+guitar%22+%22artificial+intelligence%22%7C%22machine+learning%22%7C%22deep+learning%22%7C%22audio+analysis%22+feedback%7C%22performance+analysis%22%7Cevaluation%7Cexpressivity&hl=en&as_sdt=2007"
18,"Ç Erdem, Q Lan, AR Jensenius","Exploring relationships between effort, motion, and sound in new musical instruments",2020,"Human Technology","ht.csr-pub.eu","https://www.ht.csr-pub.eu/index.php/ht/article/view/236","https://scholar.google.com/scholar?cites=1318488436480753980&as_sdt=2005&sciodt=2007&hl=en",93,"2025-12-14 08:01:17","","","","",,,,,18,3.60,6,3,5,"… Hitting a guitar string is an example of what we call motion, … We see that deep learning can be particularly useful when … , and an evaluation of various machine learning configurations. …","https://www.ht.csr-pub.eu/index.php/ht/article/download/236/213","https://scholar.google.com/scholar?q=related:PEHlUD82TBIJ:scholar.google.com/&scioq=guitar%7C%22electric+guitar%22+%22artificial+intelligence%22%7C%22machine+learning%22%7C%22deep+learning%22%7C%22audio+analysis%22+feedback%7C%22performance+analysis%22%7Cevaluation%7Cexpressivity&hl=en&as_sdt=2007"
11,"S D'Alo, M Lerro, M Noioso, N Piazza","Real-time analysis of a musical performance using analytics",2018,"US Patent App. 15/354,363","Google Patents","https://patents.google.com/patent/US20180137425A1/en","https://scholar.google.com/scholar?cites=1203683987940662668&as_sdt=2005&sciodt=2007&hl=en",94,"2025-12-14 08:01:17","","","","",,,,,11,1.57,3,4,7,"… of machine learning, analytics, or other forms of artificial intelligence to provide real-time feedback to … a rock guitarist may play a guitar into which a sensor is embedded, in an auditorium …","https://patentimages.storage.googleapis.com/8c/a8/13/fd3a4adf25bd93/US20180137425A1.pdf","https://scholar.google.com/scholar?q=related:jF0HqzVYtBAJ:scholar.google.com/&scioq=guitar%7C%22electric+guitar%22+%22artificial+intelligence%22%7C%22machine+learning%22%7C%22deep+learning%22%7C%22audio+analysis%22+feedback%7C%22performance+analysis%22%7Cevaluation%7Cexpressivity&hl=en&as_sdt=2007"
33,"ET Chourdakis, JD Reiss","A machine-learning approach to application of intelligent artificial reverberation",2017,"Journal of the Audio Engineering …","qmro.qmul.ac.uk","https://qmro.qmul.ac.uk/xmlui/bitstream/handle/123456789/19457/Reiss%20A%20Machine-Learning%20Approach%202017%20Accepted.pdf?sequence=1","https://scholar.google.com/scholar?cites=1881456668908404300&as_sdt=2005&sciodt=2007&hl=en",95,"2025-12-14 08:01:17","PDF","","","",,,,,33,4.13,17,2,8,"… Perceptual evaluation of the data was performed using multi-stimulus MUSHRA-style … These files consisted of excerpts from 2 singing tracks, a bass guitar, a saxophone, a drum, …","https://qmro.qmul.ac.uk/xmlui/bitstream/handle/123456789/19457/Reiss%20A%20Machine-Learning%20Approach%202017%20Accepted.pdf?sequence=1","https://scholar.google.com/scholar?q=related:TD6TOt9GHBoJ:scholar.google.com/&scioq=guitar%7C%22electric+guitar%22+%22artificial+intelligence%22%7C%22machine+learning%22%7C%22deep+learning%22%7C%22audio+analysis%22+feedback%7C%22performance+analysis%22%7Cevaluation%7Cexpressivity&hl=en&as_sdt=2007"
56,"P Sarmento, A Kumar, CJ Carr, Z Zukowski, ...","DadaGP: A dataset of tokenized GuitarPro songs for sequence models",2021,"arXiv preprint arXiv …","arxiv.org","https://arxiv.org/abs/2107.14653","https://scholar.google.com/scholar?cites=9756962718080254427&as_sdt=2005&sciodt=2007&hl=en",96,"2025-12-14 08:01:17","","","","",,,,,56,14.00,11,5,4,"… We discuss other relevant use cases for the dataset (guitar-… have boomed by leveraging deep learning approaches, or aiming … As a simple evaluation metric, we focused on the notion of …","https://arxiv.org/pdf/2107.14653","https://scholar.google.com/scholar?q=related:20HnweWxZ4cJ:scholar.google.com/&scioq=guitar%7C%22electric+guitar%22+%22artificial+intelligence%22%7C%22machine+learning%22%7C%22deep+learning%22%7C%22audio+analysis%22+feedback%7C%22performance+analysis%22%7Cevaluation%7Cexpressivity&hl=en&as_sdt=2007"
8,"H Kim, S Choi, J Nam","Expressive acoustic guitar sound synthesis with an instrument-specific input representation and diffusion outpainting",2024,"ICASSP 2024-2024 IEEE International …","ieeexplore.ieee.org","https://ieeexplore.ieee.org/abstract/document/10446678/","https://scholar.google.com/scholar?cites=13643770085596731950&as_sdt=2005&sciodt=2007&hl=en",97,"2025-12-14 08:01:17","","","","",,,,,8,8.00,3,3,1,"… In this work, we propose an expressive acoustic guitar sound synthesis model with a … existing guitar dataset but also collected data from a high quality sample-based guitar synthesizer. …","https://arxiv.org/pdf/2401.13498","https://scholar.google.com/scholar?q=related:LhoY5ZpoWL0J:scholar.google.com/&scioq=guitar%7C%22electric+guitar%22+%22artificial+intelligence%22%7C%22machine+learning%22%7C%22deep+learning%22%7C%22audio+analysis%22+feedback%7C%22performance+analysis%22%7Cevaluation%7Cexpressivity&hl=en&as_sdt=2007"
152,"J Nam, K Choi, J Lee, SY Chou, ...","Deep learning for audio-based music classification and tagging: Teaching computers to distinguish rock from bach",2018,"IEEE signal processing …","ieeexplore.ieee.org","https://ieeexplore.ieee.org/abstract/document/8588424/","https://scholar.google.com/scholar?cites=1733462547410786718&as_sdt=2005&sciodt=2007&hl=en",98,"2025-12-14 08:01:17","","","","",,,,,152,21.71,30,5,7,"… For example, a heavily distorted electric guitar sound with … deep-learning models but also for benchmark evaluation. The MIR community has organized an annual algorithm evaluation …","","https://scholar.google.com/scholar?q=related:nhndqQB_DhgJ:scholar.google.com/&scioq=guitar%7C%22electric+guitar%22+%22artificial+intelligence%22%7C%22machine+learning%22%7C%22deep+learning%22%7C%22audio+analysis%22+feedback%7C%22performance+analysis%22%7Cevaluation%7Cexpressivity&hl=en&as_sdt=2007"
35,"G Burlet, I Fujinaga","Robotaba Guitar Tablature Transcription Framework.",2013,"ISMIR","ismir2013.ismir.net","https://ismir2013.ismir.net/wp-content/uploads/2013/09/217_Paper.pdf","https://scholar.google.com/scholar?cites=17872278989578003203&as_sdt=2005&sciodt=2007&hl=en",99,"2025-12-14 08:01:17","PDF","","","",,,,,35,2.92,18,2,12,"… [2]; and a variety of machine learning methods such as non-negative matrix factorization [14], … An evaluation of the proposed guitar tablature arrangement algorithm indicates that the …","https://ismir2013.ismir.net/wp-content/uploads/2013/09/217_Paper.pdf","https://scholar.google.com/scholar?q=related:A2N5tAwXB_gJ:scholar.google.com/&scioq=guitar%7C%22electric+guitar%22+%22artificial+intelligence%22%7C%22machine+learning%22%7C%22deep+learning%22%7C%22audio+analysis%22+feedback%7C%22performance+analysis%22%7Cevaluation%7Cexpressivity&hl=en&as_sdt=2007"
12,"D Dalmazzo, G Waddell, R Ramírez","Applying deep learning techniques to estimate patterns of musical gesture",2021,"Frontiers in psychology","frontiersin.org","https://www.frontiersin.org/journals/psychology/articles/10.3389/fpsyg.2020.575971/full","https://scholar.google.com/scholar?cites=8254072365386864236&as_sdt=2005&sciodt=2007&hl=en",100,"2025-12-14 08:01:17","HTML","10.3389/fpsyg.2020.575971","","",,,,,12,3.00,4,3,4,"… The purpose of this study was to investigate how state-of-the-art machine learning … Using violin performance as a test-case, we aimed to provide real-time feedback to musicians …","https://www.frontiersin.org/journals/psychology/articles/10.3389/fpsyg.2020.575971/full","https://scholar.google.com/scholar?q=related:bJZAmRVbjHIJ:scholar.google.com/&scioq=guitar%7C%22electric+guitar%22+%22artificial+intelligence%22%7C%22machine+learning%22%7C%22deep+learning%22%7C%22audio+analysis%22+feedback%7C%22performance+analysis%22%7Cevaluation%7Cexpressivity&hl=en&as_sdt=2007"
38,"M Barthet, A Anglade, G Fazekas, ...","Music recommendation for music learning: Hotttabs, a multimedia guitar tutor",2011,"Workshop on …","informatik.rwth-aachen.de","http://ftp.informatik.rwth-aachen.de/Publications/CEUR-WS/Vol-793/womrad2011_complete.pdf#page=13","https://scholar.google.com/scholar?cites=15234463330957891976&as_sdt=2005&sciodt=2007&hl=en",101,"2025-12-14 08:01:17","PDF","","","",,,,,38,2.71,10,4,14,"… to provide a visual feedback of the chord labels synchronised with the video. Guitar tablatures, a … framework for writing web applications involving audio analysis, is used as a basis for …","http://ftp.informatik.rwth-aachen.de/Publications/CEUR-WS/Vol-793/womrad2011_complete.pdf#page=13","https://scholar.google.com/scholar?q=related:iJl1Ea-va9MJ:scholar.google.com/&scioq=guitar%7C%22electric+guitar%22+%22artificial+intelligence%22%7C%22machine+learning%22%7C%22deep+learning%22%7C%22audio+analysis%22+feedback%7C%22performance+analysis%22%7Cevaluation%7Cexpressivity&hl=en&as_sdt=2007"
6,"YT Yeh, YH Chen, YC Cheng, JT Wu, ...","Ddsp guitar amp: Interpretable guitar amplifier modeling",2025,"ICASSP 2025-2025 …","ieeexplore.ieee.org","https://ieeexplore.ieee.org/abstract/document/10889306/","https://scholar.google.com/scholar?cites=4817334595417508298&as_sdt=2005&sciodt=2007&hl=en",102,"2025-12-14 08:01:17","","","","",,,,,6,6.00,1,5,1,"… OBJECTIVE EVALUATION RESULTS We evaluate the accuracy of the implemented models for emulating the target guitar amp (for unseen content in test data) in MAE and MR-STFT […","https://arxiv.org/pdf/2408.11405","https://scholar.google.com/scholar?q=related:yokPjEqc2kIJ:scholar.google.com/&scioq=guitar%7C%22electric+guitar%22+%22artificial+intelligence%22%7C%22machine+learning%22%7C%22deep+learning%22%7C%22audio+analysis%22+feedback%7C%22performance+analysis%22%7Cevaluation%7Cexpressivity&hl=en&as_sdt=2007"
8,"LL Costalonga, RM Vicari, EM Miletto","Agent-based guitar performance simulation",2008,"Journal of the Brazilian Computer …","Springer","https://link.springer.com/article/10.1007/BF03192562","https://scholar.google.com/scholar?cites=12712964712983794205&as_sdt=2005&sciodt=2007&hl=en",103,"2025-12-14 08:01:17","","10.1007/BF03192562","","",,,,,8,0.47,3,3,17,"… Finally, we perform an evaluation of the system … guitar, as artificial agents. The result of the interaction of such agents is a music performance itself. We consider the music e/or the guitar …","https://link.springer.com/content/pdf/10.1007/BF03192562.pdf","https://scholar.google.com/scholar?q=related:HZJ53wyGbbAJ:scholar.google.com/&scioq=guitar%7C%22electric+guitar%22+%22artificial+intelligence%22%7C%22machine+learning%22%7C%22deep+learning%22%7C%22audio+analysis%22+feedback%7C%22performance+analysis%22%7Cevaluation%7Cexpressivity&hl=en&as_sdt=2007"
12,"K Marky, A Weiß, F Müller, M Schmitz, ...","Let's frets! Mastering guitar playing with capacitive sensing and visual guidance",2021,"Extended Abstracts of …","dl.acm.org","https://dl.acm.org/doi/abs/10.1145/3411763.3451536","https://scholar.google.com/scholar?cites=3486441264762587734&as_sdt=2005&sciodt=2007&hl=en",104,"2025-12-14 08:01:17","","10.1145/3411763.3451536","","",,,,,12,3.00,2,5,4,"… support system that combines visual indicators, feedback about … guitar tab requires information about the finger position, which cannot be determined for each tone by audio analysis…","","https://scholar.google.com/scholar?q=related:VgpwvNtTYjAJ:scholar.google.com/&scioq=guitar%7C%22electric+guitar%22+%22artificial+intelligence%22%7C%22machine+learning%22%7C%22deep+learning%22%7C%22audio+analysis%22+feedback%7C%22performance+analysis%22%7Cevaluation%7Cexpressivity&hl=en&as_sdt=2007"
7,"LL Costalonga, MS Pimenta, ...","Understanding biomechanical constraints for modelling expressive performance: A guitar case study",2019,"Journal of New Music …","Taylor &Francis","https://www.tandfonline.com/doi/abs/10.1080/09298215.2019.1643892","https://scholar.google.com/scholar?cites=12437748115916606175&as_sdt=2005&sciodt=2007&hl=en",105,"2025-12-14 08:01:17","","10.1080/09298215.2019.1643892","","",,,,,7,1.17,2,3,6,"… guitar with estimation of forces needed to play correctly clean notes and chords, and a biomechanical study of errors made by guitar … rely on tactile or auditory feedback as they would …","https://plymouth.researchcommons.org/cgi/viewcontent.cgi?article=1113&context=ada-research","https://scholar.google.com/scholar?q=related:30r-bgPCm6wJ:scholar.google.com/&scioq=guitar%7C%22electric+guitar%22+%22artificial+intelligence%22%7C%22machine+learning%22%7C%22deep+learning%22%7C%22audio+analysis%22+feedback%7C%22performance+analysis%22%7Cevaluation%7Cexpressivity&hl=en&as_sdt=2007"
31,"TW Su, YP Chen, L Su, YH Yang","TENT: Technique-embedded note tracking for real-world guitar solo recordings",2019,"Transactions of the …","transactions.ismir.net","https://transactions.ismir.net/articles/10.5334/tismir.23?_rsc=16h3g","https://scholar.google.com/scholar?cites=101376482576930331&as_sdt=2005&sciodt=2007&hl=en",106,"2025-12-14 08:01:17","HTML","10.5334/tismir.23","","",,,,,31,5.17,8,4,6,"… We note that the default threshold used by mir_eval in onset evaluation is 0.05 seconds, but we … In the future, we intend to replace the rules by machine learning-based methods, and to …","https://transactions.ismir.net/articles/10.5334/tismir.23?_rsc=16h3g","https://scholar.google.com/scholar?q=related:G5aTsF8paAEJ:scholar.google.com/&scioq=guitar%7C%22electric+guitar%22+%22artificial+intelligence%22%7C%22machine+learning%22%7C%22deep+learning%22%7C%22audio+analysis%22+feedback%7C%22performance+analysis%22%7Cevaluation%7Cexpressivity&hl=en&as_sdt=2007"
5,"S Giraldo, R Ramirez","Computational modeling of ornamentation in jazz guitar music",2015,"International Symposium on Performance …","mtg.upf.edu","http://www.mtg.upf.edu/system/files/publications/ISPS2015_Giraldo.pdf","https://scholar.google.com/scholar?cites=5546126492880974825&as_sdt=2005&sciodt=2007&hl=en",107,"2025-12-14 08:01:17","","","","",,,,,5,0.50,3,2,10,"… context, we apply machine-learning techniques to learn an … We have trained machine learning models to classify score … Evaluation results show that our approach is able to produce …","","https://scholar.google.com/scholar?q=related:6bONH6nM90wJ:scholar.google.com/&scioq=guitar%7C%22electric+guitar%22+%22artificial+intelligence%22%7C%22machine+learning%22%7C%22deep+learning%22%7C%22audio+analysis%22+feedback%7C%22performance+analysis%22%7Cevaluation%7Cexpressivity&hl=en&as_sdt=2007"
70,"MAM Ramírez, JD Reiss","Modeling nonlinear audio effects with end-to-end deep neural networks",2019,"ICASSP 2019-2019 IEEE …","ieeexplore.ieee.org","https://ieeexplore.ieee.org/abstract/document/8683529/","https://scholar.google.com/scholar?cites=12758616490097282033&as_sdt=2005&sciodt=2007&hl=en",108,"2025-12-14 08:01:17","","","","",,,,,70,11.67,35,2,6,"… In this work, we investigate deep learning architectures for … Table 2: Evaluation of the generalization capabilities of the … eg Bass guitar models tested with electric guitar test samples …","https://arxiv.org/pdf/1810.06603","https://scholar.google.com/scholar?q=related:8YuwhRm2D7EJ:scholar.google.com/&scioq=guitar%7C%22electric+guitar%22+%22artificial+intelligence%22%7C%22machine+learning%22%7C%22deep+learning%22%7C%22audio+analysis%22+feedback%7C%22performance+analysis%22%7Cevaluation%7Cexpressivity&hl=en&as_sdt=2007"
8,"J Guerrero-Turrubiates, S Ledesma, ...","Guitar chords classification using uncertainty measurements of frequency bins",2015,"Mathematical …","Wiley Online Library","https://onlinelibrary.wiley.com/doi/abs/10.1155/2015/205369","https://scholar.google.com/scholar?cites=264787285082623442&as_sdt=2005&sciodt=2007&hl=en",109,"2025-12-14 08:01:17","","10.1155/2015/205369","","",,,,,8,0.80,3,3,10,"… this paper by having the same database for the evaluation test. In most of the performed tests, … and data mining and training of artificial intelligence technologies or similar technologies. …","https://onlinelibrary.wiley.com/doi/pdf/10.1155/2015/205369","https://scholar.google.com/scholar?q=related:0s1jBKK2rAMJ:scholar.google.com/&scioq=guitar%7C%22electric+guitar%22+%22artificial+intelligence%22%7C%22machine+learning%22%7C%22deep+learning%22%7C%22audio+analysis%22+feedback%7C%22performance+analysis%22%7Cevaluation%7Cexpressivity&hl=en&as_sdt=2007"
30,"C Hernandez-Olivan, I Zay Pinilla, C Hernandez-Lopez, ...","A comparison of deep learning methods for timbre analysis in polyphonic automatic music transcription",2021,"Electronics","mdpi.com","https://www.mdpi.com/2079-9292/10/7/810","https://scholar.google.com/scholar?cites=1862370392821752057&as_sdt=2005&sciodt=2007&hl=en",110,"2025-12-14 08:01:17","HTML","","","",,,,,30,7.50,8,4,4,"… The most recent and best-performing methods such as CREPE [12], use deep learning approaches to address the f0 estimation by converting the input signal into spectrograms and …","https://www.mdpi.com/2079-9292/10/7/810","https://scholar.google.com/scholar?q=related:-WBYSAF42BkJ:scholar.google.com/&scioq=guitar%7C%22electric+guitar%22+%22artificial+intelligence%22%7C%22machine+learning%22%7C%22deep+learning%22%7C%22audio+analysis%22+feedback%7C%22performance+analysis%22%7Cevaluation%7Cexpressivity&hl=en&as_sdt=2007"
7,"J Kuroda, G Koutaki","Sensing control parameters of flute from microphone sound based on machine learning from robotic performer",2022,"Sensors","mdpi.com","https://www.mdpi.com/1424-8220/22/5/2074","https://scholar.google.com/scholar?cites=7670177090652492765&as_sdt=2005&sciodt=2007&hl=en",111,"2025-12-14 08:01:17","HTML","","","",,,,,7,2.33,4,2,3,"… feedback allows the learner to determine whether the performer is in the proper posture and bowing position. This study shows that vibration feedback is … Development of guitar playing …","https://www.mdpi.com/1424-8220/22/5/2074","https://scholar.google.com/scholar?q=related:3VOu9GzxcWoJ:scholar.google.com/&scioq=guitar%7C%22electric+guitar%22+%22artificial+intelligence%22%7C%22machine+learning%22%7C%22deep+learning%22%7C%22audio+analysis%22+feedback%7C%22performance+analysis%22%7Cevaluation%7Cexpressivity&hl=en&as_sdt=2007"
69,"RS Armiger, RJ Vogelstein","Air-Guitar Hero: a real-time video game interface for training and evaluation of dexterous upper-extremity neuroprosthetic control algorithms",2008,"2008 IEEE Biomedical Circuits and …","ieeexplore.ieee.org","https://ieeexplore.ieee.org/abstract/document/4696889/","https://scholar.google.com/scholar?cites=10975121415706305294&as_sdt=2005&sciodt=2007&hl=en",112,"2025-12-14 08:01:17","","","","",,,,,69,4.06,35,2,17,"… task at least in part because no feedback is given, and in part … , and can provide quantitative feedback of performance to the … To test these hypotheses, we modified the wireless guitar …","","https://scholar.google.com/scholar?q=related:DuP0Zcd2T5gJ:scholar.google.com/&scioq=guitar%7C%22electric+guitar%22+%22artificial+intelligence%22%7C%22machine+learning%22%7C%22deep+learning%22%7C%22audio+analysis%22+feedback%7C%22performance+analysis%22%7Cevaluation%7Cexpressivity&hl=en&as_sdt=2007"
5,"AI Soysa, K Lokuge","Interactive machine learning for incorporating user emotions in automatic music harmonization",2010,"2010 Fifth International Conference on …","ieeexplore.ieee.org","https://ieeexplore.ieee.org/abstract/document/5715645/","https://scholar.google.com/scholar?cites=9079959663556456632&as_sdt=2005&sciodt=2007&hl=en",113,"2025-12-14 08:01:17","","","","",,,,,5,0.33,3,2,15,"… Furthermore, ChordATune possesses the capability to provide guitar chords in fret sheets for a … Table II shows the evaluation results gained for each evaluation criteria from different …","https://www.academia.edu/download/44131563/Interactive_machine_learning_for_incorporating_user_emotions_in_automatic_music_harmonization_1.pdf","https://scholar.google.com/scholar?q=related:uHAo0TR_An4J:scholar.google.com/&scioq=guitar%7C%22electric+guitar%22+%22artificial+intelligence%22%7C%22machine+learning%22%7C%22deep+learning%22%7C%22audio+analysis%22+feedback%7C%22performance+analysis%22%7Cevaluation%7Cexpressivity&hl=en&as_sdt=2007"
32,"K Yazawa, D Sakaue, K Nagira, ...","Audio-based guitar tablature transcription using multipitch analysis and playability constraints",2013,"… on acoustics, speech …","ieeexplore.ieee.org","https://ieeexplore.ieee.org/abstract/document/6637636/","https://scholar.google.com/scholar?cites=5627511926162873144&as_sdt=2005&sciodt=2007&hl=en",114,"2025-12-14 08:01:17","","","","",,,,,32,2.67,8,4,12,"… This paper proposes a method of guitar tablature transcription from … guitar sounds from MIDI data (ground truth) for evaluation. … LHA is a machine learning method that estimates the …","http://winnie.kuis.kyoto-u.ac.jp/members/okuno/Public/ICASSP-2013-Yazawa.pdf","https://scholar.google.com/scholar?q=related:OFs28EfwGE4J:scholar.google.com/&scioq=guitar%7C%22electric+guitar%22+%22artificial+intelligence%22%7C%22machine+learning%22%7C%22deep+learning%22%7C%22audio+analysis%22+feedback%7C%22performance+analysis%22%7Cevaluation%7Cexpressivity&hl=en&as_sdt=2007"
5,"N Jonason, X Wang, E Cooper, L Juvela, ...","DDSP-based neural waveform synthesis of polyphonic guitar performance from string-wise MIDI input",2023,"arXiv preprint arXiv …","arxiv.org","https://arxiv.org/abs/2309.07658","https://scholar.google.com/scholar?cites=11398678243057779516&as_sdt=2005&sciodt=2007&hl=en",115,"2025-12-14 08:01:17","","","","",,,,,5,2.50,1,5,2,"… The subjective evaluation also includes natural audio as well as renders of the MIDI with the free commercial sample-based guitar synthesizer Ample Guitar lite [1]. Objective evaluation: …","https://arxiv.org/pdf/2309.07658","https://scholar.google.com/scholar?q=related:PMNuIng9MJ4J:scholar.google.com/&scioq=guitar%7C%22electric+guitar%22+%22artificial+intelligence%22%7C%22machine+learning%22%7C%22deep+learning%22%7C%22audio+analysis%22+feedback%7C%22performance+analysis%22%7Cevaluation%7Cexpressivity&hl=en&as_sdt=2007"
11,"S Cherla, H Purwins, M Marchini","Automatic phrase continuation from guitar and bass guitar melodies",2013,"Computer Music Journal","ieeexplore.ieee.org","https://ieeexplore.ieee.org/abstract/document/6791662/","https://scholar.google.com/scholar?cites=7582944879036911705&as_sdt=2005&sciodt=2007&hl=en",116,"2025-12-14 08:01:17","","","","",,,,,11,0.92,4,3,12,"… evaluation, based on the feedback of a group of musical experts was conducted here. It was decided that those aspects of the system that required evaluation … to provide feedback on the …","https://repositori.upf.edu/bitstreams/7047b896-d8c8-42d8-aa54-d4e00a000f80/download","https://scholar.google.com/scholar?q=related:WdBc-jAIPGkJ:scholar.google.com/&scioq=guitar%7C%22electric+guitar%22+%22artificial+intelligence%22%7C%22machine+learning%22%7C%22deep+learning%22%7C%22audio+analysis%22+feedback%7C%22performance+analysis%22%7Cevaluation%7Cexpressivity&hl=en&as_sdt=2007"
19,"R Mitra, I Zualkernan","Music generation using deep learning and generative AI: a systematic review",2025,"IEEE Access","ieeexplore.ieee.org","https://ieeexplore.ieee.org/abstract/document/10845168/","https://scholar.google.com/scholar?cites=16248404416132292021&as_sdt=2005&sciodt=2007&hl=en",117,"2025-12-14 08:01:17","","","","",,,,,19,19.00,10,2,1,"… the most prominent deep learning architectures like Generative … methods, evaluation metrics, and future research directions. … one paper explored the use of guitar tabs to generate music …","https://ieeexplore.ieee.org/iel8/6287639/6514899/10845168.pdf","https://scholar.google.com/scholar?q=related:tR10jrrtfeEJ:scholar.google.com/&scioq=guitar%7C%22electric+guitar%22+%22artificial+intelligence%22%7C%22machine+learning%22%7C%22deep+learning%22%7C%22audio+analysis%22+feedback%7C%22performance+analysis%22%7Cevaluation%7Cexpressivity&hl=en&as_sdt=2007"
16,"A Perez-Carrillo","Finger-string interaction analysis in guitar playing with optical motion capture",2019,"Frontiers in Computer Science","frontiersin.org","https://www.frontiersin.org/articles/10.3389/fcomp.2019.00008/full","https://scholar.google.com/scholar?cites=13539804765441722200&as_sdt=2005&sciodt=2007&hl=en",118,"2025-12-14 08:01:17","HTML","10.3389/fcomp.2019.00008","","",,,,,16,2.67,16,1,6,"… guitar and fingers, in combination with audio analysis. A major problem inherent in optical motion capture is that of marker occlusion and, in guitar … The evaluation results were obtained …","https://www.frontiersin.org/articles/10.3389/fcomp.2019.00008/full","https://scholar.google.com/scholar?q=related:WIdLfLIM57sJ:scholar.google.com/&scioq=guitar%7C%22electric+guitar%22+%22artificial+intelligence%22%7C%22machine+learning%22%7C%22deep+learning%22%7C%22audio+analysis%22+feedback%7C%22performance+analysis%22%7Cevaluation%7Cexpressivity&hl=en&as_sdt=2007"
17,"L Juvela, EP Damskägg, A Peussa, ...","End-to-end amp modeling: from data to controllable guitar amplifier models",2023,"ICASSP 2023-2023 …","ieeexplore.ieee.org","https://ieeexplore.ieee.org/abstract/document/10094769/","https://scholar.google.com/scholar?cites=12743342283691116629&as_sdt=2005&sciodt=2007&hl=en",119,"2025-12-14 08:01:17","","","","",,,,,17,8.50,4,4,2,"This paper describes a data-driven approach to creating real-time neural network models of guitar amplifiers, recreating the amplifiers’ sonic response to arbitrary inputs at the full range …","https://arxiv.org/pdf/2403.08559","https://scholar.google.com/scholar?q=related:VcifNkpy2bAJ:scholar.google.com/&scioq=guitar%7C%22electric+guitar%22+%22artificial+intelligence%22%7C%22machine+learning%22%7C%22deep+learning%22%7C%22audio+analysis%22+feedback%7C%22performance+analysis%22%7Cevaluation%7Cexpressivity&hl=en&as_sdt=2007"
2,"C El Achkar, R Couturier, A Makhoul, ...","Leveraging Computer Vision Networks for Guitar Tablature Transcription",2023,"Computer Graphics …","Springer","https://link.springer.com/chapter/10.1007/978-3-031-50069-5_2","https://scholar.google.com/scholar?cites=14559059384184201615&as_sdt=2005&sciodt=2007&hl=en",120,"2025-12-14 08:01:17","","10.1007/978-3-031-50069-5_2","","",,,,,2,1.00,1,4,2,"… guitar tablature transcription network named TabCNN against state-of-the-art computer vision networks. The evaluation … to transcribe guitar-related notations, also called guitar tablatures…","https://hal.science/hal-04741777v1/file/5b2453ae-7ba4-45b2-a3a4-26d0aa94ae07-author.pdf","https://scholar.google.com/scholar?q=related:j-Edal8rDMoJ:scholar.google.com/&scioq=guitar%7C%22electric+guitar%22+%22artificial+intelligence%22%7C%22machine+learning%22%7C%22deep+learning%22%7C%22audio+analysis%22+feedback%7C%22performance+analysis%22%7Cevaluation%7Cexpressivity&hl=en&as_sdt=2007"
1,"CT Tolentino, F De Leon","Estimation and tonal analysis of the angle of attack in a classical guitar performance",2021,"TENCON 2021-2021 IEEE Region …","ieeexplore.ieee.org","https://ieeexplore.ieee.org/abstract/document/9707361/","https://scholar.google.com/scholar?cites=5770193781088881761&as_sdt=2005&sciodt=2007&hl=en",121,"2025-12-14 08:01:17","","","","",,,,,1,0.25,1,2,4,"… Performance Evaluation To improve the estimation accuracy at the expense of … Machine learning methods for estimating the excitation point on a plucked string of a classical guitar…","","https://scholar.google.com/scholar?q=related:YYz4DqzYE1AJ:scholar.google.com/&scioq=guitar%7C%22electric+guitar%22+%22artificial+intelligence%22%7C%22machine+learning%22%7C%22deep+learning%22%7C%22audio+analysis%22+feedback%7C%22performance+analysis%22%7Cevaluation%7Cexpressivity&hl=en&as_sdt=2007"
3,"CT Tolentino, JR Pedrasa","Identifying the instrumental gesture parameters affecting the timbral quality of a classical guitar",2019,"2019 International Symposium on …","ieeexplore.ieee.org","https://ieeexplore.ieee.org/abstract/document/8836170/","https://scholar.google.com/scholar?cites=13693499028030199116&as_sdt=2005&sciodt=2007&hl=en",122,"2025-12-14 08:01:17","","","","",,,,,3,0.50,2,2,6,"… We compare the evaluation results for these individual models to the entire model … Machine learning methods for estimating the excitation point on a plucked string of a classical guitar…","https://www.researchgate.net/profile/Carl-Timothy-Tolentino-2/publication/338440319_Identifying_the_Instrumental_Gesture_Parameters_Affecting_the_Timbral_Quality_of_a_Classical_Guitar/links/6007dec4299bf14088aa755e/Identifying-the-Instrumental-Gesture-Parameters-Affecting-the-Timbral-Quality-of-a-Classical-Guitar.pdf","https://scholar.google.com/scholar?q=related:TJXlkdAUCb4J:scholar.google.com/&scioq=guitar%7C%22electric+guitar%22+%22artificial+intelligence%22%7C%22machine+learning%22%7C%22deep+learning%22%7C%22audio+analysis%22+feedback%7C%22performance+analysis%22%7Cevaluation%7Cexpressivity&hl=en&as_sdt=2007"
9,"A Martelloni, A McPherson, M Barthet","Guitar augmentation for Percussive Fingerstyle: Combining self-reflexive practice and user-centred design",2021,"","qmro.qmul.ac.uk","https://qmro.qmul.ac.uk/jspui/handle/123456789/88835","https://scholar.google.com/scholar?cites=17435843787956479118&as_sdt=2005&sciodt=2007&hl=en",123,"2025-12-14 08:01:17","","","","",,,,,9,2.25,3,3,4,"… guitar prototype for percussive fingerstyle guitarists. The first author, himself a percussive fingerstyle player, started the project of an augmented guitar … We present their feedback on two …","https://qmro.qmul.ac.uk/xmlui/bitstream/handle/123456789/88835/Barthet%20Guitar%20augmentation%20for%202021%20Published.pdf?sequence=2","https://scholar.google.com/scholar?q=related:juRYzIuP-PEJ:scholar.google.com/&scioq=guitar%7C%22electric+guitar%22+%22artificial+intelligence%22%7C%22machine+learning%22%7C%22deep+learning%22%7C%22audio+analysis%22+feedback%7C%22performance+analysis%22%7Cevaluation%7Cexpressivity&hl=en&as_sdt=2007"
9,"A Wiggins, Y Kim","A differentiable acoustic guitar model for string-specific polyphonic synthesis",2023,"2023 IEEE workshop on applications of …","ieeexplore.ieee.org","https://ieeexplore.ieee.org/abstract/document/10248159/","https://scholar.google.com/scholar?cites=5113350565826472717&as_sdt=2005&sciodt=2007&hl=en",124,"2025-12-14 08:01:17","","","","",,,,,9,4.50,5,2,2,"… The use of deep learning for guitar synthesis remains largely … explored synthesizing acoustic guitar using various signal … quality of guitar sound for the synthesizers under evaluation, …","","https://scholar.google.com/scholar?q=related:DSsheD9F9kYJ:scholar.google.com/&scioq=guitar%7C%22electric+guitar%22+%22artificial+intelligence%22%7C%22machine+learning%22%7C%22deep+learning%22%7C%22audio+analysis%22+feedback%7C%22performance+analysis%22%7Cevaluation%7Cexpressivity&hl=en&as_sdt=2007"
8,"RS Karmakar, CP Chu, CL Li, CH Hsueh, YC Liao, ...","Skin-Inspired Tactile Sensor on Cellulose Fiber Substrates with Interfacial Microstructure for Health Monitoring and Guitar Posture Feedback",2023,"Biosensors","mdpi.com","https://www.mdpi.com/2079-6374/13/2/174","https://scholar.google.com/scholar?cites=727016989506227784&as_sdt=2005&sciodt=2007&hl=en",125,"2025-12-14 08:01:17","HTML","","","",,,,,8,4.00,1,6,2,"… Two different experiments (detection of guitar strumming and chord progression) were carried out in this work while guitar playing. Figure 9a shows the experimental setup for guitar …","https://www.mdpi.com/2079-6374/13/2/174","https://scholar.google.com/scholar?q=related:SE4xnRniFgoJ:scholar.google.com/&scioq=guitar%7C%22electric+guitar%22+%22artificial+intelligence%22%7C%22machine+learning%22%7C%22deep+learning%22%7C%22audio+analysis%22+feedback%7C%22performance+analysis%22%7Cevaluation%7Cexpressivity&hl=en&as_sdt=2007"
25,"DR Tuohy, WD Potter, AI Center","An evolved neural network/hc hybrid for tablature creation in ga-based guitar arranging",2006,"ICMC","academia.edu","https://www.academia.edu/download/92300966/evolved-neural-networkhc-hybrid-for-tablature-creation-in-ga.pdf","https://scholar.google.com/scholar?cites=12462111923481360520&as_sdt=2005&sciodt=2007&hl=en",126,"2025-12-14 08:01:17","PDF","","","",,,,,25,1.32,8,3,19,"… In this paper we describe a technique for creating guitar tablature … an existing system for generating guitar arrangements via genetic … To test improvement, we use an evaluation function …","https://www.academia.edu/download/92300966/evolved-neural-networkhc-hybrid-for-tablature-creation-in-ga.pdf","https://scholar.google.com/scholar?q=related:iDhEbsRQ8qwJ:scholar.google.com/&scioq=guitar%7C%22electric+guitar%22+%22artificial+intelligence%22%7C%22machine+learning%22%7C%22deep+learning%22%7C%22audio+analysis%22+feedback%7C%22performance+analysis%22%7Cevaluation%7Cexpressivity&hl=en&as_sdt=2007"
8,"S Matsushita","A wrist-worn motion evaluation system for fast and powerful down picking of heavy metal guitar",2019,"Proceedings of the 2019 ACM International …","dl.acm.org","https://dl.acm.org/doi/abs/10.1145/3341163.3347726","https://scholar.google.com/scholar?cites=10602011958031463808&as_sdt=2005&sciodt=2007&hl=en",127,"2025-12-14 08:01:17","","10.1145/3341163.3347726","","",,,,,8,1.33,8,1,6,"… -based evaluation approach by using the machine learning technique while collecting guitar … Then, it becomes possible to search for effective training methods for individual guitar …","","https://scholar.google.com/scholar?q=related:gLXoNrTpIZMJ:scholar.google.com/&scioq=guitar%7C%22electric+guitar%22+%22artificial+intelligence%22%7C%22machine+learning%22%7C%22deep+learning%22%7C%22audio+analysis%22+feedback%7C%22performance+analysis%22%7Cevaluation%7Cexpressivity&hl=en&as_sdt=2007"
14,"P Sarmento, A Kumar, D Xie, CJ Carr, ...","ShredGP: Guitarist style-conditioned tablature generation",2023,"arXiv preprint arXiv …","arxiv.org","https://arxiv.org/abs/2307.05324","https://scholar.google.com/scholar?cites=3191812114150673208&as_sdt=2005&sciodt=2007&hl=en",128,"2025-12-14 08:01:17","","","","",,,,,14,7.00,3,5,2,"… In order to assess the idiosyncrasies of each guitar player, we adopt a … The task of music generation with deep learning has been … Regarding the evaluation of our generative results, we …","https://arxiv.org/pdf/2307.05324","https://scholar.google.com/scholar?q=related:OEu99TSYSywJ:scholar.google.com/&scioq=guitar%7C%22electric+guitar%22+%22artificial+intelligence%22%7C%22machine+learning%22%7C%22deep+learning%22%7C%22audio+analysis%22+feedback%7C%22performance+analysis%22%7Cevaluation%7Cexpressivity&hl=en&as_sdt=2007"
324,"BN Nguyen, B Robbins, I Banerjee, ...","GUITAR: an innovative tool for automated testing of GUI-driven software",2014,"Automated software …","Springer","https://link.springer.com/article/10.1007/s10515-013-0128-9","https://scholar.google.com/scholar?cites=8678156198826087007&as_sdt=2005&sciodt=2007&hl=en",129,"2025-12-14 08:01:17","","10.1007/s10515-013-0128-9","","",,,,,324,29.45,81,4,11,"… GUITAR’s standard use case with a case study of GUITAR’s Java Foundation Classes (JFC) based toolchain. We then review the GUITAR … additional case studies with GUITAR (Sect. 5). …","https://www.academia.edu/download/88794132/NguyenASE2013.pdf","https://scholar.google.com/scholar?q=related:XxJigBUBb3gJ:scholar.google.com/&scioq=guitar%7C%22electric+guitar%22+%22artificial+intelligence%22%7C%22machine+learning%22%7C%22deep+learning%22%7C%22audio+analysis%22+feedback%7C%22performance+analysis%22%7Cevaluation%7Cexpressivity&hl=en&as_sdt=2007"
20,"A Tindale, A Kapur, G Tzanetakis","Training surrogate sensors in musical gesture acquisition systems",2010,"IEEE transactions on …","ieeexplore.ieee.org","https://ieeexplore.ieee.org/abstract/document/5610728/","https://scholar.google.com/scholar?cites=1887272899934090436&as_sdt=2005&sciodt=2007&hl=en",130,"2025-12-14 08:01:17","","","","",,,,,20,1.33,7,3,15,"… The idea of using direct sensor(s) to train a machine learning … in the strumming pattern of a guitar player or we might be in… machine learning framework for training and evaluation [32]. …","https://www.academia.edu/download/104497792/tmm2011gtzan.pdf","https://scholar.google.com/scholar?q=related:xPTKCrTwMBoJ:scholar.google.com/&scioq=guitar%7C%22electric+guitar%22+%22artificial+intelligence%22%7C%22machine+learning%22%7C%22deep+learning%22%7C%22audio+analysis%22+feedback%7C%22performance+analysis%22%7Cevaluation%7Cexpressivity&hl=en&as_sdt=2007"
2,"R Vogl","Deep Learning Methods for Drum Transcription and Drum Pattern Generation/submitted by Richard Vogl",2018,"","epub.jku.at","https://epub.jku.at/urn:nbn:at:at-ubl:1-25916","https://scholar.google.com/scholar?cites=16808914793739374563&as_sdt=2005&sciodt=2007&hl=en",131,"2025-12-14 08:01:17","","","","",,,,,2,0.29,2,1,7,"… to as mean and sum evaluation for the rest of this work. If the evaluation set contains more … with digital versions is quite common, eg guitar amplifiers, pianos, effects and sound …","https://epub.jku.at/obvulihs/content/titleinfo/3294852/full.pdf","https://scholar.google.com/scholar?q=related:48-kjPJCRekJ:scholar.google.com/&scioq=guitar%7C%22electric+guitar%22+%22artificial+intelligence%22%7C%22machine+learning%22%7C%22deep+learning%22%7C%22audio+analysis%22+feedback%7C%22performance+analysis%22%7Cevaluation%7Cexpressivity&hl=en&as_sdt=2007"
4,"L Reboursière, O Lähdeoja, RC Bose, ...","Guitar as controller",2011,"Numediart Quartely …","academia.edu","https://www.academia.edu/download/42971741/Guitar_As_Controller20160223-23186-8e9nx2.pdf","https://scholar.google.com/scholar?cites=7767874190861610452&as_sdt=2005&sciodt=2007&hl=en",132,"2025-12-14 08:01:17","PDF","","","",,,,,4,0.29,1,4,14,"… Supervised machine learning approaches (including those based on gaussian mixture … of approaches on the guitar database collected for this project. Evaluation is performed using the …","https://www.academia.edu/download/42971741/Guitar_As_Controller20160223-23186-8e9nx2.pdf","https://scholar.google.com/scholar?q=related:1C07rmsIzWsJ:scholar.google.com/&scioq=guitar%7C%22electric+guitar%22+%22artificial+intelligence%22%7C%22machine+learning%22%7C%22deep+learning%22%7C%22audio+analysis%22+feedback%7C%22performance+analysis%22%7Cevaluation%7Cexpressivity&hl=en&as_sdt=2007"
103,"EP Damskägg, L Juvela, E Thuillier, ...","Deep learning for tube amplifier emulation",2019,"ICASSP 2019-2019 …","ieeexplore.ieee.org","https://ieeexplore.ieee.org/abstract/document/8682805/","https://scholar.google.com/scholar?cites=18157380469434514662&as_sdt=2005&sciodt=2007&hl=en",133,"2025-12-14 08:01:17","","","","",,,,,103,17.17,26,4,6,"… four bass guitar sounds and one electric guitar sound. The sounds were a subset of the samples used for the objective evaluation. The listening test focused on bass guitar sounds since …","https://arxiv.org/pdf/1811.00334","https://scholar.google.com/scholar?q=related:5nxCxFX5-_sJ:scholar.google.com/&scioq=guitar%7C%22electric+guitar%22+%22artificial+intelligence%22%7C%22machine+learning%22%7C%22deep+learning%22%7C%22audio+analysis%22+feedback%7C%22performance+analysis%22%7Cevaluation%7Cexpressivity&hl=en&as_sdt=2007"
12,"D Régnier, N Martin, L Bigo","Identification of rhythm guitar sections in symbolic tablatures",2021,"International Society for Music Information …","hal.science","https://hal.science/hal-03335822/","https://scholar.google.com/scholar?cites=11853701597844572342&as_sdt=2005&sciodt=2007&hl=en",134,"2025-12-14 08:01:17","","","","",,,,,12,3.00,4,3,4,"… Leave-one-piece-out evaluation Training a machine learning model is often performed by splitting the dataset into a training set and a validation set. As bars can highly repeat, in …","https://hal.science/hal-03335822/document","https://scholar.google.com/scholar?q=related:togBtczOgKQJ:scholar.google.com/&scioq=guitar%7C%22electric+guitar%22+%22artificial+intelligence%22%7C%22machine+learning%22%7C%22deep+learning%22%7C%22audio+analysis%22+feedback%7C%22performance+analysis%22%7Cevaluation%7Cexpressivity&hl=en&as_sdt=2007"
19,"C Erdem, B Wallace, AR Jensenius","CAVI: A Coadaptive Audiovisual Instrument-Composition.",2022,"NIME","researchgate.net","https://www.researchgate.net/profile/Cagri-Erdem-2/publication/361591625_CAVI_A_Coadaptive_Audiovisual_Instrument-Composition/links/62fb82d6aa4b1206fab6570f/CAVI-A-Coadaptive-Audiovisual-Instrument-Composition.pdf","https://scholar.google.com/scholar?cites=9533657519012631988&as_sdt=2005&sciodt=2007&hl=en",135,"2025-12-14 08:01:17","PDF","","","",,,,,19,6.33,6,3,3,"… audiovisual instrument that uses deep learning to generate its … set of mappings and receives feedback from the performer. … our previous pipeline for creating the “air guitar” model [23]. …","https://www.researchgate.net/profile/Cagri-Erdem-2/publication/361591625_CAVI_A_Coadaptive_Audiovisual_Instrument-Composition/links/62fb82d6aa4b1206fab6570f/CAVI-A-Coadaptive-Audiovisual-Instrument-Composition.pdf","https://scholar.google.com/scholar?q=related:tNX6hgBbToQJ:scholar.google.com/&scioq=guitar%7C%22electric+guitar%22+%22artificial+intelligence%22%7C%22machine+learning%22%7C%22deep+learning%22%7C%22audio+analysis%22+feedback%7C%22performance+analysis%22%7Cevaluation%7Cexpressivity&hl=en&as_sdt=2007"
46,"K Yazawa, K Itoyama, HG Okuno","Automatic transcription of guitar tablature from audio signals in accordance with player's proficiency",2014,"2014 IEEE International …","ieeexplore.ieee.org","https://ieeexplore.ieee.org/abstract/document/6854175/","https://scholar.google.com/scholar?cites=3717256774938832945&as_sdt=2005&sciodt=2007&hl=en",136,"2025-12-14 08:01:17","","","","",,,,,46,4.18,15,3,11,"… is a conventional multipitch estimation method using machine learning, is used to estimate … As evaluation criteria for multipitch estimation, we used the precision, recall and F-measure …","http://winnie.kuis.kyoto-u.ac.jp/members/okuno/Public/ICASSP2014-Yazawa.pdf","https://scholar.google.com/scholar?q=related:MbAkiVdZljMJ:scholar.google.com/&scioq=guitar%7C%22electric+guitar%22+%22artificial+intelligence%22%7C%22machine+learning%22%7C%22deep+learning%22%7C%22audio+analysis%22+feedback%7C%22performance+analysis%22%7Cevaluation%7Cexpressivity&hl=en&as_sdt=2007"
25,"J Abeßer, G Schuller","Instrument-centered music transcription of solo bass guitar recordings",2017,"IEEE/ACM Transactions on Audio …","ieeexplore.ieee.org","https://ieeexplore.ieee.org/abstract/document/7921692/","https://scholar.google.com/scholar?cites=7966325607804389809&as_sdt=2005&sciodt=2007&hl=en",137,"2025-12-14 08:01:17","","","","",,,,,25,3.13,13,2,8,"… solo bass guitar recordings with an additional estimation of … -level evaluation on a novel public dataset of solo bass guitar … Based on a machine learning approach, the instrument-level …","","https://scholar.google.com/scholar?q=related:sUlH0u4Sjm4J:scholar.google.com/&scioq=guitar%7C%22electric+guitar%22+%22artificial+intelligence%22%7C%22machine+learning%22%7C%22deep+learning%22%7C%22audio+analysis%22+feedback%7C%22performance+analysis%22%7Cevaluation%7Cexpressivity&hl=en&as_sdt=2007"
39,"FG Visi, A Tanaka","Interactive machine learning of musical gesture",2021,"… of artificial intelligence for music: Foundations …","Springer","https://link.springer.com/chapter/10.1007/978-3-030-72116-9_27","https://scholar.google.com/scholar?cites=16983164367066827590&as_sdt=2005&sciodt=2007&hl=en",138,"2025-12-14 08:01:17","","10.1007/978-3-030-72116-9_27","","",,,,,39,9.75,20,2,4,"… negative guiding feedback to the agent about the proposed mapping. This feedback guides … The piece is a duet for alto or soprano sax and electric guitar tuned in Drop C (open strings …","https://arxiv.org/pdf/2011.13487","https://scholar.google.com/scholar?q=related:RgsX3QJSsOsJ:scholar.google.com/&scioq=guitar%7C%22electric+guitar%22+%22artificial+intelligence%22%7C%22machine+learning%22%7C%22deep+learning%22%7C%22audio+analysis%22+feedback%7C%22performance+analysis%22%7Cevaluation%7Cexpressivity&hl=en&as_sdt=2007"
10,"KA Pati, A Lerch","A dataset and method for guitar solo detection in rock music",2017,"Audio Engineering Society …","Audio Engineering Society","","https://scholar.google.com/scholar?cites=2727859654435092796&as_sdt=2005&sciodt=2007&hl=en",139,"2025-12-14 08:01:17","CITATION","","","",,,,,10,1.25,5,2,8,"","","https://scholar.google.com/scholar?q=related:PDm5I-dN2yUJ:scholar.google.com/&scioq=guitar%7C%22electric+guitar%22+%22artificial+intelligence%22%7C%22machine+learning%22%7C%22deep+learning%22%7C%22audio+analysis%22+feedback%7C%22performance+analysis%22%7Cevaluation%7Cexpressivity&hl=en&as_sdt=2007"
26,"J Mycka, J Mańdziuk","Artificial intelligence in music: recent trends and challenges",2025,"Neural Computing and Applications","Springer","https://link.springer.com/article/10.1007/s00521-024-10555-x","https://scholar.google.com/scholar?cites=16161998939525771238&as_sdt=2005&sciodt=2007&hl=en",140,"2025-12-14 08:01:17","HTML","10.1007/s00521-024-10555-x","","",,,,,26,26.00,13,2,1,"… : evaluation of the Chinese music style (internal evaluation of the created melodic line) and evaluation of the counterpoint (evaluation of … Similarly to [19], the evaluation is based on the …","https://link.springer.com/article/10.1007/s00521-024-10555-x","https://scholar.google.com/scholar?q=related:5m-s0mf0SuAJ:scholar.google.com/&scioq=guitar%7C%22electric+guitar%22+%22artificial+intelligence%22%7C%22machine+learning%22%7C%22deep+learning%22%7C%22audio+analysis%22+feedback%7C%22performance+analysis%22%7Cevaluation%7Cexpressivity&hl=en&as_sdt=2007"
11,"JV Ramos, AS Ramos, CN Silla, ...","An evaluation of different evolutionary approaches applied in the process of automatic transcription of music scores into tablatures",2016,"… artificial intelligence …","ieeexplore.ieee.org","https://ieeexplore.ieee.org/abstract/document/7814666/","https://scholar.google.com/scholar?cites=8968188963371031076&as_sdt=2005&sciodt=2007&hl=en",141,"2025-12-14 08:01:17","","","","",,,,,11,1.22,3,4,9,"… Despite the distances between the strings and frets not being equal, we decided to define the guitar fretboard as a bi-dimensional space in order to simplify the evaluation. This allows …","","https://scholar.google.com/scholar?q=related:JBpPwFhodXwJ:scholar.google.com/&scioq=guitar%7C%22electric+guitar%22+%22artificial+intelligence%22%7C%22machine+learning%22%7C%22deep+learning%22%7C%22audio+analysis%22+feedback%7C%22performance+analysis%22%7Cevaluation%7Cexpressivity&hl=en&as_sdt=2007"
12,"E Trajano, M Dahia, H Santana, G Ramalho","Automatic discovery of right hand fingering in guitar accompaniment",2004,"","academia.edu","https://www.academia.edu/download/81286025/automatic-discovery-of-right-hand-fingering-in-guitar.pdf","https://scholar.google.com/scholar?cites=18053048390021583715&as_sdt=2005&sciodt=2007&hl=en",142,"2025-12-14 08:01:17","BOOK","","","",,,,,12,0.57,3,4,21,"… algorithm’s evaluation. In Section 5, we show the results of the algorithm’s evaluation. And … and algorithms from fields such as Machine Learning, Data Mining and Pattern Matching to …","https://www.academia.edu/download/81286025/automatic-discovery-of-right-hand-fingering-in-guitar.pdf","https://scholar.google.com/scholar?q=related:Y5MskNxPifoJ:scholar.google.com/&scioq=guitar%7C%22electric+guitar%22+%22artificial+intelligence%22%7C%22machine+learning%22%7C%22deep+learning%22%7C%22audio+analysis%22+feedback%7C%22performance+analysis%22%7Cevaluation%7Cexpressivity&hl=en&as_sdt=2007"
15,"TH Özaslan, E Guaus, E Palacios, ...","Attack based articulation analysis of nylon string guitar",2010,"Proceedings of …","enricguaus.wordpress.com","https://enricguaus.wordpress.com/wp-content/uploads/2010/06/ozaslan10.pdf","https://scholar.google.com/scholar?cites=14419505059544152863&as_sdt=2005&sciodt=2007&hl=en",143,"2025-12-14 08:01:17","PDF","","","",,,,,15,1.00,4,4,15,"… of expressivity in nylon-string guitars. Specifically, our system combines several state of the art analysis algorithms to identify guitar … obtained from several audio analysis algorithms. Our …","https://enricguaus.wordpress.com/wp-content/uploads/2010/06/ozaslan10.pdf","https://scholar.google.com/scholar?q=related:H7sTL3RfHMgJ:scholar.google.com/&scioq=guitar%7C%22electric+guitar%22+%22artificial+intelligence%22%7C%22machine+learning%22%7C%22deep+learning%22%7C%22audio+analysis%22+feedback%7C%22performance+analysis%22%7Cevaluation%7Cexpressivity&hl=en&as_sdt=2007"
30,"V Phanichraksaphong, WH Tsai","Automatic evaluation of piano performances for STEAM education",2021,"Applied Sciences","mdpi.com","https://www.mdpi.com/2076-3417/11/24/11783","https://scholar.google.com/scholar?cites=15260254592960640073&as_sdt=2005&sciodt=2007&hl=en",144,"2025-12-14 08:01:17","HTML","","","",,,,,30,7.50,15,2,4,"… Another work [9] used machine learning methods such as … self-taught instrument for beginner students on Guitar [11]. In [12… the prevalent techniques in machine learning applications. To …","https://www.mdpi.com/2076-3417/11/24/11783","https://scholar.google.com/scholar?q=related:STRxM7NQx9MJ:scholar.google.com/&scioq=guitar%7C%22electric+guitar%22+%22artificial+intelligence%22%7C%22machine+learning%22%7C%22deep+learning%22%7C%22audio+analysis%22+feedback%7C%22performance+analysis%22%7Cevaluation%7Cexpressivity&hl=en&as_sdt=2007"
18,"M Lercari, S Gonzalez, C Espinoza, G Longo, ...","Using mechanical metamaterials in guitar top plates: a numerical study",2022,"Applied Sciences","mdpi.com","https://www.mdpi.com/2076-3417/12/17/8619","https://scholar.google.com/scholar?cites=14325940875592852446&as_sdt=2005&sciodt=2007&hl=en",145,"2025-12-14 08:01:17","HTML","","","",,,,,18,6.00,4,5,3,"… plate of a classical guitar is a feasible … guitar, and not a given. Using the material as a design parameter could open a realm of possibilities, mostly when used with artificial intelligence …","https://www.mdpi.com/2076-3417/12/17/8619","https://scholar.google.com/scholar?q=related:3uP1AlP3z8YJ:scholar.google.com/&scioq=guitar%7C%22electric+guitar%22+%22artificial+intelligence%22%7C%22machine+learning%22%7C%22deep+learning%22%7C%22audio+analysis%22+feedback%7C%22performance+analysis%22%7Cevaluation%7Cexpressivity&hl=en&as_sdt=2007"
53,"L Moysis, LA Iliadis, SP Sotiroudis, AD Boursianis, ...","Music deep learning: deep learning methods for music signal processing—a review of the state-of-the-art",2023,"Ieee …","ieeexplore.ieee.org","https://ieeexplore.ieee.org/abstract/document/10043650/","https://scholar.google.com/scholar?cites=1274341371178503313&as_sdt=2005&sciodt=2007&hl=en",146,"2025-12-14 08:01:17","","","","",,,,,53,26.50,11,5,2,"… The reader should refer to each work for an extensive presentation of the evaluation … 0.96, with the drums being easier to identify, and the guitar and piano the more difficult ones. In [99], …","https://ieeexplore.ieee.org/iel7/6287639/6514899/10043650.pdf","https://scholar.google.com/scholar?q=related:kcytr7lerxEJ:scholar.google.com/&scioq=guitar%7C%22electric+guitar%22+%22artificial+intelligence%22%7C%22machine+learning%22%7C%22deep+learning%22%7C%22audio+analysis%22+feedback%7C%22performance+analysis%22%7Cevaluation%7Cexpressivity&hl=en&as_sdt=2007"
7,"G Burloiu","Interactive Learning of Microtiming in an Expressive Drum Machine",2020,"The 2020 Joint Conference on AI Music Creativity","hal.science","https://hal.science/hal-03015476/","https://scholar.google.com/scholar?cites=1269993428955164537&as_sdt=2005&sciodt=2007&hl=en",147,"2025-12-14 08:01:17","","","","",,,,,7,1.40,7,1,5,"… To obtain the effect, we expanded the guitar offset detection … While our evaluation supports this intuition, it remains an open … In Neurips 2018 workshop on machine learning for creativity …","https://hal.science/hal-03015476v1/file/roly-csmc.pdf","https://scholar.google.com/scholar?q=related:ee_zf0vsnxEJ:scholar.google.com/&scioq=guitar%7C%22electric+guitar%22+%22artificial+intelligence%22%7C%22machine+learning%22%7C%22deep+learning%22%7C%22audio+analysis%22+feedback%7C%22performance+analysis%22%7Cevaluation%7Cexpressivity&hl=en&as_sdt=2007"
29,"GS Câmara, K Nymoen, O Lartillot, ...","Effects of instructed timing on electric guitar and bass sound in groove performance",2020,"The Journal of the …","pubs.aip.org","https://pubs.aip.org/asa/jasa/article/147/2/1028/993482","https://scholar.google.com/scholar?cites=6245057108718267445&as_sdt=2005&sciodt=2007&hl=en",148,"2025-12-14 08:01:17","HTML","","","",,,,,29,5.80,7,4,5,"This paper reports on two experiments that investigated the expressive means through which musicians well versed in groove-based music signal the intended timing of a rhythmic event…","https://pubs.aip.org/asa/jasa/article/147/2/1028/993482","https://scholar.google.com/scholar?q=related:NSwuR1rmqlYJ:scholar.google.com/&scioq=guitar%7C%22electric+guitar%22+%22artificial+intelligence%22%7C%22machine+learning%22%7C%22deep+learning%22%7C%22audio+analysis%22+feedback%7C%22performance+analysis%22%7Cevaluation%7Cexpressivity&hl=en&as_sdt=2007"
2,"CT Tolentino, F De Leon","Improving the plucking point position estimation in a classical guitar performance using a novel video-based approach",2021,"TENCON 2021-2021 IEEE Region …","ieeexplore.ieee.org","https://ieeexplore.ieee.org/abstract/document/9707244/","https://scholar.google.com/scholar?cites=5155895457280721259&as_sdt=2005&sciodt=2007&hl=en",149,"2025-12-14 08:01:17","","","","",,,,,2,0.50,1,2,4,"… To work with these kinds of guitar signals, a machine learning method for plucking point … In the future, we intend to utilize the algorithm for building a system that provides feedback to the …","","https://scholar.google.com/scholar?q=related:a4FE7plrjUcJ:scholar.google.com/&scioq=guitar%7C%22electric+guitar%22+%22artificial+intelligence%22%7C%22machine+learning%22%7C%22deep+learning%22%7C%22audio+analysis%22+feedback%7C%22performance+analysis%22%7Cevaluation%7Cexpressivity&hl=en&as_sdt=2007"
23,"S Kim, T Hayashi, T Toda","Note-level automatic guitar transcription using attention mechanism",2022,"2022 30th European Signal …","ieeexplore.ieee.org","https://ieeexplore.ieee.org/abstract/document/9909659/","https://scholar.google.com/scholar?cites=14522346503719115218&as_sdt=2005&sciodt=2007&hl=en",150,"2025-12-14 08:01:17","","","","",,,,,23,7.67,8,3,3,"… Experimental evaluation results demonstrate that our proposed method not only outperforms a state-of-the-art guitar transcription system in frame-level estimation, but is also capable of …","https://www.eurasip.org/Proceedings/Eusipco/Eusipco2022/pdfs/0000229.pdf","https://scholar.google.com/scholar?q=related:0llQ0zO9ickJ:scholar.google.com/&scioq=guitar%7C%22electric+guitar%22+%22artificial+intelligence%22%7C%22machine+learning%22%7C%22deep+learning%22%7C%22audio+analysis%22+feedback%7C%22performance+analysis%22%7Cevaluation%7Cexpressivity&hl=en&as_sdt=2007"
4,"Y Kashiwagi, Y Ochi","A Study of Left Fingering Detection Using CNN for Guitar Learning",2018,"2018 International Conference on …","ieeexplore.ieee.org","https://ieeexplore.ieee.org/abstract/document/8493656/","https://scholar.google.com/scholar?cites=2284624061096458989&as_sdt=2005&sciodt=2007&hl=en",151,"2025-12-14 08:01:17","","","","",,,,,4,0.57,2,2,7,"… for guitar players using image recognition and CNN (Convolutional Neural network) as a machine learning … In this evaluation, we use the Strat-typed electric guitar with GK-3. The testers …","","https://scholar.google.com/scholar?q=related:7fr2pnqdtB8J:scholar.google.com/&scioq=guitar%7C%22electric+guitar%22+%22artificial+intelligence%22%7C%22machine+learning%22%7C%22deep+learning%22%7C%22audio+analysis%22+feedback%7C%22performance+analysis%22%7Cevaluation%7Cexpressivity&hl=en&as_sdt=2007"
23,"S Freire, G Santos, A Armondes, EAL Meneses, ...","Evaluation of inertial sensor data by a comparison with optical motion capture data of guitar strumming gestures",2020,"Sensors","mdpi.com","https://www.mdpi.com/1424-8220/20/19/5722","https://scholar.google.com/scholar?cites=15189788766933172410&as_sdt=2005&sciodt=2007&hl=en",152,"2025-12-14 08:01:17","HTML","","","",,,,,23,4.60,5,5,5,"… guitar instrumental controls in real-time by combining motion capture data, audio analysis … [29] developed an actuated guitar that “utilizes a normal electrical guitar, sensors to capture …","https://www.mdpi.com/1424-8220/20/19/5722","https://scholar.google.com/scholar?q=related:ukBFkmf4zNIJ:scholar.google.com/&scioq=guitar%7C%22electric+guitar%22+%22artificial+intelligence%22%7C%22machine+learning%22%7C%22deep+learning%22%7C%22audio+analysis%22+feedback%7C%22performance+analysis%22%7Cevaluation%7Cexpressivity&hl=en&as_sdt=2007"
22,"YF Huang, JI Liang, IC Wei, L Su","Joint analysis of mode and playing technique in Guqin performance with machine learning.",2020,"ISMIR","archives.ismir.net","https://archives.ismir.net/ismir2020/paper/000157.pdf","https://scholar.google.com/scholar?cites=8181288716043627337&as_sdt=2005&sciodt=2007&hl=en",153,"2025-12-14 08:01:17","PDF","","","",,,,,22,4.40,6,4,5,"… dataset is compiled for guqin performance analysis. The mode … For electric guitar, note-level timbral and pitch features are … [10], whereas for guitar, each playing technique possesses …","https://archives.ismir.net/ismir2020/paper/000157.pdf","https://scholar.google.com/scholar?q=related:SSuxrL3GiXEJ:scholar.google.com/&scioq=guitar%7C%22electric+guitar%22+%22artificial+intelligence%22%7C%22machine+learning%22%7C%22deep+learning%22%7C%22audio+analysis%22+feedback%7C%22performance+analysis%22%7Cevaluation%7Cexpressivity&hl=en&as_sdt=2007"
85,"MA Martínez Ramírez, E Benetos, JD Reiss","Deep learning for black-box modeling of audio effects",2020,"Applied Sciences","mdpi.com","https://www.mdpi.com/2076-3417/10/2/638","https://scholar.google.com/scholar?cites=4740845134338997328&as_sdt=2005&sciodt=2007&hl=en",154,"2025-12-14 08:01:17","HTML","","","",,,,,85,17.00,28,3,5,"… musical instruments such as electric guitar, bass guitar, electric piano … pedals, tube amplifiers and guitar pickup emulators. … As an objective evaluation for the Leslie speaker time-varying …","https://www.mdpi.com/2076-3417/10/2/638","https://scholar.google.com/scholar?q=related:UDxqF4jdykEJ:scholar.google.com/&scioq=guitar%7C%22electric+guitar%22+%22artificial+intelligence%22%7C%22machine+learning%22%7C%22deep+learning%22%7C%22audio+analysis%22+feedback%7C%22performance+analysis%22%7Cevaluation%7Cexpressivity&hl=en&as_sdt=2007"
33,"A Brauchler, P Ziegler, P Eberhard","An entirely reverse-engineered finite element model of a classical guitar in comparison with experimental data",2021,"The Journal of the Acoustical …","pubs.aip.org","https://pubs.aip.org/asa/jasa/article/149/6/4450/1059381","https://scholar.google.com/scholar?cites=13755958903282007180&as_sdt=2005&sciodt=2007&hl=en",155,"2025-12-14 08:01:17","HTML","","","",,,,,33,8.25,11,3,4,"… classical guitar with the help of experimental data is presented. The geometry of the guitar is … All of the five different types of wood used in the guitar are modeled with their corresponding …","https://pubs.aip.org/asa/jasa/article/149/6/4450/1059381","https://scholar.google.com/scholar?q=related:jPz-hr375r4J:scholar.google.com/&scioq=guitar%7C%22electric+guitar%22+%22artificial+intelligence%22%7C%22machine+learning%22%7C%22deep+learning%22%7C%22audio+analysis%22+feedback%7C%22performance+analysis%22%7Cevaluation%7Cexpressivity&hl=en&as_sdt=2007"
8,"G Bastas, S Koutoupis, ...","A few-sample strategy for guitar tablature transcription based on inharmonicity analysis and playability constraints",2022,"ICASSP 2022-2022 …","ieeexplore.ieee.org","https://ieeexplore.ieee.org/abstract/document/9747169/","https://scholar.google.com/scholar?cites=16653268108165469125&as_sdt=2005&sciodt=2007&hl=en",156,"2025-12-14 08:01:17","","","","",,,,,8,2.67,3,3,3,"… For the evaluation of our method on a realistic context of recorded performances, we used the four few-sample schemes proposed above for the audio-based string classification, and a …","http://cvsp.cs.ntua.gr/publications/confr/BastasKoutoupis_TablatureTranscription_ICASSP22_Paper.pdf","https://scholar.google.com/scholar?q=related:xVOLkBxLHOcJ:scholar.google.com/&scioq=guitar%7C%22electric+guitar%22+%22artificial+intelligence%22%7C%22machine+learning%22%7C%22deep+learning%22%7C%22audio+analysis%22+feedback%7C%22performance+analysis%22%7Cevaluation%7Cexpressivity&hl=en&as_sdt=2007"
12,"TH Özaslan, E Guaus, E Palacios, JL Arcos","Identifying attack articulations in classical guitar",2010,"International Symposium on …","Springer","https://link.springer.com/chapter/10.1007/978-3-642-23126-1_15","https://scholar.google.com/scholar?cites=17341795859791054006&as_sdt=2005&sciodt=2007&hl=en",157,"2025-12-14 08:01:17","","10.1007/978-3-642-23126-1_15","","",,,,,12,0.80,3,4,15,"… expressivity aims at developing a system able to model the use of the expressive resources of a classical guitar… To that purpose, we analyzed a recording using several audio analysis …","","https://scholar.google.com/scholar?q=related:toQvJnRvqvAJ:scholar.google.com/&scioq=guitar%7C%22electric+guitar%22+%22artificial+intelligence%22%7C%22machine+learning%22%7C%22deep+learning%22%7C%22audio+analysis%22+feedback%7C%22performance+analysis%22%7Cevaluation%7Cexpressivity&hl=en&as_sdt=2007"
6,"YL Hsu, CP Lin, BC Lin, HC Kuo, ...","DeepSheet: A sheet music generator based on deep learning",2017,"… on Multimedia & …","ieeexplore.ieee.org","https://ieeexplore.ieee.org/abstract/document/8026272/","https://scholar.google.com/scholar?cites=17870353769632237424&as_sdt=2005&sciodt=2007&hl=en",158,"2025-12-14 08:01:17","","","","",,,,,6,0.75,1,5,8,"… These basic training data were recorded by the musical in struments of midi piano and electric guitar. In particular, the data were recorded with two sorts of effects, including clean and …","","https://scholar.google.com/scholar?q=related:cAd-gRJAAPgJ:scholar.google.com/&scioq=guitar%7C%22electric+guitar%22+%22artificial+intelligence%22%7C%22machine+learning%22%7C%22deep+learning%22%7C%22audio+analysis%22+feedback%7C%22performance+analysis%22%7Cevaluation%7Cexpressivity&hl=en&as_sdt=2007"
21,"G Peeters, G Richard","Deep learning for audio and music",2012,"Multi-faceted Deep Learning: Models and Data","Springer","https://link.springer.com/chapter/10.1007/978-3-030-74478-6_10","https://scholar.google.com/scholar?cites=7580472561872180592&as_sdt=2005&sciodt=2007&hl=en",159,"2025-12-14 08:01:17","","10.1007/978-3-030-74478-6_10","","",,,,,21,1.62,11,2,13,"This chapter provides an overview of how deep learning techniques can be used for audio signals. We first review the main DNN architectures, meta-architectures and training …","https://perso.telecom-paristech.fr/grichard/Enseignements/MVA/DeepLearningAudioMusic.pdf","https://scholar.google.com/scholar?q=related:cJX8x6E_M2kJ:scholar.google.com/&scioq=guitar%7C%22electric+guitar%22+%22artificial+intelligence%22%7C%22machine+learning%22%7C%22deep+learning%22%7C%22audio+analysis%22+feedback%7C%22performance+analysis%22%7Cevaluation%7Cexpressivity&hl=en&as_sdt=2007"
21,"AM Burns, S Bel, C Traube","Learning to play the guitar at the age of interactive and collaborative Web technologies",2017,"Proceedings from Sound and Music …","academia.edu","https://www.academia.edu/download/78221007/SMC17_p77.pdf","https://scholar.google.com/scholar?cites=7094812230665175144&as_sdt=2005&sciodt=2007&hl=en",160,"2025-12-14 08:01:17","PDF","","","",,,,,21,2.63,7,3,8,"… the other members for feedback and comments. … feedback to the users. However, to our knowledge, actual commercial products including automatic feedback only use audio analysis for …","https://www.academia.edu/download/78221007/SMC17_p77.pdf","https://scholar.google.com/scholar?q=related:aADlRCLWdWIJ:scholar.google.com/&scioq=guitar%7C%22electric+guitar%22+%22artificial+intelligence%22%7C%22machine+learning%22%7C%22deep+learning%22%7C%22audio+analysis%22+feedback%7C%22performance+analysis%22%7Cevaluation%7Cexpressivity&hl=en&as_sdt=2007"
53,"EJ Humphrey, JP Bello","From music audio to chord tablature: Teaching deep convolutional networks toplay guitar",2014,"2014 IEEE international conference on …","ieeexplore.ieee.org","https://ieeexplore.ieee.org/abstract/document/6854952/","https://scholar.google.com/scholar?cites=6538156031483291130&as_sdt=2005&sciodt=2007&hl=en",161,"2025-12-14 08:01:17","","","","",,,,,53,4.82,27,2,11,"… , ie guitar tablature via a deep convolutional network. Through training and evaluation as a … Alternatively, deep learning methods have recently garnered attention for chord recognition, …","https://www.academia.edu/download/102261824/p7024-humphrey.pdf","https://scholar.google.com/scholar?q=related:-qWjHkUyvFoJ:scholar.google.com/&scioq=guitar%7C%22electric+guitar%22+%22artificial+intelligence%22%7C%22machine+learning%22%7C%22deep+learning%22%7C%22audio+analysis%22+feedback%7C%22performance+analysis%22%7Cevaluation%7Cexpressivity&hl=en&as_sdt=2007"
3,"K Pati, A Lerch","A dataset and method for electric guitar solo detection in rock music",2017,"Proc. AES Int. Conf. on Semantic Audio, Erlangen …","researchgate.net","https://www.researchgate.net/profile/Alexander-Lerch-2/publication/317952097_A_Dataset_and_Method_for_Guitar_Solo_Detection_in_Rock_Music/links/595542770f7e9b591cd73a26/A-Dataset-and-Method-for-Guitar-Solo-Detection-in-Rock-Music.pdf","https://scholar.google.com/scholar?cites=11957439354820399472&as_sdt=2005&sciodt=2007&hl=en",162,"2025-12-14 08:01:17","PDF","","","",,,,,3,0.38,2,2,8,"… The evaluation of different feature combinations suggests that the combination of all … More recently, there have been a few studies on instrumental solo detection using machine learning …","https://www.researchgate.net/profile/Alexander-Lerch-2/publication/317952097_A_Dataset_and_Method_for_Guitar_Solo_Detection_in_Rock_Music/links/595542770f7e9b591cd73a26/A-Dataset-and-Method-for-Guitar-Solo-Detection-in-Rock-Music.pdf","https://scholar.google.com/scholar?q=related:cJFYb71b8aUJ:scholar.google.com/&scioq=guitar%7C%22electric+guitar%22+%22artificial+intelligence%22%7C%22machine+learning%22%7C%22deep+learning%22%7C%22audio+analysis%22+feedback%7C%22performance+analysis%22%7Cevaluation%7Cexpressivity&hl=en&as_sdt=2007"
12,"C Rhodes, R Allmendinger, R Climent","New interfaces and approaches to machine learning when classifying gestures within music",2020,"Entropy","mdpi.com","https://www.mdpi.com/1099-4300/22/12/1384","https://scholar.google.com/scholar?cites=8089449536435394367&as_sdt=2005&sciodt=2007&hl=en",163,"2025-12-14 08:01:17","HTML","","","",,,,,12,2.40,4,3,5,"… -professional musicians/participants to predict guitar gestures. The authors then created an … guitar sound (ie, a physical model). The results from the study did not include an evaluation …","https://www.mdpi.com/1099-4300/22/12/1384","https://scholar.google.com/scholar?q=related:PxeuX35_Q3AJ:scholar.google.com/&scioq=guitar%7C%22electric+guitar%22+%22artificial+intelligence%22%7C%22machine+learning%22%7C%22deep+learning%22%7C%22audio+analysis%22+feedback%7C%22performance+analysis%22%7Cevaluation%7Cexpressivity&hl=en&as_sdt=2007"
36,"M McVicar, S Fukayama, M Goto","AutoLeadGuitar: Automatic generation of guitar solo phrases in the tablature space",2014,"2014 12th international …","ieeexplore.ieee.org","https://ieeexplore.ieee.org/abstract/document/7015074/","https://scholar.google.com/scholar?cites=16321977223301873361&as_sdt=2005&sciodt=2007&hl=en",164,"2025-12-14 08:01:17","","","","",,,,,36,3.27,12,3,11,"We present AutoLeadGuitar, a system for automatically generating guitar solo tablatures from an input chord and key sequence. Our system generates solos in distinct musical phrases, …","https://staff.aist.go.jp/m.goto/PAPER/ICSP2014mcvicar.pdf","https://scholar.google.com/scholar?q=related:0b7sms5Pg-IJ:scholar.google.com/&scioq=guitar%7C%22electric+guitar%22+%22artificial+intelligence%22%7C%22machine+learning%22%7C%22deep+learning%22%7C%22audio+analysis%22+feedback%7C%22performance+analysis%22%7Cevaluation%7Cexpressivity&hl=en&as_sdt=2007"
6,"M Stiefel, M Müller, BI Bachmann, MA Guitar, ...","Enhancing machine learning classification of microstructures: A workflow study on joining image data and metadata in CNN",2024,"MRS …","Springer","https://link.springer.com/article/10.1557/s43579-024-00549-0","https://scholar.google.com/scholar?cites=2930761196861587472&as_sdt=2005&sciodt=2007&hl=en",165,"2025-12-14 08:01:17","HTML","10.1557/s43579-024-00549-0","","",,,,,6,6.00,1,5,1,"… and machine learning (ML) pipeline to extract metadata from micrograph image files, then combine image data and their metadata for microstructure classification with a deep learning …","https://link.springer.com/article/10.1557/s43579-024-00549-0","https://scholar.google.com/scholar?q=related:EABv3McnrCgJ:scholar.google.com/&scioq=guitar%7C%22electric+guitar%22+%22artificial+intelligence%22%7C%22machine+learning%22%7C%22deep+learning%22%7C%22audio+analysis%22+feedback%7C%22performance+analysis%22%7Cevaluation%7Cexpressivity&hl=en&as_sdt=2007"
25,"J Harrison, AP McPherson","Adapting the bass guitar for one-handed playing",2017,"Journal of New Music Research","Taylor &Francis","https://www.tandfonline.com/doi/abs/10.1080/09298215.2017.1340485","https://scholar.google.com/scholar?cites=13398129791955234360&as_sdt=2005&sciodt=2007&hl=en",166,"2025-12-14 08:01:17","","10.1080/09298215.2017.1340485","","",,,,,25,3.13,13,2,8,"… Through a performance study and evaluation of filmed performances, we found several emergent playing techniques that came from the use of an adapted fretting mechanism. Most …","https://qmro.qmul.ac.uk/xmlui/bitstream/handle/123456789/24726/Harrison%20Adapting%20the%20Bass%202017%20Accepted.pdf?sequence=1","https://scholar.google.com/scholar?q=related:OO4ROA-477kJ:scholar.google.com/&scioq=guitar%7C%22electric+guitar%22+%22artificial+intelligence%22%7C%22machine+learning%22%7C%22deep+learning%22%7C%22audio+analysis%22+feedback%7C%22performance+analysis%22%7Cevaluation%7Cexpressivity&hl=en&as_sdt=2007"
64,"L Reboursière, O Lähdeoja, T Drugman, ...","Left and right-hand guitar playing techniques detection",2012,"Proceedings of the …","nime.org","https://www.nime.org/proceedings/2012/nime2012_213.pdf","https://scholar.google.com/scholar?cites=491127775871067315&as_sdt=2005&sciodt=2007&hl=en",167,"2025-12-14 08:01:17","PDF","","","",,,,,64,4.92,16,4,13,"… Evaluation is performed using the approach proposed in [1]. A tolerance of plus or minus 50 … types of guitar in order to build a relevant user-study. Finally, a machine-learning method …","https://www.nime.org/proceedings/2012/nime2012_213.pdf","https://scholar.google.com/scholar?q=related:s2QfLBzW0AYJ:scholar.google.com/&scioq=guitar%7C%22electric+guitar%22+%22artificial+intelligence%22%7C%22machine+learning%22%7C%22deep+learning%22%7C%22audio+analysis%22+feedback%7C%22performance+analysis%22%7Cevaluation%7Cexpressivity&hl=en&as_sdt=2007"
56,"G Castaneda, P Morris, TM Khoshgoftaar","Evaluation of maxout activations in deep learning across several big data domains",2019,"Journal of Big Data","Springer","https://link.springer.com/article/10.1186/s40537-019-0233-0","https://scholar.google.com/scholar?cites=11076361184129495192&as_sdt=2005&sciodt=2007&hl=en",168,"2025-12-14 08:01:17","HTML","10.1186/s40537-019-0233-0","","",,,,,56,9.33,19,3,6,"… The IDMT-SMT-audio-effects [69] is a dataset for electric guitar and bass audio … guitar notes, and 13,860 are polyphonic guitar sounds. There are 11 different audio effects: feedback …","https://link.springer.com/article/10.1186/s40537-019-0233-0","https://scholar.google.com/scholar?q=related:mLD2188jt5kJ:scholar.google.com/&scioq=guitar%7C%22electric+guitar%22+%22artificial+intelligence%22%7C%22machine+learning%22%7C%22deep+learning%22%7C%22audio+analysis%22+feedback%7C%22performance+analysis%22%7Cevaluation%7Cexpressivity&hl=en&as_sdt=2007"
23,"S Merchel, ME Altinsoy, D Olson","Perceptual evaluation of bracewood and soundboard wood variations on the preference of a steel-string acoustic guitar",2019,"The Journal of the Acoustical Society …","pubs.aip.org","https://pubs.aip.org/asa/jasa/article/146/4/2608/994517","https://scholar.google.com/scholar?cites=3164614802273687492&as_sdt=2005&sciodt=2007&hl=en",169,"2025-12-14 08:01:17","HTML","","","",,,,,23,3.83,8,3,6,"… However, the modal behavior of a guitar is also dependent on the design of the guitar. Some luthiers argue that good instruments can be made relatively independent of the wood …","https://pubs.aip.org/asa/jasa/article/146/4/2608/994517","https://scholar.google.com/scholar?q=related:xFd3VGX46isJ:scholar.google.com/&scioq=guitar%7C%22electric+guitar%22+%22artificial+intelligence%22%7C%22machine+learning%22%7C%22deep+learning%22%7C%22audio+analysis%22+feedback%7C%22performance+analysis%22%7Cevaluation%7Cexpressivity&hl=en&as_sdt=2007"
23,"E Liebman, P Stone","Artificial musical intelligence: A survey",2020,"arXiv preprint arXiv:2006.10553","arxiv.org","https://arxiv.org/abs/2006.10553","https://scholar.google.com/scholar?cites=9912044867041238197&as_sdt=2005&sciodt=2007&hl=en",170,"2025-12-14 08:01:17","","","","",,,,,23,4.60,12,2,5,"… significant machine learning or artificial intelligence component. … Therefore, partly due to their ease of evaluation (as we … recordings of four instruments: classical guitar, violin, trumpet …","https://arxiv.org/pdf/2006.10553","https://scholar.google.com/scholar?q=related:tRy6UUqojokJ:scholar.google.com/&scioq=guitar%7C%22electric+guitar%22+%22artificial+intelligence%22%7C%22machine+learning%22%7C%22deep+learning%22%7C%22audio+analysis%22+feedback%7C%22performance+analysis%22%7Cevaluation%7Cexpressivity&hl=en&as_sdt=2007"
91,"B Kuznetsov, JD Parker, ...","Differentiable IIR filters for machine learning applications",2020,"Proc. Int. Conf. Digital …","dafx2020.mdw.ac.at","https://dafx2020.mdw.ac.at/proceedings/papers/DAFx2020_paper_52.pdf","https://scholar.google.com/scholar?cites=9877713691114217574&as_sdt=2005&sciodt=2007&hl=en",171,"2025-12-14 08:01:17","PDF","","","",,,,,91,18.20,30,3,5,"… IIR filter structures inside deep-learning networks trained using … on a guitar signal played through a Boss DS-1 guitar pedal. … Before evaluation of the MSE for each sequence of data, …","https://dafx2020.mdw.ac.at/proceedings/papers/DAFx2020_paper_52.pdf","https://scholar.google.com/scholar?q=related:ZiDgh0SwFIkJ:scholar.google.com/&scioq=guitar%7C%22electric+guitar%22+%22artificial+intelligence%22%7C%22machine+learning%22%7C%22deep+learning%22%7C%22audio+analysis%22+feedback%7C%22performance+analysis%22%7Cevaluation%7Cexpressivity&hl=en&as_sdt=2007"
3,"P Bhalekar","An Augmented Reality based Web App To Learn Guitar",2022,"… International Conference on Artificial Intelligence …","ieeexplore.ieee.org","https://ieeexplore.ieee.org/abstract/document/9742738/","https://scholar.google.com/scholar?cites=14397047475060716775&as_sdt=2005&sciodt=2007&hl=en",172,"2025-12-14 08:01:17","","","","",,,,,3,1.00,3,1,3,"… the position of the guitar strings to be highlighted. This method of learning guitar provides real time visual feedback to the user and therefore helps users learn guitar by the same speed …","","https://scholar.google.com/scholar?q=related:57RtVWaWzMcJ:scholar.google.com/&scioq=guitar%7C%22electric+guitar%22+%22artificial+intelligence%22%7C%22machine+learning%22%7C%22deep+learning%22%7C%22audio+analysis%22+feedback%7C%22performance+analysis%22%7Cevaluation%7Cexpressivity&hl=en&as_sdt=2007"
3,"AL Benito Temprano, A McPherson","A TMR angle sensor for gesture acquisition and disambiguation on the electric guitar",2021,"Proceedings of the 16th …","dl.acm.org","https://dl.acm.org/doi/abs/10.1145/3478384.3478427","https://scholar.google.com/scholar?cites=13047514320057542260&as_sdt=2005&sciodt=2007&hl=en",173,"2025-12-14 08:01:17","","10.1145/3478384.3478427","","",,,,,3,0.75,2,2,4,"… This paper presents a novel approach to the acquisition of musical gestures on guitar based … Evaluation of inertial sensor data by a comparison with optical motion capture data of guitar …","https://qmro.qmul.ac.uk/xmlui/bitstream/handle/123456789/74325/Benito%20A%20TMR%20Angle%202021%20Accepted.pdf?sequence=2","https://scholar.google.com/scholar?q=related:dCbaOCUVErUJ:scholar.google.com/&scioq=guitar%7C%22electric+guitar%22+%22artificial+intelligence%22%7C%22machine+learning%22%7C%22deep+learning%22%7C%22audio+analysis%22+feedback%7C%22performance+analysis%22%7Cevaluation%7Cexpressivity&hl=en&as_sdt=2007"
33,"R Macrae, S Dixon","Guitar Tab Mining, Analysis and Ranking.",2011,"ISMIR","ismir2011.ismir.net","https://ismir2011.ismir.net/papers/PS3-17.pdf","https://scholar.google.com/scholar?cites=8007939398835421371&as_sdt=2005&sciodt=2007&hl=en",174,"2025-12-14 08:01:17","PDF","","","",,,,,33,2.36,17,2,14,"… from guitar tabs, synchronised with the music, can help improve machine learning methods for … tracks from 12 Beatles’ studio albums, which is the set that we focus on in our evaluation. …","https://ismir2011.ismir.net/papers/PS3-17.pdf","https://scholar.google.com/scholar?q=related:u8BwknTqIW8J:scholar.google.com/&scioq=guitar%7C%22electric+guitar%22+%22artificial+intelligence%22%7C%22machine+learning%22%7C%22deep+learning%22%7C%22audio+analysis%22+feedback%7C%22performance+analysis%22%7Cevaluation%7Cexpressivity&hl=en&as_sdt=2007"
108,"CE Cancino-Chacón, M Grachten, W Goebl, ...","Computational models of expressive music performance: A comprehensive and critical review",2018,"Frontiers in Digital …","frontiersin.org","https://www.frontiersin.org/articles/10.3389/fdigh.2018.00025/full","https://scholar.google.com/scholar?cites=1668428547951554579&as_sdt=2005&sciodt=2007&hl=en",175,"2025-12-14 08:01:17","HTML","10.3389/fdigh.2018.00025","","",,,,,108,15.43,27,4,7,"… We explore recent trends in the field, such as a strong focus on data-driven (machine learning) … Expressive performance and music perception form a feedback loop in which expressive …","https://www.frontiersin.org/articles/10.3389/fdigh.2018.00025/full","https://scholar.google.com/scholar?q=related:E_DFtexyJxcJ:scholar.google.com/&scioq=guitar%7C%22electric+guitar%22+%22artificial+intelligence%22%7C%22machine+learning%22%7C%22deep+learning%22%7C%22audio+analysis%22+feedback%7C%22performance+analysis%22%7Cevaluation%7Cexpressivity&hl=en&as_sdt=2007"
13,"U Shukla, U Tiwari, V Chawla, ...","Instrument classification using image based transfer learning",2020,"2020 5th international …","ieeexplore.ieee.org","https://ieeexplore.ieee.org/abstract/document/9277366/","https://scholar.google.com/scholar?cites=12484438666958323898&as_sdt=2005&sciodt=2007&hl=en",176,"2025-12-14 08:01:17","","","","",,,,,13,2.60,3,4,5,"… 4 similar String instruments (Acoustic Guitar, Cello, Violin and Electric Guitar) in the audio … multiple audio features and different Deep Learning architectures for instrument classification …","https://www.researchgate.net/profile/Utkarsh-Tiwari-4/publication/347542141_Instrument_Classification_using_image_based_Transfer_Learning/links/602acfdba6fdcc37a82c018d/Instrument-Classification-using-image-based-Transfer-Learning.pdf","https://scholar.google.com/scholar?q=related:usAzfNKiQa0J:scholar.google.com/&scioq=guitar%7C%22electric+guitar%22+%22artificial+intelligence%22%7C%22machine+learning%22%7C%22deep+learning%22%7C%22audio+analysis%22+feedback%7C%22performance+analysis%22%7Cevaluation%7Cexpressivity&hl=en&as_sdt=2007"
8,"D Edwards, X Riley, P Sarmento, S Dixon","MIDI-to-Tab: Guitar tablature inference via masked language modeling",2024,"arXiv preprint arXiv …","arxiv.org","https://arxiv.org/abs/2408.05024","https://scholar.google.com/scholar?cites=16147218618394511083&as_sdt=2005&sciodt=2007&hl=en",177,"2025-12-14 08:01:17","","","","",,,,,8,8.00,2,4,1,"… In this work, we introduce a novel deep learning solution to symbolic guitar tablature … dataset, which are then used for evaluation. Objective evaluation of guitar tablature is difficult, as we …","https://arxiv.org/pdf/2408.05024?","https://scholar.google.com/scholar?q=related:64b6I8hxFuAJ:scholar.google.com/&scioq=guitar%7C%22electric+guitar%22+%22artificial+intelligence%22%7C%22machine+learning%22%7C%22deep+learning%22%7C%22audio+analysis%22+feedback%7C%22performance+analysis%22%7Cevaluation%7Cexpressivity&hl=en&as_sdt=2007"
71,"A Radisavljevic, PF Driessen","Path difference learning for guitar fingering problem",2004,"ICMC","researchgate.net","https://www.researchgate.net/profile/Peter-Driessen/publication/242097053_Path_Difference_Learning_for_Guitar_Fingering_Problem/links/5460b9d70cf295b5616375b4/Path-Difference-Learning-for-Guitar-Fingering-Problem.pdf","https://scholar.google.com/scholar?cites=11547735251181828257&as_sdt=2005&sciodt=2007&hl=en",178,"2025-12-14 08:01:17","PDF","","","",,,,,71,3.38,36,2,21,"… We selected 7 classical guitar pieces and used published guitar tablatures as the reference for training and evaluation. The songs were then shortened to remove repeated sections …","https://www.researchgate.net/profile/Peter-Driessen/publication/242097053_Path_Difference_Learning_for_Guitar_Fingering_Problem/links/5460b9d70cf295b5616375b4/Path-Difference-Learning-for-Guitar-Fingering-Problem.pdf","https://scholar.google.com/scholar?q=related:ofjyRgfMQaAJ:scholar.google.com/&scioq=guitar%7C%22electric+guitar%22+%22artificial+intelligence%22%7C%22machine+learning%22%7C%22deep+learning%22%7C%22audio+analysis%22+feedback%7C%22performance+analysis%22%7Cevaluation%7Cexpressivity&hl=en&as_sdt=2007"
19,"C Garoufis, A Zlatintsi, P Maragos","An LSTM-based dynamic chord progression generation system for interactive music performance",2020,"ICASSP 2020-2020 IEEE …","ieeexplore.ieee.org","https://ieeexplore.ieee.org/abstract/document/9053992/","https://scholar.google.com/scholar?cites=8925230062083587409&as_sdt=2005&sciodt=2007&hl=en",179,"2025-12-14 08:01:17","","","","",,,,,19,3.80,6,3,5,"… Furthermore, we have developed a virtual air-guitar controller… of artificial intelligence and machine learning has led to an influx … 5 we present a subjective evaluation of the interactive sys…","http://cvsp.cs.ntua.gr/publications/confr/2020_GZM_InteractiveChordProgressionGeneration_ICASSP.pdf","https://scholar.google.com/scholar?q=related:UT0hHXTJ3HsJ:scholar.google.com/&scioq=guitar%7C%22electric+guitar%22+%22artificial+intelligence%22%7C%22machine+learning%22%7C%22deep+learning%22%7C%22audio+analysis%22+feedback%7C%22performance+analysis%22%7Cevaluation%7Cexpressivity&hl=en&as_sdt=2007"
17,"TH Ozaslan, JL Arcos","Legato and glissando identification in classical guitar",2010,"7th Sound and Music Computing Conference …","iiia.csic.es","https://iiia.csic.es/media/filer_public/83/30/83307d66-b287-4dd2-a579-3a0249ade134/3846.pdf","https://scholar.google.com/scholar?cites=15484336186065929221&as_sdt=2005&sciodt=2007&hl=en",180,"2025-12-14 08:01:17","PDF","","","",,,,,17,1.13,9,2,15,"… Our research on musical expressivity is focused on the study of classical guitar and aims at … of guitar articulations. There are several studies on plucked instruments and guitar synthesis …","https://iiia.csic.es/media/filer_public/83/30/83307d66-b287-4dd2-a579-3a0249ade134/3846.pdf","https://scholar.google.com/scholar?q=related:BcQvwbhp49YJ:scholar.google.com/&scioq=guitar%7C%22electric+guitar%22+%22artificial+intelligence%22%7C%22machine+learning%22%7C%22deep+learning%22%7C%22audio+analysis%22+feedback%7C%22performance+analysis%22%7Cevaluation%7Cexpressivity&hl=en&as_sdt=2007"
57,"K Boughanmi, A Ansari","Dynamics of musical success: A machine learning approach for multimedia data fusion",2021,"Journal of Marketing Research","journals.sagepub.com","https://journals.sagepub.com/doi/abs/10.1177/00222437211016495","https://scholar.google.com/scholar?cites=10051799156189529412&as_sdt=2005&sciodt=2007&hl=en",181,"2025-12-14 08:01:17","","10.1177/00222437211016495","","",,,,,57,14.25,29,2,4,"… In this article, the authors develop a novel multimodal machine learning framework that combines multimedia data (eg, metadata, acoustic features, user-generated textual data) in …","","https://scholar.google.com/scholar?q=related:RIU_ahMqf4sJ:scholar.google.com/&scioq=guitar%7C%22electric+guitar%22+%22artificial+intelligence%22%7C%22machine+learning%22%7C%22deep+learning%22%7C%22audio+analysis%22+feedback%7C%22performance+analysis%22%7Cevaluation%7Cexpressivity&hl=en&as_sdt=2007"
11,"…, GUITAR Gennarelli Massimo 23 Chiavetto Luisella , ...","A machine learning approach on whole blood immunomarkers to identify an inflammation-associated psychosis onset subgroup",2023,"Molecular …","nature.com","https://www.nature.com/articles/s41380-022-01911-1","https://scholar.google.com/scholar?cites=1025029817486331168&as_sdt=2005&sciodt=2007&hl=en",182,"2025-12-14 08:01:17","","","","",,,,,11,5.50,4,3,2,"… To do this, we designed a data-driven unsupervised machine learning model to cluster a sample of 127 FEP patients and 117 healthy controls (HC), based on the peripheral blood …","","https://scholar.google.com/scholar?q=related:IM10KzCjOQ4J:scholar.google.com/&scioq=guitar%7C%22electric+guitar%22+%22artificial+intelligence%22%7C%22machine+learning%22%7C%22deep+learning%22%7C%22audio+analysis%22+feedback%7C%22performance+analysis%22%7Cevaluation%7Cexpressivity&hl=en&as_sdt=2007"
87,"CJ Steinmetz, J Pons, S Pascual, ...","Automatic multitrack mixing with a differentiable mixing console of neural audio effects",2021,"ICASSP 2021-2021 …","ieeexplore.ieee.org","https://ieeexplore.ieee.org/abstract/document/9414364/","https://scholar.google.com/scholar?cites=12489987599356188918&as_sdt=2005&sciodt=2007&hl=en",183,"2025-12-14 08:01:17","","","","",,,,,87,21.75,22,4,4,"… In a perceptual evaluation, we demonstrate that our model … Consider a ground truth mix with an electric guitar panned to … The third one is what we consider a canonical deep learning …","https://arxiv.org/pdf/2010.10291","https://scholar.google.com/scholar?q=related:9tio_ItZVa0J:scholar.google.com/&scioq=guitar%7C%22electric+guitar%22+%22artificial+intelligence%22%7C%22machine+learning%22%7C%22deep+learning%22%7C%22audio+analysis%22+feedback%7C%22performance+analysis%22%7Cevaluation%7Cexpressivity&hl=en&as_sdt=2007"
2,"MA Cioată, A Iftene","Ear Trainer for Guitar Chords–An Android Application for Recognition of Guitar Chords",2020,"International Journal of User-System Interaction","academia.edu","https://www.academia.edu/download/80149973/IJUSI-13-2-Cioata.pdf","https://scholar.google.com/scholar?cites=3731440010083948198&as_sdt=2005&sciodt=2007&hl=en",184,"2025-12-14 08:01:17","PDF","","","",,,,,2,0.40,1,2,5,"… into music projects because the users can receive feedback which they can use in order to … to mind is a method that involves artificial intelligence and neural networks. However, it is not …","https://www.academia.edu/download/80149973/IJUSI-13-2-Cioata.pdf","https://scholar.google.com/scholar?q=related:pta7Teu8yDMJ:scholar.google.com/&scioq=guitar%7C%22electric+guitar%22+%22artificial+intelligence%22%7C%22machine+learning%22%7C%22deep+learning%22%7C%22audio+analysis%22+feedback%7C%22performance+analysis%22%7Cevaluation%7Cexpressivity&hl=en&as_sdt=2007"
33,"K Ota, Y Nishiura, S Ishihara, H Adachi, T Yamamoto, ...","Evaluation of hemodialysis arteriovenous bruit by deep learning",2020,"Sensors","mdpi.com","https://www.mdpi.com/1424-8220/20/17/4852","https://scholar.google.com/scholar?cites=13341951790324612905&as_sdt=2005&sciodt=2007&hl=en",185,"2025-12-14 08:01:17","HTML","","","",,,,,33,6.60,6,6,5,"… In the field of deep learning, the Kaggle Competition is an online platform in which … as a dog barking, telephone ringing, or guitar being strummed. The Surrey CVSSP DCASE 2018 Task …","https://www.mdpi.com/1424-8220/20/17/4852","https://scholar.google.com/scholar?q=related:KX-v8HYiKLkJ:scholar.google.com/&scioq=guitar%7C%22electric+guitar%22+%22artificial+intelligence%22%7C%22machine+learning%22%7C%22deep+learning%22%7C%22audio+analysis%22+feedback%7C%22performance+analysis%22%7Cevaluation%7Cexpressivity&hl=en&as_sdt=2007"
6,"A Passalenti, R Paisa, NC Nilsson, ...","No strings attached: Force and vibrotactile feedback in a guitar simulation",2019,"Proceedings of the 16th …","air.uniud.it","https://air.uniud.it/handle/11390/1167961","https://scholar.google.com/scholar?cites=6029964527767148407&as_sdt=2005&sciodt=2007&hl=en",186,"2025-12-14 08:01:17","","","","",,,,,6,1.00,2,4,6,"… simulation of plucking guitar strings in virtual reality. The auditory feedback is generated by … users to pluck virtual guitar strings while receiving multisensory feedback in response to this …","https://air.uniud.it/bitstream/11390/1167961/1/smc_2019_036.pdf","https://scholar.google.com/scholar?q=related:d1fENcq8rlMJ:scholar.google.com/&scioq=guitar%7C%22electric+guitar%22+%22artificial+intelligence%22%7C%22machine+learning%22%7C%22deep+learning%22%7C%22audio+analysis%22+feedback%7C%22performance+analysis%22%7Cevaluation%7Cexpressivity&hl=en&as_sdt=2007"
1,"H Ma, L Zhang, Y Han","Classification of guitar tab and numbered musical notation using ResNet50 network",2023,"… Conference on Artificial Intelligence …","spiedigitallibrary.org","https://www.spiedigitallibrary.org/conference-proceedings-of-spie/12717/127172P/Classification-of-guitar-tab-and-numbered-musical-notation-using-ResNet50/10.1117/12.2684610.short","https://scholar.google.com/scholar?cites=9893914003928020614&as_sdt=2005&sciodt=2007&hl=en",187,"2025-12-14 08:01:17","","10.1117/12.2684610.short","","",,,,,1,0.50,0,3,2,"… advancement of deep learning and the growth of AI, a new concept for classifying music score images has been introduced. This paper presents a classification method for guitar tabs …","","https://scholar.google.com/scholar?q=related:hnZkyl0-TokJ:scholar.google.com/&scioq=guitar%7C%22electric+guitar%22+%22artificial+intelligence%22%7C%22machine+learning%22%7C%22deep+learning%22%7C%22audio+analysis%22+feedback%7C%22performance+analysis%22%7Cevaluation%7Cexpressivity&hl=en&as_sdt=2007"
5,"Z Wang, J Ohya","A 3D guitar fingering assessing system based on CNN-hand pose estimation and SVR-assessment",2018,"Electronic Imaging","library.imaging.org","https://library.imaging.org/ei/articles/30/9/art00007","https://scholar.google.com/scholar?cites=1113563072981154584&as_sdt=2005&sciodt=2007&hl=en",188,"2025-12-14 08:01:17","","","","",,,,,5,0.71,3,2,7,"… deep learning-based methods in this paper while concerning the versatility and the accuracy of deep learning … this two-step based evaluation could assess our work comprehensively. …","https://library.imaging.org/admin/apis/public/api/ist/website/downloadArticle/ei/30/9/art00007","https://scholar.google.com/scholar?q=related:GLsICLcrdA8J:scholar.google.com/&scioq=guitar%7C%22electric+guitar%22+%22artificial+intelligence%22%7C%22machine+learning%22%7C%22deep+learning%22%7C%22audio+analysis%22+feedback%7C%22performance+analysis%22%7Cevaluation%7Cexpressivity&hl=en&as_sdt=2007"
2,"MS Ramirez Campos, HS McCracken, ...","A Machine Learning Approach to Classifying EEG Data Collected with or without Haptic Feedback during a Simulated Drilling Task",2024,"Brain Sciences","mdpi.com","https://www.mdpi.com/2076-3425/14/9/894","https://scholar.google.com/scholar?cites=7689632384080324343&as_sdt=2005&sciodt=2007&hl=en",189,"2025-12-14 08:01:17","HTML","","","",,,,,2,2.00,1,3,1,"… tools to be included to evaluate the impact of haptic feedback on EEG signals. For instance, … virtual guitar strings, while visual and auditory feedback were presented and haptic feedback …","https://www.mdpi.com/2076-3425/14/9/894","https://scholar.google.com/scholar?q=related:96ZycukPt2oJ:scholar.google.com/&scioq=guitar%7C%22electric+guitar%22+%22artificial+intelligence%22%7C%22machine+learning%22%7C%22deep+learning%22%7C%22audio+analysis%22+feedback%7C%22performance+analysis%22%7Cevaluation%7Cexpressivity&hl=en&as_sdt=2007"
7,"JM Iñesta, D Conklin, R Ramírez","Machine learning and music generation",2016,"Journal of Mathematics and …","Taylor &Francis","https://www.tandfonline.com/doi/abs/10.1080/17459737.2016.1216369","https://scholar.google.com/scholar?cites=12487262858445614596&as_sdt=2005&sciodt=2007&hl=en",190,"2025-12-14 08:01:17","","10.1080/17459737.2016.1216369","","",,,,,7,0.78,2,3,9,"… data, music representation, candidate generation, and evaluation. The papers focus on different … generate expressive jazz guitar performances. A machine learning approach is used to …","https://www.tandfonline.com/doi/pdf/10.1080/17459737.2016.1216369","https://scholar.google.com/scholar?q=related:BG6UzmirS60J:scholar.google.com/&scioq=guitar%7C%22electric+guitar%22+%22artificial+intelligence%22%7C%22machine+learning%22%7C%22deep+learning%22%7C%22audio+analysis%22+feedback%7C%22performance+analysis%22%7Cevaluation%7Cexpressivity&hl=en&as_sdt=2007"
4,"TA Onisha, J Kim, J Seol","Multi Label Sound Classification using Deep Learning Models",2024,"2024 IEEE/ACIS 22nd International …","ieeexplore.ieee.org","https://ieeexplore.ieee.org/abstract/document/10685563/","https://scholar.google.com/scholar?cites=14901788287538946643&as_sdt=2005&sciodt=2007&hl=en",191,"2025-12-14 08:01:17","","","","",,,,,4,4.00,1,3,1,"… The evaluation result exhibited high model efficiency ranging from 86% for the guitar to 99% for drums with detailed precision, recall, and detection values. Choi et al. [15]explored …","","https://scholar.google.com/scholar?q=related:U-LVlH7Jzc4J:scholar.google.com/&scioq=guitar%7C%22electric+guitar%22+%22artificial+intelligence%22%7C%22machine+learning%22%7C%22deep+learning%22%7C%22audio+analysis%22+feedback%7C%22performance+analysis%22%7Cevaluation%7Cexpressivity&hl=en&as_sdt=2007"
9,"S Miklanek, A Wright, V Välimäki, ...","Neural grey-box guitar amplifier modelling with limited data",2023,"… Conference on Digital …","research.aalto.fi","https://research.aalto.fi/en/publications/neural-grey-box-guitar-amplifier-modelling-with-limited-data","https://scholar.google.com/scholar?cites=5405047498772602396&as_sdt=2005&sciodt=2007&hl=en",192,"2025-12-14 08:01:17","","","","",,,,,9,4.50,2,4,2,"… To adapt the model to be used in a deep learning framework, we can easily define trainable … cient training within a deep learning framework. A subjective and objective evaluation of our …","https://research.aalto.fi/files/123416084/Miklanek2023_Neural_grey_box_guitar_amp.pdf","https://scholar.google.com/scholar?q=related:HF50HhCWAksJ:scholar.google.com/&scioq=guitar%7C%22electric+guitar%22+%22artificial+intelligence%22%7C%22machine+learning%22%7C%22deep+learning%22%7C%22audio+analysis%22+feedback%7C%22performance+analysis%22%7Cevaluation%7Cexpressivity&hl=en&as_sdt=2007"
40,"NJ Bryan, GJ Mysore, G Wang","ISSE: An interactive source separation editor",2014,"… of the SIGCHI Conference on Human …","dl.acm.org","https://dl.acm.org/doi/abs/10.1145/2556288.2557253","https://scholar.google.com/scholar?cites=16837062335455412235&as_sdt=2005&sciodt=2007&hl=en",193,"2025-12-14 08:01:17","","10.1145/2556288.2557253","","",,,,,40,3.64,13,3,11,"… -feedback stems from the emerging intersection between HCI and machine learning (ML) or interactive machine learning (… drums from vocals + guitar, then separate vocals from guitar). …","","https://scholar.google.com/scholar?q=related:C8DtzfxCqekJ:scholar.google.com/&scioq=guitar%7C%22electric+guitar%22+%22artificial+intelligence%22%7C%22machine+learning%22%7C%22deep+learning%22%7C%22audio+analysis%22+feedback%7C%22performance+analysis%22%7Cevaluation%7Cexpressivity&hl=en&as_sdt=2007"
4,"I Tono, J Gallego, Z Swiderska-Chadaj, ...","Guitar segmentation in rgb images using convolutional neural networks",2020,"2020 IEEE 21st …","ieeexplore.ieee.org","https://ieeexplore.ieee.org/abstract/document/9238720/","https://scholar.google.com/scholar?cites=11447173449735760922&as_sdt=2005&sciodt=2007&hl=en",194,"2025-12-14 08:01:17","","","","",,,,,4,0.80,1,4,5,"… a complete evaluation for each of the three networks trained to obtain an automatic guitar … Valtorta, “The effects of data quality on machine learning algorithms.” 01 2006, pp. 485–498…","","https://scholar.google.com/scholar?q=related:GmzIUZqH3J4J:scholar.google.com/&scioq=guitar%7C%22electric+guitar%22+%22artificial+intelligence%22%7C%22machine+learning%22%7C%22deep+learning%22%7C%22audio+analysis%22+feedback%7C%22performance+analysis%22%7Cevaluation%7Cexpressivity&hl=en&as_sdt=2007"
24,"V Pattana-Anake, P Danphitsanuparn, ...","BettaNet: a deep learning architecture for classification of wild siamese betta species",2021,"IOP Conference Series …","iopscience.iop.org","https://iopscience.iop.org/article/10.1088/1757-899X/1055/1/012104/meta","https://scholar.google.com/scholar?cites=4379965840281373807&as_sdt=2005&sciodt=2007&hl=en",195,"2025-12-14 08:01:17","","10.1088/1757-899X/1055/1/012104","","",,,,,24,6.00,8,3,4,"… samaragdina, Betta siamorientails, Betta samaragdina guitar and Betta splendens. This does not … The performance evaluation of various existing deep learning architectures against the …","https://iopscience.iop.org/article/10.1088/1757-899X/1055/1/012104/pdf","https://scholar.google.com/scholar?q=related:bwxRxrnDyDwJ:scholar.google.com/&scioq=guitar%7C%22electric+guitar%22+%22artificial+intelligence%22%7C%22machine+learning%22%7C%22deep+learning%22%7C%22audio+analysis%22+feedback%7C%22performance+analysis%22%7Cevaluation%7Cexpressivity&hl=en&as_sdt=2007"
17,"P Singh, D Bachhav, O Joshi, N Patil","Implementing musical instrument recognition using cnn and svm",2019,"… Research Journal of …","academia.edu","https://www.academia.edu/download/119446543/IRJET-V6I7192.pdf","https://scholar.google.com/scholar?cites=5159448214748752589&as_sdt=2005&sciodt=2007&hl=en",196,"2025-12-14 08:01:17","PDF","","","",,,,,17,2.83,4,4,6,"… Evaluation parameters used here and their corresponding … efficient family of algorithm in machine learning because it is … is 0.78 for acoustic guitar, 0.79 for electric guitar 0.78, 0.83 for …","https://www.academia.edu/download/119446543/IRJET-V6I7192.pdf","https://scholar.google.com/scholar?q=related:zWofvdAKmkcJ:scholar.google.com/&scioq=guitar%7C%22electric+guitar%22+%22artificial+intelligence%22%7C%22machine+learning%22%7C%22deep+learning%22%7C%22audio+analysis%22+feedback%7C%22performance+analysis%22%7Cevaluation%7Cexpressivity&hl=en&as_sdt=2007"
1,"A Tur","Deep learning for style transfer and experimentation with audio effects and music creation",2024,"… of the AAAI Conference on Artificial Intelligence","ojs.aaai.org","https://ojs.aaai.org/index.php/AAAI/article/view/30558","https://scholar.google.com/scholar?cites=14724526647632524224&as_sdt=2005&sciodt=2007&hl=en",197,"2025-12-14 08:01:17","","","","",,,,,1,1.00,1,1,1,"… same intensity how can we describe why a guitar and a trumpet playing the same note … deep learning for music is the evaluation metric - most tasks in this area require human evaluation…","https://ojs.aaai.org/index.php/AAAI/article/view/30558/32720","https://scholar.google.com/scholar?q=related:wPPo3fgGWMwJ:scholar.google.com/&scioq=guitar%7C%22electric+guitar%22+%22artificial+intelligence%22%7C%22machine+learning%22%7C%22deep+learning%22%7C%22audio+analysis%22+feedback%7C%22performance+analysis%22%7Cevaluation%7Cexpressivity&hl=en&as_sdt=2007"
37,"A Tanaka","Intention, effort, and restraint: The EMG in musical performance",2015,"Leonardo","direct.mit.edu","https://direct.mit.edu/leon/article-abstract/48/3/298/45962","https://scholar.google.com/scholar?cites=11327060113499814941&as_sdt=2005&sciodt=2007&hl=en",198,"2025-12-14 08:01:17","","","","",,,,,37,3.70,37,1,10,"… tion and describes initial trials in machine learning. It is proposed that nonlinearities … feedback; if the performer moves, control of the feedback may be lost. Plucking and bending a guitar …","https://research.gold.ac.uk/id/eprint/19674/1/LEON_a_01018-Tanaka-web.pdf","https://scholar.google.com/scholar?q=related:Hfym7ijNMZ0J:scholar.google.com/&scioq=guitar%7C%22electric+guitar%22+%22artificial+intelligence%22%7C%22machine+learning%22%7C%22deep+learning%22%7C%22audio+analysis%22+feedback%7C%22performance+analysis%22%7Cevaluation%7Cexpressivity&hl=en&as_sdt=2007"
14,"O Yungul, AA Can","Applicability of Web Based Distance Education to Instrument (Guitar) Education.",2018,"Educational Policy Analysis and Strategic Research","ERIC","https://eric.ed.gov/?id=EJ1201475","https://scholar.google.com/scholar?cites=3210036607080335309&as_sdt=2005&sciodt=2007&hl=en",199,"2025-12-14 08:01:17","","","","",,,,,14,2.00,7,2,7,"… the guitar training for the first time and the opinions of 8 guitar … , a basic form of evaluation of the initial guitar training was … studies such as artificial intelligence, hologram technologies …","https://files.eric.ed.gov/fulltext/EJ1201475.pdf","https://scholar.google.com/scholar?q=related:zQcGYUlXjCwJ:scholar.google.com/&scioq=guitar%7C%22electric+guitar%22+%22artificial+intelligence%22%7C%22machine+learning%22%7C%22deep+learning%22%7C%22audio+analysis%22+feedback%7C%22performance+analysis%22%7Cevaluation%7Cexpressivity&hl=en&as_sdt=2007"
2,"M Deshpande","Musical pitch identification",2011,"","cs229.stanford.edu","https://cs229.stanford.edu/proj2010/Deshpande-MusicalPitchIdentification.pdf","https://scholar.google.com/scholar?cites=1293136631753359833&as_sdt=2005&sciodt=2007&hl=en",200,"2025-12-14 08:01:17","PDF","","","",,,,,2,0.14,2,1,14,"… CS229 project offered me an excellent opportunity to understand machine learning … machine learning for developing guitar learning application and I appreciate any feedback …","https://cs229.stanford.edu/proj2010/Deshpande-MusicalPitchIdentification.pdf","https://scholar.google.com/scholar?q=related:2UG0Teok8hEJ:scholar.google.com/&scioq=guitar%7C%22electric+guitar%22+%22artificial+intelligence%22%7C%22machine+learning%22%7C%22deep+learning%22%7C%22audio+analysis%22+feedback%7C%22performance+analysis%22%7Cevaluation%7Cexpressivity&hl=en&as_sdt=2007"
92,"D Jeong, T Kwon, Y Kim, J Nam","Graph neural network for music score data and modeling expressive piano performance",2019,"… on machine learning","proceedings.mlr.press","https://proceedings.mlr.press/v97/jeong19a.html","https://scholar.google.com/scholar?cites=9986010523028767752&as_sdt=2005&sciodt=2007&hl=en",201,"2025-12-14 08:01:17","","","","",,,,,92,15.33,23,4,6,"… For the qualitative evaluation, we conducted a pairwise listening test to judge the quality of output … A machine learning approach to ornamentation modeling and synthesis in jazz guitar. …","http://proceedings.mlr.press/v97/jeong19a/jeong19a.pdf","https://scholar.google.com/scholar?q=related:CERxnKlvlYoJ:scholar.google.com/&scioq=guitar%7C%22electric+guitar%22+%22artificial+intelligence%22%7C%22machine+learning%22%7C%22deep+learning%22%7C%22audio+analysis%22+feedback%7C%22performance+analysis%22%7Cevaluation%7Cexpressivity&hl=en&as_sdt=2007"
6,"NJ Bryan, GJ Mysore","Interactive user-feedback for sound source separation",2013,"… (IUI), Workshop on Interactive Machine Learning …","","","https://scholar.google.com/scholar?cites=16423955306091070862&as_sdt=2005&sciodt=2007&hl=en",202,"2025-12-14 08:01:17","CITATION","","","",,,,,6,0.50,3,2,12,"","","https://scholar.google.com/scholar?q=related:jkVzQlWc7eMJ:scholar.google.com/&scioq=guitar%7C%22electric+guitar%22+%22artificial+intelligence%22%7C%22machine+learning%22%7C%22deep+learning%22%7C%22audio+analysis%22+feedback%7C%22performance+analysis%22%7Cevaluation%7Cexpressivity&hl=en&as_sdt=2007"
14,"S Adkins, P Sarmento, M Barthet","LooperGP: A loopable sequence model for live coding performance using GuitarPro tablature",2023,"… Intelligence in Music, Sound, Art and …","Springer","https://link.springer.com/chapter/10.1007/978-3-031-29956-8_1","https://scholar.google.com/scholar?cites=5890741281652161387&as_sdt=2005&sciodt=2007&hl=en",203,"2025-12-14 08:01:17","","10.1007/978-3-031-29956-8_1","","",,,,,14,7.00,5,3,2,"… Despite their impressive offline results, deep learning models for … A Guitar Pro formatted song is first converted into a list M of … Our statistical evaluation showed a significant effect of …","https://arxiv.org/pdf/2303.01665","https://scholar.google.com/scholar?q=related:azubNPwdwFEJ:scholar.google.com/&scioq=guitar%7C%22electric+guitar%22+%22artificial+intelligence%22%7C%22machine+learning%22%7C%22deep+learning%22%7C%22audio+analysis%22+feedback%7C%22performance+analysis%22%7Cevaluation%7Cexpressivity&hl=en&as_sdt=2007"
14,"B Zhao, X Hua, K Yu, W Tao, X He, ...","Evaluation of convolution operation based on the interpretation of deep learning on 3-d point cloud",2020,"Ieee Journal of …","ieeexplore.ieee.org","https://ieeexplore.ieee.org/abstract/document/9181408/","https://scholar.google.com/scholar?cites=18166585901249948729&as_sdt=2005&sciodt=2007&hl=en",204,"2025-12-14 08:01:17","","","","",,,,,14,2.80,2,6,5,"… pretation method in 3-D point cloud deep learning networks, for the purpose of evaluating … map in guitar sample. (b) Visualization of partially activated feature map in guitar sample. As …","https://ieeexplore.ieee.org/iel7/4609443/8994817/09181408.pdf","https://scholar.google.com/scholar?q=related:OWyfYaCtHPwJ:scholar.google.com/&scioq=guitar%7C%22electric+guitar%22+%22artificial+intelligence%22%7C%22machine+learning%22%7C%22deep+learning%22%7C%22audio+analysis%22+feedback%7C%22performance+analysis%22%7Cevaluation%7Cexpressivity&hl=en&as_sdt=2007"
27,"F Li","Chord-based music generation using long short-term memory neural networks in the context of artificial intelligence",2024,"The Journal of Supercomputing","Springer","https://link.springer.com/article/10.1007/s11227-023-05704-3","https://scholar.google.com/scholar?cites=2868825760687284028&as_sdt=2005&sciodt=2007&hl=en",205,"2025-12-14 08:01:17","","10.1007/s11227-023-05704-3","","",,,,,27,27.00,27,1,1,"… Furthermore, an evaluation of the chord music generation algorithm is conducted, utilizing … piano, guitar, or string instruments. Moreover, exploring how to combine other deep learning …","","https://scholar.google.com/scholar?q=related:PF9BZNQd0CcJ:scholar.google.com/&scioq=guitar%7C%22electric+guitar%22+%22artificial+intelligence%22%7C%22machine+learning%22%7C%22deep+learning%22%7C%22audio+analysis%22+feedback%7C%22performance+analysis%22%7Cevaluation%7Cexpressivity&hl=en&as_sdt=2007"
677,"G Tzanetakis, P Cook","Marsyas: A framework for audio analysis",2000,"Organised sound","cambridge.org","https://www.cambridge.org/core/journals/organised-sound/article/marsyas-a-framework-for-audio-analysis/43A5D9BCB0F7BB439E1D4D1FF4B563C2","https://scholar.google.com/scholar?cites=15038058367430590298&as_sdt=2005&sciodt=2007&hl=en",206,"2025-12-14 08:01:17","","","","",,,,,677,27.08,339,2,25,"… Scheirer and Slaney 1997) to ensure that the evaluation is not dependent on the particular test and … Representative examples include detecting a guitar solo entrance or a cymbal crash, …","https://www.academia.edu/download/52197330/div-class-title-marsyas-a-framework-for-audio-analysis-div.pdf","https://scholar.google.com/scholar?q=related:Wn9K_mjqsdAJ:scholar.google.com/&scioq=guitar%7C%22electric+guitar%22+%22artificial+intelligence%22%7C%22machine+learning%22%7C%22deep+learning%22%7C%22audio+analysis%22+feedback%7C%22performance+analysis%22%7Cevaluation%7Cexpressivity&hl=en&as_sdt=2007"
76,"M Pintor, D Angioni, A Sotgiu, L Demetrio, ...","ImageNet-Patch: A dataset for benchmarking machine learning robustness against adversarial patches",2023,"Pattern Recognition","Elsevier","https://www.sciencedirect.com/science/article/pii/S0031320322005441","https://scholar.google.com/scholar?cites=15202089171129994607&as_sdt=2005&sciodt=2007&hl=en",207,"2025-12-14 08:01:17","","","","",,,,,76,38.00,15,5,2,"… blocks in an input image that cause a machine-learning model to misclassify it. However, … -Patch, a dataset to benchmark machine-learning models against adversarial patches. The …","https://arxiv.org/pdf/2203.04412","https://scholar.google.com/scholar?q=related:bw0EmY6r-NIJ:scholar.google.com/&scioq=guitar%7C%22electric+guitar%22+%22artificial+intelligence%22%7C%22machine+learning%22%7C%22deep+learning%22%7C%22audio+analysis%22+feedback%7C%22performance+analysis%22%7Cevaluation%7Cexpressivity&hl=en&as_sdt=2007"
49,"A Wright, V Välimäki","Perceptual loss function for neural modeling of audio systems",2020,"ICASSP 2020-2020 IEEE International …","ieeexplore.ieee.org","https://ieeexplore.ieee.org/abstract/document/9052944/","https://scholar.google.com/scholar?cites=11392990113003265941&as_sdt=2005&sciodt=2007&hl=en",208,"2025-12-14 08:01:17","","","","",,,,,49,9.80,25,2,5,"… For the objective evaluation, the loss was calculated for an unseen test set of electric guitar and bass guitar input signals. For each network evaluated, the test loss was calculated with …","https://arxiv.org/pdf/1911.08922","https://scholar.google.com/scholar?q=related:ld8YJyUIHJ4J:scholar.google.com/&scioq=guitar%7C%22electric+guitar%22+%22artificial+intelligence%22%7C%22machine+learning%22%7C%22deep+learning%22%7C%22audio+analysis%22+feedback%7C%22performance+analysis%22%7Cevaluation%7Cexpressivity&hl=en&as_sdt=2007"
37,"JT Colonel, CJ Steinmetz, M Michelen, ...","Direct design of biquad filter cascades with deep learning by sampling random polynomials",2022,"ICASSP 2022-2022 …","ieeexplore.ieee.org","https://ieeexplore.ieee.org/abstract/document/9747660/","https://scholar.google.com/scholar?cites=2115952810259550856&as_sdt=2005&sciodt=2007&hl=en",209,"2025-12-14 08:01:17","","","","",,,,,37,12.33,9,4,3,"… transfer functions (HRTFs) and guitar amplifier cabinets. Though phase … Guitar cabinets combine loudspeakers with guitar … HRTF Dataset2 and 32 guitar cabinet impulse resposnes were …","https://arxiv.org/pdf/2110.03691","https://scholar.google.com/scholar?q=related:iJICwd5fXR0J:scholar.google.com/&scioq=guitar%7C%22electric+guitar%22+%22artificial+intelligence%22%7C%22machine+learning%22%7C%22deep+learning%22%7C%22audio+analysis%22+feedback%7C%22performance+analysis%22%7Cevaluation%7Cexpressivity&hl=en&as_sdt=2007"
53,"S Giraldo, G Waddell, I Nou, A Ortega, O Mayor, ...","Automatic assessment of tone quality in violin music performance",2019,"Frontiers in …","frontiersin.org","https://www.frontiersin.org/articles/10.3389/fpsyg.2019.00334/full","https://scholar.google.com/scholar?cites=8954483236393795308&as_sdt=2005&sciodt=2007&hl=en",210,"2025-12-14 08:01:17","HTML","10.3389/fpsyg.2019.00334","","",,,,,53,8.83,9,6,6,"… In this paper we present a machine learning approach for the … to play music with traditional instruments (guitar, bass piano, … examples to obtain visual feedback on the assessment on …","https://www.frontiersin.org/articles/10.3389/fpsyg.2019.00334/full","https://scholar.google.com/scholar?q=related:7D5xhA-3RHwJ:scholar.google.com/&scioq=guitar%7C%22electric+guitar%22+%22artificial+intelligence%22%7C%22machine+learning%22%7C%22deep+learning%22%7C%22audio+analysis%22+feedback%7C%22performance+analysis%22%7Cevaluation%7Cexpressivity&hl=en&as_sdt=2007"
36,"MX Ortega, JD Bermudez, ...","Evaluation of deep learning techniques for deforestation detection in the amazon forest",2019,"ISPRS Annals of …","isprs-annals.copernicus.org","https://isprs-annals.copernicus.org/articles/IV-2-W7/121/2019/isprs-annals-IV-2-W7-121-2019.html","https://scholar.google.com/scholar?cites=12034058720801564456&as_sdt=2005&sciodt=2007&hl=en",211,"2025-12-14 08:01:17","","","","",,,,,36,6.00,12,3,6,"… This work reported an evaluation of recently proposed deep learning based methods for detection of deforestation in the Amazon forest. Three methods were tested: Early Fusion (EF), …","https://isprs-annals.copernicus.org/articles/IV-2-W7/121/2019/isprs-annals-IV-2-W7-121-2019.pdf","https://scholar.google.com/scholar?q=related:KKeRu6WQAacJ:scholar.google.com/&scioq=guitar%7C%22electric+guitar%22+%22artificial+intelligence%22%7C%22machine+learning%22%7C%22deep+learning%22%7C%22audio+analysis%22+feedback%7C%22performance+analysis%22%7Cevaluation%7Cexpressivity&hl=en&as_sdt=2007"
4,"A Liu","Multi-genre Digital Music Based on Artificial Intelligence Automation Assisted Composition System",2024,"Informatica","informatica.si","https://www.informatica.si/index.php/informatica/article/view/5474","https://scholar.google.com/scholar?cites=17894552556799778534&as_sdt=2005&sciodt=2007&hl=en",212,"2025-12-14 08:01:17","","","","",,,,,4,4.00,4,1,1,"… of 75S in each of four genres: piano, guitar, bass, and strings, transcribing each MIDI file to … next evaluation of the effect of the produced MIDI files. The entire model evaluation process is …","https://www.informatica.si/index.php/informatica/article/viewFile/5474/2702","https://scholar.google.com/scholar?q=related:5t6bsr04VvgJ:scholar.google.com/&scioq=guitar%7C%22electric+guitar%22+%22artificial+intelligence%22%7C%22machine+learning%22%7C%22deep+learning%22%7C%22audio+analysis%22+feedback%7C%22performance+analysis%22%7Cevaluation%7Cexpressivity&hl=en&as_sdt=2007"
22,"M McVicar, S Fukayama, M Goto","Autorhythmguitar: Computer-aided composition for rhythm guitar in the tab space",2014,"ICMC","speech.di.uoa.gr","http://speech.di.uoa.gr/ICMC-SMC-2014/images/VOL_1/0293.pdf","https://scholar.google.com/scholar?cites=14277580216161919288&as_sdt=2005&sciodt=2007&hl=en",213,"2025-12-14 08:01:17","PDF","","","",,,,,22,2.00,7,3,11,"… which algorithmically composes realistic rhythm guitar tablature. AutoRhythmGuitar takes as input a … Algorithmic evaluation of our system reveals that it effectively models style, whilst a …","http://speech.di.uoa.gr/ICMC-SMC-2014/images/VOL_1/0293.pdf","https://scholar.google.com/scholar?q=related:OOF5jI8nJMYJ:scholar.google.com/&scioq=guitar%7C%22electric+guitar%22+%22artificial+intelligence%22%7C%22machine+learning%22%7C%22deep+learning%22%7C%22audio+analysis%22+feedback%7C%22performance+analysis%22%7Cevaluation%7Cexpressivity&hl=en&as_sdt=2007"
152,"S Ji, X Yang, J Luo","A survey on deep learning for symbolic music generation: Representations, algorithms, evaluations, and challenges",2023,"ACM Computing Surveys","dl.acm.org","https://dl.acm.org/doi/abs/10.1145/3597493","https://scholar.google.com/scholar?cites=7735637381906743732&as_sdt=2005&sciodt=2007&hl=en",214,"2025-12-14 08:01:17","","10.1145/3597493","","",,,,,152,76.00,51,3,2,"… of deep learning network architectures in symbolic music generation in recent years, but we do not deny the value of nondeep learning … This section summarizes the music evaluation …","","https://scholar.google.com/scholar?q=related:tMHIszaBWmsJ:scholar.google.com/&scioq=guitar%7C%22electric+guitar%22+%22artificial+intelligence%22%7C%22machine+learning%22%7C%22deep+learning%22%7C%22audio+analysis%22+feedback%7C%22performance+analysis%22%7Cevaluation%7Cexpressivity&hl=en&as_sdt=2007"
22,"K Xu","Recognition and classification model of music genres and Chinese traditional musical instruments based on deep neural networks",2021,"Scientific Programming","Wiley Online Library","https://onlinelibrary.wiley.com/doi/abs/10.1155/2021/2348494","https://scholar.google.com/scholar?cites=9769464512301351278&as_sdt=2005&sciodt=2007&hl=en",215,"2025-12-14 08:01:17","","10.1155/2021/2348494","","",,,,,22,5.50,22,1,4,"… defines the concept of deep learning and ideological and … and evaluation, and new models of intelligent learning that … to form music of singing and guitar alternately. The blues are based …","https://onlinelibrary.wiley.com/doi/pdf/10.1155/2021/2348494","https://scholar.google.com/scholar?q=related:bsGBjTYclIcJ:scholar.google.com/&scioq=guitar%7C%22electric+guitar%22+%22artificial+intelligence%22%7C%22machine+learning%22%7C%22deep+learning%22%7C%22audio+analysis%22+feedback%7C%22performance+analysis%22%7Cevaluation%7Cexpressivity&hl=en&as_sdt=2007"
8,"H Yin, G Cheng, CJ Steinmetz, R Yuan, ...","Modeling analog dynamic range compressors using deep learning and state-space models",2024,"arXiv preprint arXiv …","arxiv.org","https://arxiv.org/abs/2403.16331","https://scholar.google.com/scholar?cites=13416022386672308314&as_sdt=2005&sciodt=2007&hl=en",216,"2025-12-14 08:01:17","","","","",,,,,8,8.00,2,5,1,"… evaluation capabilities. The proposed model provides roughly the same quality as previous deep-learning … in the test, including strings, piano, guitar, and band clips. Each audio clip has …","https://arxiv.org/pdf/2403.16331","https://scholar.google.com/scholar?q=related:WpBKkEdJL7oJ:scholar.google.com/&scioq=guitar%7C%22electric+guitar%22+%22artificial+intelligence%22%7C%22machine+learning%22%7C%22deep+learning%22%7C%22audio+analysis%22+feedback%7C%22performance+analysis%22%7Cevaluation%7Cexpressivity&hl=en&as_sdt=2007"
3,"M Inui, T Hamasaki, M van der Veen","Intermodulation Distortion Analysis of a Guitar Distortion Pedal With a Starving Circuit",2021,"Journal of the Audio Engineering …","aes.org","https://www.aes.org/e-lib/download.cfm?ID=21018","https://scholar.google.com/scholar?cites=501523352578281311&as_sdt=2005&sciodt=2007&hl=en",217,"2025-12-14 08:01:17","","","","",,,,,3,0.75,1,3,4,"… the amplification from a guitar pickup, and furthermore, … box approach based on deep learning has been proposed for … constructing a perceptual evaluation scenario with our new …","https://mennovanderveen.nl/images/onderzoek-ontwikkeling/publicaties/Guitar_Distortions_AES-21018.pdf","https://scholar.google.com/scholar?q=related:X8_9_NTE9QYJ:scholar.google.com/&scioq=guitar%7C%22electric+guitar%22+%22artificial+intelligence%22%7C%22machine+learning%22%7C%22deep+learning%22%7C%22audio+analysis%22+feedback%7C%22performance+analysis%22%7Cevaluation%7Cexpressivity&hl=en&as_sdt=2007"
12,"T Ciufo","Design concepts and control strategies for interactive improvisational music systems",2003,"Proceedings of the MAXIS International Festival …","academia.edu","https://www.academia.edu/download/8015793/design_concepts.pdf","https://scholar.google.com/scholar?cites=16812336097601840993&as_sdt=2005&sciodt=2007&hl=en",218,"2025-12-14 08:01:17","PDF","","","",,,,,12,0.55,12,1,22,"… of audio analysis techniques and direct control from sensors (built into a custom hybrid guitar) … Another challenge is the inherent feedback encountered when using a microphone as the …","https://www.academia.edu/download/8015793/design_concepts.pdf","https://scholar.google.com/scholar?q=related:YecI7ppqUekJ:scholar.google.com/&scioq=guitar%7C%22electric+guitar%22+%22artificial+intelligence%22%7C%22machine+learning%22%7C%22deep+learning%22%7C%22audio+analysis%22+feedback%7C%22performance+analysis%22%7Cevaluation%7Cexpressivity&hl=en&as_sdt=2007"
18,"C Dittmar, A Männchen, J Abeber","Real-time guitar string detection for music education software",2013,"2013 14th International …","ieeexplore.ieee.org","https://ieeexplore.ieee.org/abstract/document/6616120/","https://scholar.google.com/scholar?cites=3461022021529070975&as_sdt=2005&sciodt=2007&hl=en",219,"2025-12-14 08:01:17","","","","",,,,,18,1.50,6,3,12,"… position from guitar recordings can be found in [1]. Apart from audio analysis, methods that … For the evaluation experiments, we use a ground truth of 712 guitar samples compiled from …","https://www.researchgate.net/profile/Jakob-Abesser/publication/261024961_Real-time_guitar_string_detection_for_music_education_software/links/545b68cb0cf249070a79b9af/Real-time-guitar-string-detection-for-music-education-software.pdf","https://scholar.google.com/scholar?q=related:f20L-TAFCDAJ:scholar.google.com/&scioq=guitar%7C%22electric+guitar%22+%22artificial+intelligence%22%7C%22machine+learning%22%7C%22deep+learning%22%7C%22audio+analysis%22+feedback%7C%22performance+analysis%22%7Cevaluation%7Cexpressivity&hl=en&as_sdt=2007"
207,"T De Quadros, AE Lazzaretti, ...","A movement decomposition and machine learning-based fall detection system using wrist wearable device",2018,"IEEE Sensors …","ieeexplore.ieee.org","https://ieeexplore.ieee.org/abstract/document/8345625/","https://scholar.google.com/scholar?cites=3810380607287825415&as_sdt=2005&sciodt=2007&hl=en",220,"2025-12-14 08:01:17","","","","",,,,,207,29.57,69,3,7,"… Then, he plays guitar for 45 minutes. Finally, he emulates a sideway fall, lying down for … The next steps of this work are related to a deeper evaluation of machine learning algorithms for …","","https://scholar.google.com/scholar?q=related:B5RtXPkw4TQJ:scholar.google.com/&scioq=guitar%7C%22electric+guitar%22+%22artificial+intelligence%22%7C%22machine+learning%22%7C%22deep+learning%22%7C%22audio+analysis%22+feedback%7C%22performance+analysis%22%7Cevaluation%7Cexpressivity&hl=en&as_sdt=2007"
24,"X Riley, D Edwards, S Dixon","High resolution guitar transcription via domain adaptation",2024,"ICASSP 2024-2024 IEEE …","ieeexplore.ieee.org","https://ieeexplore.ieee.org/abstract/document/10446182/","https://scholar.google.com/scholar?cites=4241295486648639316&as_sdt=2005&sciodt=2007&hl=en",221,"2025-12-14 08:01:17","","","","",,,,,24,24.00,8,3,1,"… [1, 2, 3], arising from applying deep learning techniques to large, high quality datasets such as MAESTRO [4] … Transcription evaluation was performed on the entire dataset for all models. …","https://arxiv.org/pdf/2402.15258","https://scholar.google.com/scholar?q=related:VN8oFcYb3DoJ:scholar.google.com/&scioq=guitar%7C%22electric+guitar%22+%22artificial+intelligence%22%7C%22machine+learning%22%7C%22deep+learning%22%7C%22audio+analysis%22+feedback%7C%22performance+analysis%22%7Cevaluation%7Cexpressivity&hl=en&as_sdt=2007"
10,"S Bhardwaj","Audio data augmentation with respect to musical instrument recognition",2017,"","Master's thesis, Universitat Pompeu …","","https://scholar.google.com/scholar?cites=12716433689133956499&as_sdt=2005&sciodt=2007&hl=en",222,"2025-12-14 08:01:17","CITATION","","","",,,,,10,1.25,10,1,8,"","","https://scholar.google.com/scholar?q=related:k72j0hDZebAJ:scholar.google.com/&scioq=guitar%7C%22electric+guitar%22+%22artificial+intelligence%22%7C%22machine+learning%22%7C%22deep+learning%22%7C%22audio+analysis%22+feedback%7C%22performance+analysis%22%7Cevaluation%7Cexpressivity&hl=en&as_sdt=2007"
5,"K Tsioutas, G Xylomenos","Assessing the effects of delay to NMP via audio analysis",2022,"SN Computer Science","Springer","https://link.springer.com/article/10.1007/s42979-022-01555-6","https://scholar.google.com/scholar?cites=1142460006315578730&as_sdt=2005&sciodt=2007&hl=en",223,"2025-12-14 08:01:17","","10.1007/s42979-022-01555-6","","",,,,,5,1.67,3,2,3,"… percussion, piano, and guitar. Musicians listened to the feedback from their own instruments … a rock piece was performed with bass and acoustic guitar, both having rhythm roles. As …","https://pmc.ncbi.nlm.nih.gov/articles/PMC9791973/pdf/42979_2022_Article_1555.pdf","https://scholar.google.com/scholar?q=related:atWHnlLV2g8J:scholar.google.com/&scioq=guitar%7C%22electric+guitar%22+%22artificial+intelligence%22%7C%22machine+learning%22%7C%22deep+learning%22%7C%22audio+analysis%22+feedback%7C%22performance+analysis%22%7Cevaluation%7Cexpressivity&hl=en&as_sdt=2007"
9,"P Xu, R Wang","Synchronize dual hands for physics-based dexterous guitar playing",2024,"SIGGRAPH Asia 2024 Conference Papers","dl.acm.org","https://dl.acm.org/doi/abs/10.1145/3680528.3687692","https://scholar.google.com/scholar?cites=745960026101144355&as_sdt=2005&sciodt=2007&hl=en",224,"2025-12-14 08:01:17","","10.1145/3680528.3687692","","",,,,,9,9.00,5,2,1,"… Single-hand policy evaluation: We evaluate the performance of the separately trained single-hand … We present a deep learning method for composite and task-driven motion control for …","","https://scholar.google.com/scholar?q=related:I1tmBLEuWgoJ:scholar.google.com/&scioq=guitar%7C%22electric+guitar%22+%22artificial+intelligence%22%7C%22machine+learning%22%7C%22deep+learning%22%7C%22audio+analysis%22+feedback%7C%22performance+analysis%22%7Cevaluation%7Cexpressivity&hl=en&as_sdt=2007"
107,"BW Schuller","Intelligent audio analysis",2013,"","Springer","https://link.springer.com/content/pdf/10.1007/978-3-642-36806-6.pdf","https://scholar.google.com/scholar?cites=5779184501880022547&as_sdt=2005&sciodt=2007&hl=en",225,"2025-12-14 08:01:17","BOOK","10.1007/978-3-642-36806-6","","",,,,,107,8.92,107,1,12,"… in this book, as this can make evaluation considerably more difficult. Methods for chunking … ®’s guitar learning game “Rocksmith®” based on real guitar audio analysis are examples of …","","https://scholar.google.com/scholar?q=related:E2YAXq_JM1AJ:scholar.google.com/&scioq=guitar%7C%22electric+guitar%22+%22artificial+intelligence%22%7C%22machine+learning%22%7C%22deep+learning%22%7C%22audio+analysis%22+feedback%7C%22performance+analysis%22%7Cevaluation%7Cexpressivity&hl=en&as_sdt=2007"
22,"F Cwitkowitz, T Hirvonen, ...","FretNet: Continuous-valued pitch contour streaming for polyphonic guitar tablature transcription",2023,"ICASSP 2023-2023 IEEE …","ieeexplore.ieee.org","https://ieeexplore.ieee.org/abstract/document/10094825/","https://scholar.google.com/scholar?cites=14426233380205436856&as_sdt=2005&sciodt=2007&hl=en",226,"2025-12-14 08:01:17","","","","",,,,,22,11.00,7,3,2,"… evaluation. While offsets are also generally important for AMT, this information is commonly left out of guitar … and pairwise likelihood in deep learning based guitar tablature transcription …","https://arxiv.org/pdf/2212.03023","https://scholar.google.com/scholar?q=related:uB8HatNGNMgJ:scholar.google.com/&scioq=guitar%7C%22electric+guitar%22+%22artificial+intelligence%22%7C%22machine+learning%22%7C%22deep+learning%22%7C%22audio+analysis%22+feedback%7C%22performance+analysis%22%7Cevaluation%7Cexpressivity&hl=en&as_sdt=2007"
25,"MAM Ramírez, E Benetos, JD Reiss","A general-purpose deep learning approach to model time-varying audio effects",2019,"arXiv preprint arXiv:1905.06148","arxiv.org","https://arxiv.org/abs/1905.06148","https://scholar.google.com/scholar?cites=13612334426328025185&as_sdt=2005&sciodt=2007&hl=en",227,"2025-12-14 08:01:17","","","","",,,,,25,4.17,8,3,6,"… modulation based effect tasks and the proposed evaluation metric. Sections 4 and 5 show … and processed audio for bass guitar. In addition, processing the bass guitar raw audio, we …","https://arxiv.org/pdf/1905.06148","https://scholar.google.com/scholar?q=related:YUgaHQq66LwJ:scholar.google.com/&scioq=guitar%7C%22electric+guitar%22+%22artificial+intelligence%22%7C%22machine+learning%22%7C%22deep+learning%22%7C%22audio+analysis%22+feedback%7C%22performance+analysis%22%7Cevaluation%7Cexpressivity&hl=en&as_sdt=2007"
5,"WK Liu, Z Gan, M Fleming","Deep learning for regression and classification",2022,"Mechanistic Data Science for STEM Education …","Springer","https://link.springer.com/chapter/10.1007/978-3-030-87832-0_6","https://scholar.google.com/scholar?cites=13058739849011776818&as_sdt=2005&sciodt=2007&hl=en",228,"2025-12-14 08:01:17","","10.1007/978-3-030-87832-0_6","","",,,,,5,1.67,2,3,3,"… evaluation the value of a diamond for a diamond vender or a person who want to buy a diamond. … A schematic of changing a piano sound to a guitar sound suing machine learning. Two …","","https://scholar.google.com/scholar?q=related:Ms2VWrT2ObUJ:scholar.google.com/&scioq=guitar%7C%22electric+guitar%22+%22artificial+intelligence%22%7C%22machine+learning%22%7C%22deep+learning%22%7C%22audio+analysis%22+feedback%7C%22performance+analysis%22%7Cevaluation%7Cexpressivity&hl=en&as_sdt=2007"
37,"J Deng, YK Kwok","A Hybrid Gaussian-HMM-Deep Learning Approach for Automatic Chord Estimation with Very Large Vocabulary.",2016,"ISMIR","wp.nyu.edu","https://wp.nyu.edu/ismir2016/wp-content/uploads/sites/2294/2016/07/058_Paper.pdf","https://scholar.google.com/scholar?cites=1416366467090535856&as_sdt=2005&sciodt=2007&hl=en",229,"2025-12-14 08:01:17","PDF","","","",,,,,37,4.11,19,2,9,"… chord comping + soloing dataset extracted from a jazz guitar book [15] (JazzGuitar99) are used … Here we argue for the validity of our evaluation methodology. Note that our systems are …","https://wp.nyu.edu/ismir2016/wp-content/uploads/sites/2294/2016/07/058_Paper.pdf","https://scholar.google.com/scholar?q=related:sNW0LszxpxMJ:scholar.google.com/&scioq=guitar%7C%22electric+guitar%22+%22artificial+intelligence%22%7C%22machine+learning%22%7C%22deep+learning%22%7C%22audio+analysis%22+feedback%7C%22performance+analysis%22%7Cevaluation%7Cexpressivity&hl=en&as_sdt=2007"
28,"F Gouyon, G Widmer, X Serra, A Flexer","Acoustic cues to beat induction: A machine learning perspective",2006,"Music Perception","online.ucpress.edu","https://online.ucpress.edu/mp/article-abstract/24/2/177/62304","https://scholar.google.com/scholar?cites=3951268796744793962&as_sdt=2005&sciodt=2007&hl=en",230,"2025-12-14 08:01:17","","","","",,,,,28,1.47,7,4,19,"… Evaluation of feature sets regarding their ability to provide reliable cues to the localization of beats is based on a machine learning methodology with a large corpus of beat-annotated …","https://repositori.upf.edu/bitstreams/c9b01e32-ab19-425d-b446-1830823ccf30/download","https://scholar.google.com/scholar?q=related:av8OMgm61TYJ:scholar.google.com/&scioq=guitar%7C%22electric+guitar%22+%22artificial+intelligence%22%7C%22machine+learning%22%7C%22deep+learning%22%7C%22audio+analysis%22+feedback%7C%22performance+analysis%22%7Cevaluation%7Cexpressivity&hl=en&as_sdt=2007"
20,"J Chowdhury","A comparison of virtual analog modelling techniques for desktop and embedded implementations",2020,"arXiv preprint arXiv:2009.02833","arxiv.org","https://arxiv.org/abs/2009.02833","https://scholar.google.com/scholar?cites=189919638617584489&as_sdt=2005&sciodt=2007&hl=en",231,"2025-12-14 08:01:17","","","","",,,,,20,4.00,20,1,5,"… model of the Klon Centaur guitar pedal circuit, comparing … While several styles of machine-learning based models have … Performance evaluation was completed using a 2017 Dell …","https://arxiv.org/pdf/2009.02833","https://scholar.google.com/scholar?q=related:afOrs-e6ogIJ:scholar.google.com/&scioq=guitar%7C%22electric+guitar%22+%22artificial+intelligence%22%7C%22machine+learning%22%7C%22deep+learning%22%7C%22audio+analysis%22+feedback%7C%22performance+analysis%22%7Cevaluation%7Cexpressivity&hl=en&as_sdt=2007"
7,"I Angulo, S Giraldo, R Ramirez","Hexaphonic guitar transcription and visualisation",2016,"","repositori.upf.edu","https://repositori.upf.edu/items/e7d5e97b-346d-4f2f-adf5-f78c5048c671","https://scholar.google.com/scholar?cites=6759935853424154926&as_sdt=2005&sciodt=2007&hl=en",232,"2025-12-14 08:01:17","","","","",,,,,7,0.78,2,3,9,"… Essentia [9] is an open-source C++ library for audio analysis and audio-based … evaluation based on some basic guitar “riffs/phrases” visualisations. We focused on four different guitar …","https://repositori.upf.edu/bitstreams/73fcf489-cd9e-402f-a3c0-0bb0140126f8/download","https://scholar.google.com/scholar?q=related:LhnGz9cd0F0J:scholar.google.com/&scioq=guitar%7C%22electric+guitar%22+%22artificial+intelligence%22%7C%22machine+learning%22%7C%22deep+learning%22%7C%22audio+analysis%22+feedback%7C%22performance+analysis%22%7Cevaluation%7Cexpressivity&hl=en&as_sdt=2007"
517,"Y Chu, J Xu, Q Yang, H Wei, X Wei, Z Guo, ...","Qwen2-audio technical report",2024,"arXiv preprint arXiv …","arxiv.org","https://arxiv.org/abs/2407.10759","https://scholar.google.com/scholar?cites=13259138701210870695&as_sdt=2005&sciodt=2007&hl=en",233,"2025-12-14 08:01:17","","","","",,,,,517,517.00,74,7,1,"… to switch between voice chat and audio analysis modes. Qwen2-… In this section, we present a comprehensive evaluation of the … The tune is being played by the guitar with the bass guitar …","https://arxiv.org/pdf/2407.10759?","https://scholar.google.com/scholar?q=related:p-NOGWbsAbgJ:scholar.google.com/&scioq=guitar%7C%22electric+guitar%22+%22artificial+intelligence%22%7C%22machine+learning%22%7C%22deep+learning%22%7C%22audio+analysis%22+feedback%7C%22performance+analysis%22%7Cevaluation%7Cexpressivity&hl=en&as_sdt=2007"
5,"K Ashimori, H Igarashi","Skill assist system for musical instruments by skilled players force feedback",2017,"2017 IEEE 26th International …","ieeexplore.ieee.org","https://ieeexplore.ieee.org/abstract/document/8001562/","https://scholar.google.com/scholar?cites=7099606248483880106&as_sdt=2005&sciodt=2007&hl=en",234,"2025-12-14 08:01:17","","","","",,,,,5,0.63,3,2,8,"… instruments such as a piano, guitar and drums around us. … This paper, focus on the performance of the guitar and aims … using artificial intelligence, such as neural net and deep learning. …","","https://scholar.google.com/scholar?q=related:qnwGhkTehmIJ:scholar.google.com/&scioq=guitar%7C%22electric+guitar%22+%22artificial+intelligence%22%7C%22machine+learning%22%7C%22deep+learning%22%7C%22audio+analysis%22+feedback%7C%22performance+analysis%22%7Cevaluation%7Cexpressivity&hl=en&as_sdt=2007"
139,"M Won, A Ferraro, D Bogdanov, X Serra","Evaluation of cnn-based automatic music tagging models",2020,"arXiv preprint arXiv:2006.00751","arxiv.org","https://arxiv.org/abs/2006.00751","https://scholar.google.com/scholar?cites=5580747064897651831&as_sdt=2005&sciodt=2007&hl=en",235,"2025-12-14 08:01:17","","","","",,,,,139,27.80,35,4,5,"… Recent advances in deep learning accelerated the development of content-based … a tag guitar if a guitar appears in the song even though the selected excerpt doesn’t include guitar …","https://arxiv.org/pdf/2006.00751","https://scholar.google.com/scholar?q=related:d0SHMOPLck0J:scholar.google.com/&scioq=guitar%7C%22electric+guitar%22+%22artificial+intelligence%22%7C%22machine+learning%22%7C%22deep+learning%22%7C%22audio+analysis%22+feedback%7C%22performance+analysis%22%7Cevaluation%7Cexpressivity&hl=en&as_sdt=2007"
10,"R Simionato, S Fasciani","Deep learning conditioned modeling of optical compression",2022,"Proceedings of the International …","dafx2020.mdw.ac.at","https://dafx2020.mdw.ac.at/proceedings/papers/DAFx20in22_paper_6.pdf","https://scholar.google.com/scholar?cites=6671559508024510450&as_sdt=2005&sciodt=2007&hl=en",236,"2025-12-14 08:01:17","PDF","","","",,,,,10,3.33,5,2,3,"… has been proposed to model guitar distortion circuits and a low-… This paper follows up VA investigation using deep learning … These results confirm the previous quantitative evaluation …","https://dafx2020.mdw.ac.at/proceedings/papers/DAFx20in22_paper_6.pdf","https://scholar.google.com/scholar?q=related:8keubQYkllwJ:scholar.google.com/&scioq=guitar%7C%22electric+guitar%22+%22artificial+intelligence%22%7C%22machine+learning%22%7C%22deep+learning%22%7C%22audio+analysis%22+feedback%7C%22performance+analysis%22%7Cevaluation%7Cexpressivity&hl=en&as_sdt=2007"
17,"NS Cunha, A Subramanian, ...","Generating guitar solos by integer programming",2018,"Journal of the Operational …","Taylor &Francis","https://www.tandfonline.com/doi/abs/10.1080/01605682.2017.1390528","https://scholar.google.com/scholar?cites=8608885507638227744&as_sdt=2005&sciodt=2007&hl=en",237,"2025-12-14 08:01:17","","10.1080/01605682.2017.1390528","","",,,,,17,2.43,6,3,7,"… research and statistical methods such as Markov chains or machine learning algorithms, respectively. Due to the positive evaluation of the output of the framework in its current state, we …","http://www.dorienherremans.com/sites/default/files/preprint_guitar_solo_generation_dh.pdf","https://scholar.google.com/scholar?q=related:IPPI4sHneHcJ:scholar.google.com/&scioq=guitar%7C%22electric+guitar%22+%22artificial+intelligence%22%7C%22machine+learning%22%7C%22deep+learning%22%7C%22audio+analysis%22+feedback%7C%22performance+analysis%22%7Cevaluation%7Cexpressivity&hl=en&as_sdt=2007"
197,"K Lee, M Slaney","Acoustic chord transcription and key extraction from audio using key-dependent HMMs trained on synthesized audio",2008,"IEEE Transactions on audio, speech, and …","ieeexplore.ieee.org","https://ieeexplore.ieee.org/abstract/document/4432647/","https://scholar.google.com/scholar?cites=12177762032610001977&as_sdt=2005&sciodt=2007&hl=en",238,"2025-12-14 08:01:17","","","","",,,,,197,11.59,99,2,17,"… task of providing the machine-learning models with labeled … In Section V, we describe our evaluation method and present … electric piano, electric guitar, steal string guitar, electric bass, …","https://www.researchgate.net/profile/Kyogu-Lee-2/publication/3457995_Acoustic_Chord_Transcription_and_Key_Extraction_From_Audio_Using_Key-Dependent_HMMs_Trained_on_Synthesized_Audio/links/543bd2790cf204cab1db3b3a/Acoustic-Chord-Transcription-and-Key-Extraction-From-Audio-Using-Key-Dependent-HMMs-Trained-on-Synthesized-Audio.pdf?_sg%5B0%5D=started_experiment_milestone&origin=journalDetail","https://scholar.google.com/scholar?q=related:OUT1UAwaAKkJ:scholar.google.com/&scioq=guitar%7C%22electric+guitar%22+%22artificial+intelligence%22%7C%22machine+learning%22%7C%22deep+learning%22%7C%22audio+analysis%22+feedback%7C%22performance+analysis%22%7Cevaluation%7Cexpressivity&hl=en&as_sdt=2007"
36,"J Osmalsky, JJ Embrechts, ...","Neural networks for musical chords recognition",2012,"Journees d' …","orbi.uliege.be","https://orbi.uliege.be/handle/2268/115963","https://scholar.google.com/scholar?cites=10506963771174522120&as_sdt=2005&sciodt=2007&hl=en",239,"2025-12-14 08:01:17","","","","",,,,,36,2.77,12,3,13,"… and present an effective machine learning based method using a … large dataset filled with recorded guitar chords under different … a system based on machine learning techniques, whose …","https://orbi.uliege.be/bitstream/2268/115963/1/Osmalskyj2012Neural.pdf","https://scholar.google.com/scholar?q=related:CI3BsOE70JEJ:scholar.google.com/&scioq=guitar%7C%22electric+guitar%22+%22artificial+intelligence%22%7C%22machine+learning%22%7C%22deep+learning%22%7C%22audio+analysis%22+feedback%7C%22performance+analysis%22%7Cevaluation%7Cexpressivity&hl=en&as_sdt=2007"
55,"M Castelli, L Manzoni","Generative models in artificial intelligence and their applications",2022,"Applied Sciences","novaresearch.unl.pt","https://novaresearch.unl.pt/files/43888392/Special_Issue_Generative_Models_in_Artificial_Intelligence_and_Their_Applications.pdf","https://scholar.google.com/scholar?cites=11122461237416359827&as_sdt=2005&sciodt=2007&hl=en",240,"2025-12-14 08:01:17","PDF","","","",,,,,55,18.33,28,2,3,"… 2], deals with the evaluation of various synthetic data generation … machine learning models, (iii) whether sharing preliminary … a particular music specification (guitar ballad) in a controlled …","https://novaresearch.unl.pt/files/43888392/Special_Issue_Generative_Models_in_Artificial_Intelligence_and_Their_Applications.pdf","https://scholar.google.com/scholar?q=related:k_dA7JDrWpoJ:scholar.google.com/&scioq=guitar%7C%22electric+guitar%22+%22artificial+intelligence%22%7C%22machine+learning%22%7C%22deep+learning%22%7C%22audio+analysis%22+feedback%7C%22performance+analysis%22%7Cevaluation%7Cexpressivity&hl=en&as_sdt=2007"
32,"R Anand, RS Sabeenian, D Gurang, ...","AI based music recommendation system using deep learning algorithms",2021,"… series: earth and …","iopscience.iop.org","https://iopscience.iop.org/article/10.1088/1755-1315/785/1/012013/meta","https://scholar.google.com/scholar?cites=6697081825003714603&as_sdt=2005&sciodt=2007&hl=en",241,"2025-12-14 08:01:17","","10.1088/1755-1315/785/1/012013","","",,,,,32,8.00,8,4,4,"… feedback for the needs of various viewers, it takes adjustments. To find the better deep learning … Results and Discussion We perform experiment to detect and Acoustic guitar, bass drum, …","https://iopscience.iop.org/article/10.1088/1755-1315/785/1/012013/pdf","https://scholar.google.com/scholar?q=related:KzgS62_Q8FwJ:scholar.google.com/&scioq=guitar%7C%22electric+guitar%22+%22artificial+intelligence%22%7C%22machine+learning%22%7C%22deep+learning%22%7C%22audio+analysis%22+feedback%7C%22performance+analysis%22%7Cevaluation%7Cexpressivity&hl=en&as_sdt=2007"
101,"CH Liu, CK Ting","Computational intelligence in music composition: A survey",2016,"IEEE Transactions on Emerging Topics in …","ieeexplore.ieee.org","https://ieeexplore.ieee.org/abstract/document/7792228/","https://scholar.google.com/scholar?cites=8356322000516426775&as_sdt=2005&sciodt=2007&hl=en",242,"2025-12-14 08:01:17","","","","",,,,,101,11.22,51,2,9,"… Recently, algorithmic composition using artificial intelligence … treating the tracks of lead guitar, rhythm guitar, rock organ/piano, … The learning-based evaluation can build the evaluation …","http://mx.nthu.edu.tw/~ckting/pubs/tetci2017.pdf","https://scholar.google.com/scholar?q=related:FyyQ9ZWe93MJ:scholar.google.com/&scioq=guitar%7C%22electric+guitar%22+%22artificial+intelligence%22%7C%22machine+learning%22%7C%22deep+learning%22%7C%22audio+analysis%22+feedback%7C%22performance+analysis%22%7Cevaluation%7Cexpressivity&hl=en&as_sdt=2007"
16,"P Wang, D Peng, L Li, L Chen, C Wu, ...","Human-in-the-loop design with machine learning",2019,"Proceedings of the …","cambridge.org","https://www.cambridge.org/core/journals/proceedings-of-the-international-conference-on-engineering-design/article/humanintheloop-design-with-machine-learning/3A5B1A14E4F0701B3376F3C3AEB89D86","https://scholar.google.com/scholar?cites=10712449832794918157&as_sdt=2005&sciodt=2007&hl=en",243,"2025-12-14 08:01:17","","","","",,,,,16,2.67,3,6,6,"… A problem of this type of generative creativity is evaluation … The quantitative evaluation result is from the questionnaire … % watch images and 43% guitar images that have been selected …","https://www.cambridge.org/core/services/aop-cambridge-core/content/view/3A5B1A14E4F0701B3376F3C3AEB89D86/S2220434219002646a.pdf/div-class-title-human-in-the-loop-design-with-machine-learning-div.pdf","https://scholar.google.com/scholar?q=related:DQ3vrV1EqpQJ:scholar.google.com/&scioq=guitar%7C%22electric+guitar%22+%22artificial+intelligence%22%7C%22machine+learning%22%7C%22deep+learning%22%7C%22audio+analysis%22+feedback%7C%22performance+analysis%22%7Cevaluation%7Cexpressivity&hl=en&as_sdt=2007"
4,"Z Wang, J Ohya","Fingertips tracking algorithm for guitarist based on temporal grouping and pattern analysis",2016,"Asian Conference on Computer Vision","Springer","https://link.springer.com/chapter/10.1007/978-3-319-54526-4_16","https://scholar.google.com/scholar?cites=2537303098878764245&as_sdt=2005&sciodt=2007&hl=en",244,"2025-12-14 08:01:17","","10.1007/978-3-319-54526-4_16","","",,,,,4,0.44,2,2,9,"… fretboard of guitar neck. After inputting the tracked guitar neck result, first a machine learning-… In the future, First, machine-learning-based fingering evaluation system is very necessary. …","","https://scholar.google.com/scholar?q=related:1aQqqLlPNiMJ:scholar.google.com/&scioq=guitar%7C%22electric+guitar%22+%22artificial+intelligence%22%7C%22machine+learning%22%7C%22deep+learning%22%7C%22audio+analysis%22+feedback%7C%22performance+analysis%22%7Cevaluation%7Cexpressivity&hl=en&as_sdt=2007"
89,"L Mion, G De Poli","Score-independent audio features for description of music expression",2008,"IEEE Transactions on Audio, Speech, and …","ieeexplore.ieee.org","https://ieeexplore.ieee.org/abstract/document/4432649/","https://scholar.google.com/scholar?cites=12402387079178552159&as_sdt=2005&sciodt=2007&hl=en",245,"2025-12-14 08:01:17","","","","",,,,,89,5.24,45,2,17,"… In this paper, we employ machine learning … and guitar we found opposite results. This fact is the result of the introduction of additional features SR andRE thatarenonspecific for guitar (…","https://www.academia.edu/download/47457980/IEEE_Mion08.pdf","https://scholar.google.com/scholar?q=related:XwNVfVYhHqwJ:scholar.google.com/&scioq=guitar%7C%22electric+guitar%22+%22artificial+intelligence%22%7C%22machine+learning%22%7C%22deep+learning%22%7C%22audio+analysis%22+feedback%7C%22performance+analysis%22%7Cevaluation%7Cexpressivity&hl=en&as_sdt=2007"
11,"A Carson, A Wright, J Chowdhury, V Välimäki, ...","Sample rate independent recurrent neural networks for audio effects processing",2024,"arXiv preprint arXiv …","arxiv.org","https://arxiv.org/abs/2406.06293","https://scholar.google.com/scholar?cites=11589192386096610055&as_sdt=2005&sciodt=2007&hl=en",246,"2025-12-14 08:01:17","","","","",,,,,11,11.00,2,5,1,"… In recent years, machine learning approaches to modelling … model that is commonly applied to guitar amplifier modelling [8]… 5 evaluation is carried out on several neural network models …","https://arxiv.org/pdf/2406.06293","https://scholar.google.com/scholar?q=related:BzvzrhIV1aAJ:scholar.google.com/&scioq=guitar%7C%22electric+guitar%22+%22artificial+intelligence%22%7C%22machine+learning%22%7C%22deep+learning%22%7C%22audio+analysis%22+feedback%7C%22performance+analysis%22%7Cevaluation%7Cexpressivity&hl=en&as_sdt=2007"
17,"O Massi, AI Mezza, R Giampiccolo, ...","Deep learning-based wave digital modeling of rate-dependent hysteretic nonlinearities for virtual analog applications",2023,"EURASIP Journal on …","Springer","https://link.springer.com/article/10.1186/s13636-023-00277-8","https://scholar.google.com/scholar?cites=8657976017189788766&as_sdt=2005&sciodt=2007&hl=en",247,"2025-12-14 08:01:17","HTML","10.1186/s13636-023-00277-8","","",,,,,17,8.50,4,4,2,"… of the output stage of a vacuum-tube guitar amplifier featuring a nonlinear transformer. … wave mappings for static nonlinear components, deep learning methods capable of dealing with …","https://link.springer.com/article/10.1186/s13636-023-00277-8","https://scholar.google.com/scholar?q=related:Xtxy0lBPJ3gJ:scholar.google.com/&scioq=guitar%7C%22electric+guitar%22+%22artificial+intelligence%22%7C%22machine+learning%22%7C%22deep+learning%22%7C%22audio+analysis%22+feedback%7C%22performance+analysis%22%7Cevaluation%7Cexpressivity&hl=en&as_sdt=2007"
33,"M Majidi, RM Toroghi","A combination of multi-objective genetic algorithm and deep learning for music harmony generation",2023,"Multimedia tools and applications","Springer","https://link.springer.com/article/10.1007/s11042-022-13329-6","https://scholar.google.com/scholar?cites=11165790315704624522&as_sdt=2005&sciodt=2007&hl=en",248,"2025-12-14 08:01:17","","10.1007/s11042-022-13329-6","","",,,,,33,16.50,17,2,2,"… guitar music by minimizing hand and finger movements [33]. … the evaluation can be done in real-time and its feedback can … Using some of the deep learning methods such as LSTMs for …","https://arxiv.org/pdf/2102.07960","https://scholar.google.com/scholar?q=related:iiUSHCLb9JoJ:scholar.google.com/&scioq=guitar%7C%22electric+guitar%22+%22artificial+intelligence%22%7C%22machine+learning%22%7C%22deep+learning%22%7C%22audio+analysis%22+feedback%7C%22performance+analysis%22%7Cevaluation%7Cexpressivity&hl=en&as_sdt=2007"
5,"GD Burlet","Automatic guitar tablature transcription online",2013,"","search.proquest.com","https://search.proquest.com/openview/fab3624898343ce18740e36fc767fc32/1?pq-origsite=gscholar&cbl=18750&diss=y","https://scholar.google.com/scholar?cites=7536749209059542383&as_sdt=2005&sciodt=2007&hl=en",249,"2025-12-14 08:01:17","BOOK","","","",,,,,5,0.42,5,1,12,"… Retrieval and has provided invaluable advice and feedback over the course of this work. … of notes in a guitar recording, either by ear or with the aid of audio analysis tools such as …","https://escholarship.mcgill.ca/downloads/8g84mq89g","https://scholar.google.com/scholar?q=related:b0UzZ3npl2gJ:scholar.google.com/&scioq=guitar%7C%22electric+guitar%22+%22artificial+intelligence%22%7C%22machine+learning%22%7C%22deep+learning%22%7C%22audio+analysis%22+feedback%7C%22performance+analysis%22%7Cevaluation%7Cexpressivity&hl=en&as_sdt=2007"
36,"D MacConnell, S Trail, G Tzanetakis, ...","Reconfigurable autonomous novel guitar effects (range)",2013,"Proceedings of the …","researchgate.net","https://www.researchgate.net/profile/Shawn-Trail/publication/310644845_Reconfigurable_Autonomous_Novel_Guitar_Effects_RANGE/links/58348bcf08ae102f07395d69/Reconfigurable-Autonomous-Novel-Guitar-Effects-RANGE.pdf","https://scholar.google.com/scholar?cites=5280279191319155884&as_sdt=2005&sciodt=2007&hl=en",250,"2025-12-14 08:01:17","PDF","","","",,,,,36,3.00,9,4,12,"… The RANGE system was designed for use in performance contexts to allow guitar players more expressivity in controlling DSP effects than conventional pedal controllers provide. …","https://www.researchgate.net/profile/Shawn-Trail/publication/310644845_Reconfigurable_Autonomous_Novel_Guitar_Effects_RANGE/links/58348bcf08ae102f07395d69/Reconfigurable-Autonomous-Novel-Guitar-Effects-RANGE.pdf","https://scholar.google.com/scholar?q=related:rBR3yfJRR0kJ:scholar.google.com/&scioq=guitar%7C%22electric+guitar%22+%22artificial+intelligence%22%7C%22machine+learning%22%7C%22deep+learning%22%7C%22audio+analysis%22+feedback%7C%22performance+analysis%22%7Cevaluation%7Cexpressivity&hl=en&as_sdt=2007"
8,"E Cano, C Dittmar, J Abeßer, C Kehling, ...","Music technology and education",2018,"Springer Handbook of …","Springer","https://link.springer.com/chapter/10.1007/978-3-662-55004-5_41","https://scholar.google.com/scholar?cites=16526578697081709418&as_sdt=2005&sciodt=2007&hl=en",251,"2025-12-14 08:01:17","","10.1007/978-3-662-55004-5_41","","",,,,,8,1.14,2,5,7,"… guitar plucking style and guitar expression style detection tasks, F-measures of 0.93 and 0.83 were obtained respectively. For this evaluation, … in a guitar chord using audio analysis and …","","https://scholar.google.com/scholar?q=related:auMXcMMzWuUJ:scholar.google.com/&scioq=guitar%7C%22electric+guitar%22+%22artificial+intelligence%22%7C%22machine+learning%22%7C%22deep+learning%22%7C%22audio+analysis%22+feedback%7C%22performance+analysis%22%7Cevaluation%7Cexpressivity&hl=en&as_sdt=2007"
16,"N Klanjscek, L David, M Frank","Evaluation of an e-learning tool for augmented acoustics in music education",2021,"Music &Science","journals.sagepub.com","https://journals.sagepub.com/doi/abs/10.1177/20592043211037511","https://scholar.google.com/scholar?cites=9444082352328773712&as_sdt=2005&sciodt=2007&hl=en",252,"2025-12-14 08:01:17","","10.1177/20592043211037511","","",,,,,16,4.00,5,3,4,"… We obtained too little data from the clarinet and guitar class to investigate developments … The guitar class had some technical issues with the microphone that sometimes prevented …","https://journals.sagepub.com/doi/full/10.1177/20592043211037511","https://scholar.google.com/scholar?q=related:UJAX0NweEIMJ:scholar.google.com/&scioq=guitar%7C%22electric+guitar%22+%22artificial+intelligence%22%7C%22machine+learning%22%7C%22deep+learning%22%7C%22audio+analysis%22+feedback%7C%22performance+analysis%22%7Cevaluation%7Cexpressivity&hl=en&as_sdt=2007"
5,"M Zhu","Research on Chord Generation in Automated Music Composition Using Deep Learning Algorithms",2023,"Informatica","puffbird.ijs.si","https://puffbird.ijs.si/index.php/informatica/article/view/4885","https://scholar.google.com/scholar?cites=18011146350790857372&as_sdt=2005&sciodt=2007&hl=en",253,"2025-12-14 08:01:17","","","","",,,,,5,2.50,5,1,2,"… in the evaluation. Overall, … guitar music were collected for the experiment. To verify the effectiveness of the chord generation method designed in this paper, only the melody and guitar …","https://puffbird.ijs.si/index.php/informatica/article/download/4885/2442","https://scholar.google.com/scholar?q=related:nFJ2zC1y9PkJ:scholar.google.com/&scioq=guitar%7C%22electric+guitar%22+%22artificial+intelligence%22%7C%22machine+learning%22%7C%22deep+learning%22%7C%22audio+analysis%22+feedback%7C%22performance+analysis%22%7Cevaluation%7Cexpressivity&hl=en&as_sdt=2007"
16,"A Zlatintsi, PP Filntisis, C Garoufis, A Tsiami, ...","A web-based real-time kinect application for gestural interaction with virtual musical instruments",2018,"Proceedings of the …","dl.acm.org","https://dl.acm.org/doi/abs/10.1145/3243274.3243297","https://scholar.google.com/scholar?cites=1045917450889509177&as_sdt=2005&sciodt=2007&hl=en",254,"2025-12-14 08:01:17","","10.1145/3243274.3243297","","",,,,,16,2.29,3,5,7,"… the virtual performance of an air guitar and an upright bass, … computer vision and machine learning algorithms to estimate a … 4, we analyze the results of the qualitative human evaluation, …","https://www.researchgate.net/profile/Panagiotis-Filntisis/publication/330282771_A_Web-based_Real-Time_Kinect_Application_for_Gestural_Interaction_with_Virtual_Musical_Instruments/links/5d0e4965299bf1547c7697bd/A-Web-based-Real-Time-Kinect-Application-for-Gestural-Interaction-with-Virtual-Musical-Instruments.pdf","https://scholar.google.com/scholar?q=related:ObmmTGHYgw4J:scholar.google.com/&scioq=guitar%7C%22electric+guitar%22+%22artificial+intelligence%22%7C%22machine+learning%22%7C%22deep+learning%22%7C%22audio+analysis%22+feedback%7C%22performance+analysis%22%7Cevaluation%7Cexpressivity&hl=en&as_sdt=2007"
29,"M Comunità, CJ Steinmetz, H Phan, ...","Modelling black-box audio effects with time-varying feature modulation",2023,"ICASSP 2023-2023 …","ieeexplore.ieee.org","https://ieeexplore.ieee.org/abstract/document/10097173/","https://scholar.google.com/scholar?cites=13305102210207678317&as_sdt=2005&sciodt=2007&hl=en",255,"2025-12-14 08:01:17","","","","",,,,,29,14.50,7,4,2,"… Recently, deep learning approaches have seen success in … further extended to increase the expressivity of the network by … dataset of processed electric guitar signals using recordings …","https://arxiv.org/pdf/2211.00497","https://scholar.google.com/scholar?q=related:bX-xe_c3pbgJ:scholar.google.com/&scioq=guitar%7C%22electric+guitar%22+%22artificial+intelligence%22%7C%22machine+learning%22%7C%22deep+learning%22%7C%22audio+analysis%22+feedback%7C%22performance+analysis%22%7Cevaluation%7Cexpressivity&hl=en&as_sdt=2007"
4,"Y Matsunaga, N Aoki, Y Dobashi, ...","A digital modeling technique for distortion effect based on a machine learning approach",2018,"2018 Asia-Pacific …","ieeexplore.ieee.org","https://ieeexplore.ieee.org/abstract/document/8659547/","https://scholar.google.com/scholar?cites=14729427364728838862&as_sdt=2005&sciodt=2007&hl=en",256,"2025-12-14 08:01:17","","","","",,,,,4,0.57,1,4,7,"… As shown in Fig.3, the distortion stomp box is connected between a guitar and its amplifier. … the machine learning approach. To evaluate the proposed technique, an objective evaluation …","http://www.apsipa.org/proceedings/2018/pdfs/0001888.pdf","https://scholar.google.com/scholar?q=related:zpqU-yVwacwJ:scholar.google.com/&scioq=guitar%7C%22electric+guitar%22+%22artificial+intelligence%22%7C%22machine+learning%22%7C%22deep+learning%22%7C%22audio+analysis%22+feedback%7C%22performance+analysis%22%7Cevaluation%7Cexpressivity&hl=en&as_sdt=2007"
19,"T Takahashi, S Fukayama, M Goto","Instrudive: A Music Visualization System Based on Automatically Recognized Instrumentation.",2018,"ISMIR","","","https://scholar.google.com/scholar?cites=6208679562353846117&as_sdt=2005&sciodt=2007&hl=en",257,"2025-12-14 08:01:17","CITATION","","","",,,,,19,2.71,6,3,7,"","","https://scholar.google.com/scholar?q=related:ZSdUviqpKVYJ:scholar.google.com/&scioq=guitar%7C%22electric+guitar%22+%22artificial+intelligence%22%7C%22machine+learning%22%7C%22deep+learning%22%7C%22audio+analysis%22+feedback%7C%22performance+analysis%22%7Cevaluation%7Cexpressivity&hl=en&as_sdt=2007"
4,"R Shrestha","Chord classification of an audio signal using artificial neural network",2018,"International Research Journal of Engineering and …","academia.edu","https://www.academia.edu/download/57999769/IRJET-V5I11289.pdf","https://scholar.google.com/scholar?cites=594849053358512744&as_sdt=2005&sciodt=2007&hl=en",258,"2025-12-14 08:01:17","PDF","","","",,,,,4,0.57,4,1,7,"… Hence, this project proposes an effective machine learning … The evaluation was done via simulation in MATLAB. The … namely guitar for the time being and take a live recording of a guitar …","https://www.academia.edu/download/57999769/IRJET-V5I11289.pdf","https://scholar.google.com/scholar?q=related:aFpp-A9UQQgJ:scholar.google.com/&scioq=guitar%7C%22electric+guitar%22+%22artificial+intelligence%22%7C%22machine+learning%22%7C%22deep+learning%22%7C%22audio+analysis%22+feedback%7C%22performance+analysis%22%7Cevaluation%7Cexpressivity&hl=en&as_sdt=2007"
3,"M Müller, R Bittner, J Nam, M Krause, Y Özer","Deep learning and knowledge integration for music audio analysis (Dagstuhl Seminar 22082)",2022,"Dagstuhl Reports","drops.dagstuhl.de","https://drops.dagstuhl.de/entities/document/10.4230/DagRep.12.2.103","https://scholar.google.com/scholar?cites=10761483708985471219&as_sdt=2005&sciodt=2007&hl=en",259,"2025-12-14 08:01:17","","10.4230/DagRep.12.2.103","","",,,,,3,1.00,1,5,3,"… , lead sheet and guitar tabs). … evaluation of MIR systems. In particular, we discussed the gap between loss functions typically used for optimizing deep learning pipelines and evaluation …","https://drops.dagstuhl.de/storage/04dagstuhl-reports/volume12/issue02/22082/DagRep.12.2.103/DagRep.12.2.103.pdf","https://scholar.google.com/scholar?q=related:83A7omp4WJUJ:scholar.google.com/&scioq=guitar%7C%22electric+guitar%22+%22artificial+intelligence%22%7C%22machine+learning%22%7C%22deep+learning%22%7C%22audio+analysis%22+feedback%7C%22performance+analysis%22%7Cevaluation%7Cexpressivity&hl=en&as_sdt=2007"
18,"R Ajayakumar, R Rajan","Predominant instrument recognition in polyphonic music using gmm-dnn framework",2020,"2020 International Conference on …","ieeexplore.ieee.org","https://ieeexplore.ieee.org/abstract/document/9179626/","https://scholar.google.com/scholar?cites=18317968365783758041&as_sdt=2005&sciodt=2007&hl=en",260,"2025-12-14 08:01:17","","","","",,,,,18,3.60,9,2,5,"… From the table, we found that considerable confusion occurs for acoustic guitar and organ … the performance evaluation supports our claim that the architectural choice of deep learning …","https://ece.iisc.ac.in/~spcom/2020/CameraReadySubmissions/196/CameraReadySubmission/PID6496065.pdf","https://scholar.google.com/scholar?q=related:2TRiCS1_Nv4J:scholar.google.com/&scioq=guitar%7C%22electric+guitar%22+%22artificial+intelligence%22%7C%22machine+learning%22%7C%22deep+learning%22%7C%22audio+analysis%22+feedback%7C%22performance+analysis%22%7Cevaluation%7Cexpressivity&hl=en&as_sdt=2007"
50,"L Turchet, M Benincaso, C Fischione","Examples of use cases with smart instruments",2017,"Proceedings of the 12th …","dl.acm.org","https://dl.acm.org/doi/abs/10.1145/3123514.3123553","https://scholar.google.com/scholar?cites=13206106817405755832&as_sdt=2005&sciodt=2007&hl=en",261,"2025-12-14 08:01:17","","10.1145/3123514.3123553","","",,,,,50,6.25,17,3,8,"… well as an acoustic guitar augmented with actuators attached … for augmented guitar performances, targeting audio analysis, … On the other hand, the feedback from the audience could …","https://www.academia.edu/download/56005372/Examples_of_use_cases_with_Smart_Instruments.pdf","https://scholar.google.com/scholar?q=related:uKFVdS6ERbcJ:scholar.google.com/&scioq=guitar%7C%22electric+guitar%22+%22artificial+intelligence%22%7C%22machine+learning%22%7C%22deep+learning%22%7C%22audio+analysis%22+feedback%7C%22performance+analysis%22%7Cevaluation%7Cexpressivity&hl=en&as_sdt=2007"
34,"DR Tuohy, WD Potter","GA-based music arranging for guitar",2006,"2006 IEEE International Conference on …","ieeexplore.ieee.org","https://ieeexplore.ieee.org/abstract/document/1688427/","https://scholar.google.com/scholar?cites=414517523277073037&as_sdt=2005&sciodt=2007&hl=en",262,"2025-12-14 08:01:17","","","","",,,,,34,1.79,17,2,19,"… to guitar tablature and discuss TabGA, a genetic algorithm for creating guitar tablature which is vital to the evaluation … In section three we define the arrangement evaluation function, and …","https://www.researchgate.net/profile/Walter-Potter/publication/224645813_GA-based_Music_Arranging_for_Guitar/links/54c7bc960cf22d626a3700b1/GA-based-Music-Arranging-for-Guitar.pdf","https://scholar.google.com/scholar?q=related:jcoawH2pwAUJ:scholar.google.com/&scioq=guitar%7C%22electric+guitar%22+%22artificial+intelligence%22%7C%22machine+learning%22%7C%22deep+learning%22%7C%22audio+analysis%22+feedback%7C%22performance+analysis%22%7Cevaluation%7Cexpressivity&hl=en&as_sdt=2007"
8,"M Mansoori, R Murali","A systematic survey on music composition using artificial intelligence",2022,"2022 International Conference for …","ieeexplore.ieee.org","https://ieeexplore.ieee.org/abstract/document/9726088/","https://scholar.google.com/scholar?cites=2669578169447405300&as_sdt=2005&sciodt=2007&hl=en",263,"2025-12-14 08:01:17","","","","",,,,,8,2.67,4,2,3,"… artificial intelligence needs to be evaluated to understand how well the model is performing. The evaluation … , then the fitness function for a guitar could be associated with the ascending/…","","https://scholar.google.com/scholar?q=related:9NYMejM_DCUJ:scholar.google.com/&scioq=guitar%7C%22electric+guitar%22+%22artificial+intelligence%22%7C%22machine+learning%22%7C%22deep+learning%22%7C%22audio+analysis%22+feedback%7C%22performance+analysis%22%7Cevaluation%7Cexpressivity&hl=en&as_sdt=2007"
3,"M Rossi, G Iacca, L Turchet","Explainability and real-time in music information retrieval: Motivations and possible scenarios",2023,"2023 4th International …","ieeexplore.ieee.org","https://ieeexplore.ieee.org/abstract/document/10335217/","https://scholar.google.com/scholar?cites=4598077489446259749&as_sdt=2005&sciodt=2007&hl=en",264,"2025-12-14 08:01:17","","","","",,,,,3,1.50,1,3,2,"… of getting valuable real-time feedback on how to modify the song to … machine learning can be implemented in this process, we consider the execution of a solo with an electric guitar …","http://www.lucaturchet.it/PUBLIC_DOWNLOADS/publications/conferences/Explainability_and_Real-Time_in_Music_Information_Retrieval_Motivations_and_Possible_Scenarios.pdf","https://scholar.google.com/scholar?q=related:JQwqcB2nzz8J:scholar.google.com/&scioq=guitar%7C%22electric+guitar%22+%22artificial+intelligence%22%7C%22machine+learning%22%7C%22deep+learning%22%7C%22audio+analysis%22+feedback%7C%22performance+analysis%22%7Cevaluation%7Cexpressivity&hl=en&as_sdt=2007"
40,"M Sasaki, J Iversen, DE Callan","Music improvisation is characterized by increase EEG spectral power in prefrontal and perceptual motor cortical sources and can be reliably classified from …",2019,"Frontiers in Human Neuroscience","frontiersin.org","https://www.frontiersin.org/articles/10.3389/fnhum.2019.00435/full","https://scholar.google.com/scholar?cites=16833852116316763905&as_sdt=2005&sciodt=2007&hl=en",265,"2025-12-14 08:01:17","HTML","10.3389/fnhum.2019.00435","","",,,,,40,6.67,13,3,6,"… The guitar used in this study was the ST62US made by Fender … no subjective evaluation. Analyses requiring subjective … features and a conventional machine learning method (logistic …","https://www.frontiersin.org/articles/10.3389/fnhum.2019.00435/full","https://scholar.google.com/scholar?q=related:AbeEak_bnekJ:scholar.google.com/&scioq=guitar%7C%22electric+guitar%22+%22artificial+intelligence%22%7C%22machine+learning%22%7C%22deep+learning%22%7C%22audio+analysis%22+feedback%7C%22performance+analysis%22%7Cevaluation%7Cexpressivity&hl=en&as_sdt=2007"
5,"J Holfelt, G Csapo, NS Andersson, S Zabetian, ...","Extraction, mapping, and evaluation of expressive acoustic features for adaptive digital audio effects",2017,"14th Sound and Music …","vbn.aau.dk","https://vbn.aau.dk/en/publications/extraction-mapping-and-evaluation-of-expressive-acoustic-features","https://scholar.google.com/scholar?cites=6942200943845669424&as_sdt=2005&sciodt=2007&hl=en",266,"2025-12-14 08:01:17","","","","",,,,,5,0.63,1,5,8,"… While adaptive effects can be applied and used for many different purposes, this paper will focus on its use with electric guitar playing. Expression plays a crucial role in musical …","https://www.academia.edu/download/78524558/SMC17_p328.pdf","https://scholar.google.com/scholar?q=related:MHpNIfqmV2AJ:scholar.google.com/&scioq=guitar%7C%22electric+guitar%22+%22artificial+intelligence%22%7C%22machine+learning%22%7C%22deep+learning%22%7C%22audio+analysis%22+feedback%7C%22performance+analysis%22%7Cevaluation%7Cexpressivity&hl=en&as_sdt=2007"
7,"BU Maheswari, S Valli","Survey on Graphical User Interface and Machine Learning Based Testing Techniques",2014,"… Intelligence","Asian Network for Scientific …","","https://scholar.google.com/scholar?cites=11813254000082396315&as_sdt=2005&sciodt=2007&hl=en",267,"2025-12-14 08:01:17","CITATION","","","",,,,,7,0.64,4,2,11,"","","https://scholar.google.com/scholar?q=related:m6RffOwb8aMJ:scholar.google.com/&scioq=guitar%7C%22electric+guitar%22+%22artificial+intelligence%22%7C%22machine+learning%22%7C%22deep+learning%22%7C%22audio+analysis%22+feedback%7C%22performance+analysis%22%7Cevaluation%7Cexpressivity&hl=en&as_sdt=2007"
46,"J Karlsson, S Liljeström, PN Juslin","Teaching musical expression: effects of production and delivery of feedback by teacher vs. computer on rated feedback quality",2009,"Music education research","Taylor &Francis","https://www.tandfonline.com/doi/abs/10.1080/14613800902924532","https://scholar.google.com/scholar?cites=14261138127446009782&as_sdt=2005&sciodt=2007&hl=en",268,"2025-12-14 08:01:17","","10.1080/14613800902924532","","",,,,,46,2.88,15,3,16,"… for them to maintain a convincing act in case something unexpected should happen during the feedback session, we recruited four colleagues with experience of playing the guitar. …","https://www.diva-portal.org/smash/record.jsf?pid=diva2:171408","https://scholar.google.com/scholar?q=related:tucyc5G96cUJ:scholar.google.com/&scioq=guitar%7C%22electric+guitar%22+%22artificial+intelligence%22%7C%22machine+learning%22%7C%22deep+learning%22%7C%22audio+analysis%22+feedback%7C%22performance+analysis%22%7Cevaluation%7Cexpressivity&hl=en&as_sdt=2007"
14,"G Friedland, R Jia, J Wang, B Li, ...","On the impact of perceptual compression on deep learning",2020,"2020 IEEE Conference …","ieeexplore.ieee.org","https://ieeexplore.ieee.org/abstract/document/9175429/","https://scholar.google.com/scholar?cites=11802761860538758407&as_sdt=2005&sciodt=2007&hl=en",269,"2025-12-14 08:01:17","","","","",,,,,14,2.80,3,5,5,"… evaluation and data set creation: Do artifacts from perceptual compression contribute to error in the machine learning … effects in recordings of electric guitar and bass and related signal …","https://www.cs.toronto.edu/~wangjk/source/mipr2020.pdf","https://scholar.google.com/scholar?q=related:B_Xw4WDVy6MJ:scholar.google.com/&scioq=guitar%7C%22electric+guitar%22+%22artificial+intelligence%22%7C%22machine+learning%22%7C%22deep+learning%22%7C%22audio+analysis%22+feedback%7C%22performance+analysis%22%7Cevaluation%7Cexpressivity&hl=en&as_sdt=2007"
41,"CY Lu, MX Xue, CC Chang, CR Lee, L Su","Play as you like: Timbre-enhanced multi-modal music style transfer",2019,"… on artificial intelligence","aaai.org","https://aaai.org/ojs/index.php/AAAI/article/view/3897","https://scholar.google.com/scholar?cites=2037607011009716217&as_sdt=2005&sciodt=2007&hl=en",270,"2025-12-14 08:01:17","","","","",,,,,41,6.83,8,5,6,"… However, when we transfer a piano solo piece into guitar solo, we often expect the outcome of the guitar … See the supplementary material for details about the details of evaluation. Task …","https://aaai.org/ojs/index.php/AAAI/article/view/3897/3775","https://scholar.google.com/scholar?q=related:-V8U48cIRxwJ:scholar.google.com/&scioq=guitar%7C%22electric+guitar%22+%22artificial+intelligence%22%7C%22machine+learning%22%7C%22deep+learning%22%7C%22audio+analysis%22+feedback%7C%22performance+analysis%22%7Cevaluation%7Cexpressivity&hl=en&as_sdt=2007"
232,"J Li, F Schmidt, Z Kolter","Adversarial camera stickers: A physical camera-based attack on deep learning systems",2019,"… conference on machine learning","proceedings.mlr.press","http://proceedings.mlr.press/v97/li19j.html","https://scholar.google.com/scholar?cites=8454184380086098103&as_sdt=2005&sciodt=2007&hl=en",271,"2025-12-14 08:01:17","","","","",,,,,232,38.67,77,3,6,"… Recent work has documented the susceptibility of deep learning systems to adversarial examples, … machine learning. Our demo video can be viewed at: https://youtu. be/wUVmL33Fx54 …","http://proceedings.mlr.press/v97/li19j/li19j.pdf","https://scholar.google.com/scholar?q=related:txiwyOZLU3UJ:scholar.google.com/&scioq=guitar%7C%22electric+guitar%22+%22artificial+intelligence%22%7C%22machine+learning%22%7C%22deep+learning%22%7C%22audio+analysis%22+feedback%7C%22performance+analysis%22%7Cevaluation%7Cexpressivity&hl=en&as_sdt=2007"
6,"P Anghelescu, S Angelescu, ...","Real-time audio effects with DSP algorithms and DirectSound",2014,"… and Artificial Intelligence …","ieeexplore.ieee.org","https://ieeexplore.ieee.org/abstract/document/7090207/","https://scholar.google.com/scholar?cites=2367360517574053029&as_sdt=2005&sciodt=2007&hl=en",272,"2025-12-14 08:01:17","","","","",,,,,6,0.55,2,3,11,"… This is because the delay of the original signal will be written with feedback to the delay line … We manage to test the application using an acoustic guitar from which the sound was …","","https://scholar.google.com/scholar?q=related:pUxJEdmN2iAJ:scholar.google.com/&scioq=guitar%7C%22electric+guitar%22+%22artificial+intelligence%22%7C%22machine+learning%22%7C%22deep+learning%22%7C%22audio+analysis%22+feedback%7C%22performance+analysis%22%7Cevaluation%7Cexpressivity&hl=en&as_sdt=2007"
97,"E Deruty, M Grachten, S Lattner, ...","On the development and practice of ai technology for contemporary popular music production",2022,"Transactions of the …","transactions.ismir.net","https://transactions.ismir.net/articles/10.5334/tismir.100?_rsc=169o1","https://scholar.google.com/scholar?cites=17708469209346301000&as_sdt=2005&sciodt=2007&hl=en",273,"2025-12-14 08:01:17","HTML","10.5334/tismir.100","","",,,,,97,32.33,24,4,3,"… was trained on bass guitar tracks, and LeadNet was trained on vocal and lead guitar tracks. … technology in addition to standard machine learning evaluation criteria such as prediction …","https://transactions.ismir.net/articles/10.5334/tismir.100?_rsc=169o1","https://scholar.google.com/scholar?q=related:SFwHI-wewfUJ:scholar.google.com/&scioq=guitar%7C%22electric+guitar%22+%22artificial+intelligence%22%7C%22machine+learning%22%7C%22deep+learning%22%7C%22audio+analysis%22+feedback%7C%22performance+analysis%22%7Cevaluation%7Cexpressivity&hl=en&as_sdt=2007"
3,"M Rau, JO Smith, JS Abel","A comparison of modal parameter extraction methods when applied to measurements of stringed instruments",2023,"measurements","dael.euracoustics.org","https://dael.euracoustics.org/confs/fa2023/data/articles/000418.pdf","https://scholar.google.com/scholar?cites=6164108696816301208&as_sdt=2005&sciodt=2007&hl=en",274,"2025-12-14 08:01:17","PDF","","","",,,,,3,1.50,1,3,2,"… instrument, such as a marimba bar, guitar, or violin, we can assume … Section 4 describes the evaluation criteria used and … a training/test set for this machine learning approach. Hopefully, …","https://dael.euracoustics.org/confs/fa2023/data/articles/000418.pdf","https://scholar.google.com/scholar?q=related:mLShbjNQi1UJ:scholar.google.com/&scioq=guitar%7C%22electric+guitar%22+%22artificial+intelligence%22%7C%22machine+learning%22%7C%22deep+learning%22%7C%22audio+analysis%22+feedback%7C%22performance+analysis%22%7Cevaluation%7Cexpressivity&hl=en&as_sdt=2007"
76,"R Taori, T Hashimoto","Data feedback loops: Model-driven amplification of dataset biases",2023,"… Conference on Machine Learning","proceedings.mlr.press","http://proceedings.mlr.press/v202/taori23a.html","https://scholar.google.com/scholar?cites=15128171177400824841&as_sdt=2005&sciodt=2007&hl=en",275,"2025-12-14 08:01:17","","","","",,,,,76,38.00,38,2,2,"… In this work, we define the data feedback setting and carefully … In this case, we show the feedback dynamics are stable and … Next, we show that data feedback can significantly amplify …","https://proceedings.mlr.press/v202/taori23a/taori23a.pdf","https://scholar.google.com/scholar?q=related:CXRHiogP8tEJ:scholar.google.com/&scioq=guitar%7C%22electric+guitar%22+%22artificial+intelligence%22%7C%22machine+learning%22%7C%22deep+learning%22%7C%22audio+analysis%22+feedback%7C%22performance+analysis%22%7Cevaluation%7Cexpressivity&hl=en&as_sdt=2007"
38,"A Kapur","Digitizing North Indian music: preservation and extension using multimodal sensor systems, machine learning and robotics",2007,"","dspace.library.uvic.ca","https://dspace.library.uvic.ca/bitstream/1828/202/1/Kapur_phD_final.pdf","https://scholar.google.com/scholar?cites=10358848825444209010&as_sdt=2005&sciodt=2007&hl=en",276,"2025-12-14 08:01:17","PDF","","","",,,,,38,2.11,38,1,18,"This dissertation describes how state of the art computer music technology can be used to digitize, analyze, preserve and extend North Indian classical music performance. Custom built …","https://dspace.library.uvic.ca/bitstream/1828/202/1/Kapur_phD_final.pdf","https://scholar.google.com/scholar?q=related:chGTih8Gwo8J:scholar.google.com/&scioq=guitar%7C%22electric+guitar%22+%22artificial+intelligence%22%7C%22machine+learning%22%7C%22deep+learning%22%7C%22audio+analysis%22+feedback%7C%22performance+analysis%22%7Cevaluation%7Cexpressivity&hl=en&as_sdt=2007"
52,"Z Cai","Usage of deep learning and blockchain in compilation and copyright protection of digital music",2020,"Ieee Access","ieeexplore.ieee.org","https://ieeexplore.ieee.org/abstract/document/9186017/","https://scholar.google.com/scholar?cites=11748734887188340044&as_sdt=2005&sciodt=2007&hl=en",277,"2025-12-14 08:01:17","","","","",,,,,52,10.40,52,1,5,"… artificial intelligence technology and deep learning algorithms to re-synthesize the trajectories of guitar … the algorithm finally obtained an excellent supervisor evaluation score [16]. Briot …","https://ieeexplore.ieee.org/iel7/6287639/6514899/09186017.pdf","https://scholar.google.com/scholar?q=related:TJ0Z5yHkC6MJ:scholar.google.com/&scioq=guitar%7C%22electric+guitar%22+%22artificial+intelligence%22%7C%22machine+learning%22%7C%22deep+learning%22%7C%22audio+analysis%22+feedback%7C%22performance+analysis%22%7Cevaluation%7Cexpressivity&hl=en&as_sdt=2007"
52,"R Yuan, Y Ma, Y Li, G Zhang, X Chen, ...","Marble: Music audio representation benchmark for universal evaluation",2023,"Advances in …","proceedings.neurips.cc","https://proceedings.neurips.cc/paper_files/paper/2023/hash/7cbeec46f979618beafb4f46d8f39f36-Abstract-Datasets_and_Benchmarks.html","https://scholar.google.com/scholar?cites=9647000426883667434&as_sdt=2005&sciodt=2007&hl=en",278,"2025-12-14 08:01:17","","","","",,,,,52,26.00,9,6,2,"… In the era of extensive intersection between art and Artificial Intelligence (AI), such as image generation and fiction co-creation, AI for music remains relatively nascent, particularly in …","https://proceedings.neurips.cc/paper_files/paper/2023/file/7cbeec46f979618beafb4f46d8f39f36-Paper-Datasets_and_Benchmarks.pdf","https://scholar.google.com/scholar?q=related:6lVxuMYH4YUJ:scholar.google.com/&scioq=guitar%7C%22electric+guitar%22+%22artificial+intelligence%22%7C%22machine+learning%22%7C%22deep+learning%22%7C%22audio+analysis%22+feedback%7C%22performance+analysis%22%7Cevaluation%7Cexpressivity&hl=en&as_sdt=2007"
67,"BL Sturm, O Ben-Tal","Taking the models back to music practice: Evaluating generative transcription models built using deep learning",2017,"Journal of Creative Music Systems","search.informit.org","https://search.informit.org/doi/abs/10.3316/informit.668724410302126","https://scholar.google.com/scholar?cites=16125632340335628597&as_sdt=2005&sciodt=2007&hl=en",279,"2025-12-14 08:01:17","","10.3316/informit.668724410302126","","",,,,,67,8.38,34,2,8,"… We extend our evaluation of generative models of music transcriptions that were first … approaches to evaluating the application of machine learning methods to modelling and making …","https://search.informit.org/doi/pdf/10.3316/informit.668724410302126","https://scholar.google.com/scholar?q=related:NZFBIC3Byd8J:scholar.google.com/&scioq=guitar%7C%22electric+guitar%22+%22artificial+intelligence%22%7C%22machine+learning%22%7C%22deep+learning%22%7C%22audio+analysis%22+feedback%7C%22performance+analysis%22%7Cevaluation%7Cexpressivity&hl=en&as_sdt=2007"
8,"H Tang, Y Gu, X Yang","Music generation with ai technology: Is it possible?",2022,"2022 IEEE 5th International …","ieeexplore.ieee.org","https://ieeexplore.ieee.org/abstract/document/9824149/","https://scholar.google.com/scholar?cites=114217078204014002&as_sdt=2005&sciodt=2007&hl=en",280,"2025-12-14 08:01:17","","","","",,,,,8,2.67,3,3,3,"… application scenarios and model evaluation methods. The … Therefore, we will then introduce two deep learning models, … such as drums, bass, guitar, orchestra and piano. This model is …","","https://scholar.google.com/scholar?q=related:sh2i1dPHlQEJ:scholar.google.com/&scioq=guitar%7C%22electric+guitar%22+%22artificial+intelligence%22%7C%22machine+learning%22%7C%22deep+learning%22%7C%22audio+analysis%22+feedback%7C%22performance+analysis%22%7Cevaluation%7Cexpressivity&hl=en&as_sdt=2007"
23,"DM Chandwadkar, MS Sutaone","Role of features and classifiers on accuracy of identification of musical instruments",2012,"2012 2nd National …","ieeexplore.ieee.org","https://ieeexplore.ieee.org/abstract/document/6189710/","https://scholar.google.com/scholar?cites=7209745551334490572&as_sdt=2005&sciodt=2007&hl=en",281,"2025-12-14 08:01:17","","","","",,,,,23,1.77,12,2,13,"… Piano, flute, trumpet, guitar, xylophone and violin are … for instrument classification using machine learning techniques. All … Cross-validation (CV) is a standard evaluation technique in …","","https://scholar.google.com/scholar?q=related:zME-TGEpDmQJ:scholar.google.com/&scioq=guitar%7C%22electric+guitar%22+%22artificial+intelligence%22%7C%22machine+learning%22%7C%22deep+learning%22%7C%22audio+analysis%22+feedback%7C%22performance+analysis%22%7Cevaluation%7Cexpressivity&hl=en&as_sdt=2007"
3,"M Docevski, E Zdravevski, P Lameski, ...","Towards music generation with deep learning algorithms",2018,"CiiT 2018-15th …","researchgate.net","https://www.researchgate.net/profile/Eftim-Zdravevski/publication/327765449_Towards_Music_Generation_With_Deep_Learning_Algorithms/links/5ba359c592851ca9ed1771d2/Towards-Music-Generation-With-Deep-Learning-Algorithms.pdf","https://scholar.google.com/scholar?cites=9786230465129468627&as_sdt=2005&sciodt=2007&hl=en",282,"2025-12-14 08:01:17","PDF","","","",,,,,3,0.43,1,4,7,"… evaluation of the final results, but also limits the selection and training of deep learning … We created a dataset out of MIDI music files of classical guitar music, scraped from http://…","https://www.researchgate.net/profile/Eftim-Zdravevski/publication/327765449_Towards_Music_Generation_With_Deep_Learning_Algorithms/links/5ba359c592851ca9ed1771d2/Towards-Music-Generation-With-Deep-Learning-Algorithms.pdf","https://scholar.google.com/scholar?q=related:09IlJMKsz4cJ:scholar.google.com/&scioq=guitar%7C%22electric+guitar%22+%22artificial+intelligence%22%7C%22machine+learning%22%7C%22deep+learning%22%7C%22audio+analysis%22+feedback%7C%22performance+analysis%22%7Cevaluation%7Cexpressivity&hl=en&as_sdt=2007"
10,"A Beacco, J Gallego, M Slater","3D objects reconstruction from frontal images: an example with guitars",2023,"The Visual Computer","Springer","https://link.springer.com/article/10.1007/s00371-022-02669-x","https://scholar.google.com/scholar?cites=17800068677131805187&as_sdt=2005&sciodt=2007&hl=en",283,"2025-12-14 08:01:17","HTML","10.1007/s00371-022-02669-x","","",,,,,10,5.00,3,3,2,"… and allow existing deep learning architectures developed for … of guitar we are dealing with: a classical Spanish guitar or an … much larger distance between the surfaces in our evaluation. …","https://link.springer.com/article/10.1007/s00371-022-02669-x","https://scholar.google.com/scholar?q=related:A6L_LSeMBvcJ:scholar.google.com/&scioq=guitar%7C%22electric+guitar%22+%22artificial+intelligence%22%7C%22machine+learning%22%7C%22deep+learning%22%7C%22audio+analysis%22+feedback%7C%22performance+analysis%22%7Cevaluation%7Cexpressivity&hl=en&as_sdt=2007"
18,"A Carson, C Valentini-Botinhao, S King, ...","Differentiable grey-box modelling of phaser effects using frame-based spectral processing",2023,"arXiv preprint arXiv …","arxiv.org","https://arxiv.org/abs/2306.01332","https://scholar.google.com/scholar?cites=15463405276245943927&as_sdt=2005&sciodt=2007&hl=en",284,"2025-12-14 08:01:17","","","","",,,,,18,9.00,5,4,2,"… -invariant effects such as guitar amplifiers and distortion pedals. … be embedded in a machine learning framework to emulate … 1.5% without feedback and 10% with feedback. This result is …","https://arxiv.org/pdf/2306.01332","https://scholar.google.com/scholar?q=related:d2aKjCsNmdYJ:scholar.google.com/&scioq=guitar%7C%22electric+guitar%22+%22artificial+intelligence%22%7C%22machine+learning%22%7C%22deep+learning%22%7C%22audio+analysis%22+feedback%7C%22performance+analysis%22%7Cevaluation%7Cexpressivity&hl=en&as_sdt=2007"
4,"Y Liu, Y Yin, Q Zhu, W Cui","Musical instrument recognition by XGBoost combining feature fusion",2022,"arXiv preprint arXiv:2206.00901","arxiv.org","https://arxiv.org/abs/2206.00901","https://scholar.google.com/scholar?cites=10248758076667720372&as_sdt=2005&sciodt=2007&hl=en",285,"2025-12-14 08:01:17","","","","",,,,,4,1.33,1,4,3,"… Figure 3 uses the distorted electric guitar and the saxophone … and the different nonlinear feedback caused by different … We also compare multiple machine learning classification …","https://arxiv.org/pdf/2206.00901","https://scholar.google.com/scholar?q=related:tPKxpCvnOo4J:scholar.google.com/&scioq=guitar%7C%22electric+guitar%22+%22artificial+intelligence%22%7C%22machine+learning%22%7C%22deep+learning%22%7C%22audio+analysis%22+feedback%7C%22performance+analysis%22%7Cevaluation%7Cexpressivity&hl=en&as_sdt=2007"
5,"J Hu, Z Ge, X Wang","The Psychological Education Strategy of Music Generation and Creation by Generative Confrontation Network under Deep Learning",2022,"Computational Intelligence and …","Wiley Online Library","https://onlinelibrary.wiley.com/doi/abs/10.1155/2022/3847415","https://scholar.google.com/scholar?cites=12374800402613490584&as_sdt=2005&sciodt=2007&hl=en",286,"2025-12-14 08:01:17","Retracted","10.1155/2022/3847415","","",,,,,5,1.67,2,3,3,"… A music evaluation method based on subjective evaluation … music samples in the bass and guitar tracks without notes. Based … In the UPC evaluation data, except for the piano track, the …","https://onlinelibrary.wiley.com/doi/pdf/10.1155/2022/3847415","https://scholar.google.com/scholar?q=related:mFMj1GYfvKsJ:scholar.google.com/&scioq=guitar%7C%22electric+guitar%22+%22artificial+intelligence%22%7C%22machine+learning%22%7C%22deep+learning%22%7C%22audio+analysis%22+feedback%7C%22performance+analysis%22%7Cevaluation%7Cexpressivity&hl=en&as_sdt=2007"
500,"JP Briot, G Hadjeres, FD Pachet","Deep learning techniques for music generation--a survey",2017,"arXiv preprint arXiv:1709.01620","arxiv.org","https://arxiv.org/abs/1709.01620","https://scholar.google.com/scholar?cites=14347316304241220072&as_sdt=2005&sciodt=2007&hl=en",287,"2025-12-14 08:01:17","","","","",,,,,500,62.50,167,3,8,"… Therefore, we encourage readers and colleagues to provide any feedback and … specific to guitar or string instruments is a tablature, in which the six lines represent the chords of a guitar (…","https://arxiv.org/pdf/1709.01620","https://scholar.google.com/scholar?q=related:6Nl30inoG8cJ:scholar.google.com/&scioq=guitar%7C%22electric+guitar%22+%22artificial+intelligence%22%7C%22machine+learning%22%7C%22deep+learning%22%7C%22audio+analysis%22+feedback%7C%22performance+analysis%22%7Cevaluation%7Cexpressivity&hl=en&as_sdt=2007"
9,"P Patel, S Shah, S Prasad, A Gada, K Bhowmick, ...","Audio separation and classification of Indian classical instruments",2024,"… of Artificial Intelligence","Elsevier","https://www.sciencedirect.com/science/article/pii/S0952197624007401","https://scholar.google.com/scholar?cites=15038067226320900233&as_sdt=2005&sciodt=2007&hl=en",288,"2025-12-14 08:01:17","","","","",,,,,9,9.00,2,6,1,"Audio classification and source separation are two important components in the music industry and for audio engineering as well. The Indian classical music industry is filled with a lot of …","","https://scholar.google.com/scholar?q=related:iRBNnXfysdAJ:scholar.google.com/&scioq=guitar%7C%22electric+guitar%22+%22artificial+intelligence%22%7C%22machine+learning%22%7C%22deep+learning%22%7C%22audio+analysis%22+feedback%7C%22performance+analysis%22%7Cevaluation%7Cexpressivity&hl=en&as_sdt=2007"
7,"GAVM Giri, ML Radhitya","Musical instrument classification using audio features and convolutional neural network",2024,"Journal of Applied Informatics and …","jurnal.polibatam.ac.id","https://jurnal.polibatam.ac.id/index.php/JAIC/article/view/8058","https://scholar.google.com/scholar?cites=5668281215872726282&as_sdt=2005&sciodt=2007&hl=en",289,"2025-12-14 08:01:17","","","","",,,,,7,7.00,4,2,1,"… Machine learning and deep learning models have been … The model accurately classified 51 instances of Guitar … Based on the performance of different configurations, an evaluation was …","https://jurnal.polibatam.ac.id/index.php/JAIC/article/download/8058/2375","https://scholar.google.com/scholar?q=related:CvUc57vHqU4J:scholar.google.com/&scioq=guitar%7C%22electric+guitar%22+%22artificial+intelligence%22%7C%22machine+learning%22%7C%22deep+learning%22%7C%22audio+analysis%22+feedback%7C%22performance+analysis%22%7Cevaluation%7Cexpressivity&hl=en&as_sdt=2007"
1272,"A Das, P Rad","Opportunities and challenges in explainable artificial intelligence (xai): A survey",2020,"arXiv preprint arXiv:2006.11371","arxiv.org","https://arxiv.org/abs/2006.11371","https://scholar.google.com/scholar?cites=16945998805068988708&as_sdt=2005&sciodt=2007&hl=en",290,"2025-12-14 08:01:17","","","","",,,,,1272,254.40,636,2,5,"… the current XAI landscape in deep learning, this paper provides … , and self-explanatory deep learning models. We then describe the … After describing the evaluation methods and software …","https://arxiv.org/pdf/2006.11371","https://scholar.google.com/scholar?q=related:JMFUJCFILOsJ:scholar.google.com/&scioq=guitar%7C%22electric+guitar%22+%22artificial+intelligence%22%7C%22machine+learning%22%7C%22deep+learning%22%7C%22audio+analysis%22+feedback%7C%22performance+analysis%22%7Cevaluation%7Cexpressivity&hl=en&as_sdt=2007"
10,"A Tanaka, F Visi, BD Donato, M Klang, ...","An end-to-end musical instrument system that translates electromyogram biosignals to synthesized sound",2023,"Computer Music …","direct.mit.edu","https://direct.mit.edu/comj/article/47/1/64/120561","https://scholar.google.com/scholar?cites=13430444801691382933&as_sdt=2005&sciodt=2007&hl=en",291,"2025-12-14 08:01:17","HTML","","","",,,,,10,5.00,2,5,2,"… in a range of modular synthesizers and guitar effects pedals, as the … We adopt an interactive machine learning (IML) workflow (… training data in response to user feedback. We refer to this …","https://direct.mit.edu/comj/article/47/1/64/120561","https://scholar.google.com/scholar?q=related:lXROvGOGYroJ:scholar.google.com/&scioq=guitar%7C%22electric+guitar%22+%22artificial+intelligence%22%7C%22machine+learning%22%7C%22deep+learning%22%7C%22audio+analysis%22+feedback%7C%22performance+analysis%22%7Cevaluation%7Cexpressivity&hl=en&as_sdt=2007"
187,"S Audry","Art in the age of machine learning",2021,"","books.google.com","https://books.google.com/books?hl=en&lr=&id=TjYXEAAAQBAJ&oi=fnd&pg=PA1&dq=guitar%7C%22electric+guitar%22+%22artificial+intelligence%22%7C%22machine+learning%22%7C%22deep+learning%22%7C%22audio+analysis%22+feedback%7C%22performance+analysis%22%7Cevaluation%7Cexpressivity&ots=5VuDcrAjzT&sig=B4IwsecKhfa0_7v5v_h4qve51e4","https://scholar.google.com/scholar?cites=9033172334081797352&as_sdt=2005&sciodt=2007&hl=en",292,"2025-12-14 08:01:17","BOOK","","","",,,,,187,46.75,187,1,4,"… The vibrations of the E string feed through the guitar pickup … than the E net, and the guitar-bot nonchalantly pinches the … ize machine learning systems: training process and evaluation …","","https://scholar.google.com/scholar?q=related:6OzUx2BGXH0J:scholar.google.com/&scioq=guitar%7C%22electric+guitar%22+%22artificial+intelligence%22%7C%22machine+learning%22%7C%22deep+learning%22%7C%22audio+analysis%22+feedback%7C%22performance+analysis%22%7Cevaluation%7Cexpressivity&hl=en&as_sdt=2007"
22,"DM Chandwadkar, MS Sutaone","Selecting proper features and classifiers for accurate identification of musical instruments",2013,"","researchgate.net","https://www.researchgate.net/profile/Dinesh-Chandwadkar/publication/291219724_Selecting_Proper_Features_and_Classifiers_for_Accurate_Identification_of_Musical_Instruments/links/5cd109ca458515712e975467/Selecting-Proper-Features-and-Classifiers-for-Accurate-Identification-of-Musical-Instruments.pdf","https://scholar.google.com/scholar?cites=7502048958121535328&as_sdt=2005&sciodt=2007&hl=en",293,"2025-12-14 08:01:17","PDF","","","",,,,,22,1.83,11,2,12,"… using machine learning techniques is considered. Four instruments: piano, acoustic guitar, … Cross-validation (CV) is a standard evaluation technique in pattern classification, in which …","https://www.researchgate.net/profile/Dinesh-Chandwadkar/publication/291219724_Selecting_Proper_Features_and_Classifiers_for_Accurate_Identification_of_Musical_Instruments/links/5cd109ca458515712e975467/Selecting-Proper-Features-and-Classifiers-for-Accurate-Identification-of-Musical-Instruments.pdf","https://scholar.google.com/scholar?q=related:YGdspMehHGgJ:scholar.google.com/&scioq=guitar%7C%22electric+guitar%22+%22artificial+intelligence%22%7C%22machine+learning%22%7C%22deep+learning%22%7C%22audio+analysis%22+feedback%7C%22performance+analysis%22%7Cevaluation%7Cexpressivity&hl=en&as_sdt=2007"
5,"C Hernandez-Olivan, JR Beltran","Timbre classification of musical instruments with a deep learning multi-head attention-based model",2021,"arXiv preprint arXiv:2107.06231","arxiv.org","https://arxiv.org/abs/2107.06231","https://scholar.google.com/scholar?cites=6050036637248823471&as_sdt=2005&sciodt=2007&hl=en",294,"2025-12-14 08:01:17","","","","",,,,,5,1.25,3,2,4,"The aim of this work is to define a model based on deep learning that is able to identify different instrument timbres with as few parameters as possible. For this purpose, we have …","https://arxiv.org/pdf/2107.06231","https://scholar.google.com/scholar?q=related:r6BQYUQM9lMJ:scholar.google.com/&scioq=guitar%7C%22electric+guitar%22+%22artificial+intelligence%22%7C%22machine+learning%22%7C%22deep+learning%22%7C%22audio+analysis%22+feedback%7C%22performance+analysis%22%7Cevaluation%7Cexpressivity&hl=en&as_sdt=2007"
24,"SY Yuan","Application and study of musical artificial intelligence in music education field",2020,"Journal of physics: Conference series","iopscience.iop.org","https://iopscience.iop.org/article/10.1088/1742-6596/1533/3/032033/meta","https://scholar.google.com/scholar?cites=113484343263729190&as_sdt=2005&sciodt=2007&hl=en",295,"2025-12-14 08:01:17","","10.1088/1742-6596/1533/3/032033","","",,,,,24,4.80,24,1,5,"… different evaluation … guitar system designed and invented by students of the Department of Computer Science of the Engineering University of Helsinki, Finland-simulates playing guitar …","https://iopscience.iop.org/article/10.1088/1742-6596/1533/3/032033/pdf","https://scholar.google.com/scholar?q=related:JpbNr2gtkwEJ:scholar.google.com/&scioq=guitar%7C%22electric+guitar%22+%22artificial+intelligence%22%7C%22machine+learning%22%7C%22deep+learning%22%7C%22audio+analysis%22+feedback%7C%22performance+analysis%22%7Cevaluation%7Cexpressivity&hl=en&as_sdt=2007"
88,"P Zinemanas, M Rocamora, M Miron, F Font, X Serra","An interpretable deep learning model for automatic sound classification",2021,"Electronics","mdpi.com","https://www.mdpi.com/2079-9292/10/7/850","https://scholar.google.com/scholar?cites=10344931214525410566&as_sdt=2005&sciodt=2007&hl=en",296,"2025-12-14 08:01:17","HTML","","","",,,,,88,22.00,18,5,4,"… new artificial intelligence (… machine learning models that provide explanations of their decisions in some level of detail, a field that is commonly known as interpretable machine learning […","https://www.mdpi.com/2079-9292/10/7/850","https://scholar.google.com/scholar?q=related:Bi2jOyGUkI8J:scholar.google.com/&scioq=guitar%7C%22electric+guitar%22+%22artificial+intelligence%22%7C%22machine+learning%22%7C%22deep+learning%22%7C%22audio+analysis%22+feedback%7C%22performance+analysis%22%7Cevaluation%7Cexpressivity&hl=en&as_sdt=2007"
5,"C Dewi, RC Chen","Deep Learning for Advanced Similar Musical Instrument Detection and Recognition",2022,"IAENG International Journal of Computer Science","iaeng.org","https://www.iaeng.org/IJCS/issues_v49/issue_3/IJCS_49_3_27.pdf","https://scholar.google.com/scholar?cites=13542771037492363979&as_sdt=2005&sciodt=2007&hl=en",297,"2025-12-14 08:01:17","PDF","","","",,,,,5,1.67,3,2,3,"… retains the best of them after thorough evaluation. However, because the computations … guitar is in the middle, and the cello is the biggest. Figure 5 shows the recognition result of guitar …","https://www.iaeng.org/IJCS/issues_v49/issue_3/IJCS_49_3_27.pdf","https://scholar.google.com/scholar?q=related:y0IuhIGW8bsJ:scholar.google.com/&scioq=guitar%7C%22electric+guitar%22+%22artificial+intelligence%22%7C%22machine+learning%22%7C%22deep+learning%22%7C%22audio+analysis%22+feedback%7C%22performance+analysis%22%7Cevaluation%7Cexpressivity&hl=en&as_sdt=2007"
12,"A Kurniawati, EM Yuniarno, YK Suprapto, ...","Automatic note generator for Javanese gamelan music accompaniment using deep learning",2023,"International Journal of …","academia.edu","https://www.academia.edu/download/103436696/ijain_vol9i2_pp231-248.pdf","https://scholar.google.com/scholar?cites=7326590763843902947&as_sdt=2005&sciodt=2007&hl=en",298,"2025-12-14 08:01:17","PDF","","","",,,,,12,6.00,3,4,2,"… This evaluation is done because there is no difference between the instruments used in the Gembyangan and Mipil patterns created by the gamelan composer and the results of the …","https://www.academia.edu/download/103436696/ijain_vol9i2_pp231-248.pdf","https://scholar.google.com/scholar?q=related:492SVXtHrWUJ:scholar.google.com/&scioq=guitar%7C%22electric+guitar%22+%22artificial+intelligence%22%7C%22machine+learning%22%7C%22deep+learning%22%7C%22audio+analysis%22+feedback%7C%22performance+analysis%22%7Cevaluation%7Cexpressivity&hl=en&as_sdt=2007"
48,"JF Merchán Sánchez-Jara, S González Gutiérrez, ...","Artificial intelligence-assisted music education: A critical synthesis of challenges and opportunities",2024,"Education …","mdpi.com","https://www.mdpi.com/2227-7102/14/11/1171","https://scholar.google.com/scholar?cites=6117841947953609174&as_sdt=2005&sciodt=2007&hl=en",299,"2025-12-14 08:01:17","HTML","","","",,,,,48,48.00,16,3,1,"… in general) in real time, offering instant feedback and assessments on crucial aspects such as … Reports from the field: Learning to play the guitar with the novaxe online learning platform. …","https://www.mdpi.com/2227-7102/14/11/1171","https://scholar.google.com/scholar?q=related:1jnCg9bw5lQJ:scholar.google.com/&scioq=guitar%7C%22electric+guitar%22+%22artificial+intelligence%22%7C%22machine+learning%22%7C%22deep+learning%22%7C%22audio+analysis%22+feedback%7C%22performance+analysis%22%7Cevaluation%7Cexpressivity&hl=en&as_sdt=2007"
3,"N Tirasuntarakul, A Dheeravongkit","An automatic multi-string musical instrument tuner using one-to-many micro actuating mechanism",2018,"… Conference on Machine Learning …","dl.acm.org","https://dl.acm.org/doi/abs/10.1145/3278312.3278323","https://scholar.google.com/scholar?cites=7497469325270859994&as_sdt=2005&sciodt=2007&hl=en",300,"2025-12-14 08:01:17","","10.1145/3278312.3278323","","",,,,,3,0.43,2,2,7,"… was introduced by Gibson called Robot Guitar. It is an electric guitar whose all 6 strings can … Generally, the signal gathered from the vibrating strings can directly be used in a feedback …","https://www.researchgate.net/profile/Narongsak-Tirasuntarakul/publication/329548863_An_Automatic_Multi-String_Musical_Instrument_Tuner_using_One-to-Many_Micro_Actuating_Mechanism/links/6721f904db208342dedda098/An-Automatic-Multi-String-Musical-Instrument-Tuner-using-One-to-Many-Micro-Actuating-Mechanism.pdf","https://scholar.google.com/scholar?q=related:2kAox6BcDGgJ:scholar.google.com/&scioq=guitar%7C%22electric+guitar%22+%22artificial+intelligence%22%7C%22machine+learning%22%7C%22deep+learning%22%7C%22audio+analysis%22+feedback%7C%22performance+analysis%22%7Cevaluation%7Cexpressivity&hl=en&as_sdt=2007"
40,"MA Kabadjov","A comprehensive evaluation of anaphora resolution and discourse-new classification",2007,"","researchgate.net","https://www.researchgate.net/profile/Mijail-Kabadjov/publication/267795063_A_Comprehensive_Evaluation_of_Anaphora_Resolution_and_Discourse-new_Classification/links/555aff8108aeaaff3bfadd13/A-Comprehensive-Evaluation-of-Anaphora-Resolution-and-Discourse-new-Classification.pdf","https://scholar.google.com/scholar?cites=7691180537025333025&as_sdt=2005&sciodt=2007&hl=en",301,"2025-12-14 08:01:17","PDF","","","",,,,,40,2.22,40,1,18,"… Next, we briefly discuss both our processing pipeline and the GuiTAR proper, and then we … In this chapter we present a machine learning approach to discourse-new classification, …","https://www.researchgate.net/profile/Mijail-Kabadjov/publication/267795063_A_Comprehensive_Evaluation_of_Anaphora_Resolution_and_Discourse-new_Classification/links/555aff8108aeaaff3bfadd13/A-Comprehensive-Evaluation-of-Anaphora-Resolution-and-Discourse-new-Classification.pdf","https://scholar.google.com/scholar?q=related:IQfL5PKPvGoJ:scholar.google.com/&scioq=guitar%7C%22electric+guitar%22+%22artificial+intelligence%22%7C%22machine+learning%22%7C%22deep+learning%22%7C%22audio+analysis%22+feedback%7C%22performance+analysis%22%7Cevaluation%7Cexpressivity&hl=en&as_sdt=2007"
3,"H Mukherjee, A Dhar, B Paul, SM Obaidullah, ...","Deep learning-based music chord family identification",2019,"… on Intelligent Computing …","Springer","https://link.springer.com/chapter/10.1007/978-981-15-1084-7_18","https://scholar.google.com/scholar?cites=14487871292241600963&as_sdt=2005&sciodt=2007&hl=en",302,"2025-12-14 08:01:17","","10.1007/978-981-15-1084-7_18","","",,,,,3,0.50,1,5,6,"… The guitar was tuned at 440 Hz, which is the industry standard… interface and neither an electric guitar in order to maintain a … We had used a cross validation technique for the evaluation …","","https://scholar.google.com/scholar?q=related:w-GjJS5CD8kJ:scholar.google.com/&scioq=guitar%7C%22electric+guitar%22+%22artificial+intelligence%22%7C%22machine+learning%22%7C%22deep+learning%22%7C%22audio+analysis%22+feedback%7C%22performance+analysis%22%7Cevaluation%7Cexpressivity&hl=en&as_sdt=2007"
0,"ET de Lima, ST Madsen, M Dahia, G Widmer, ...","Extracting Patterns from Guitar Accompaniment Data: Some Experimental Results",,"cp.jku.at","","https://www.cp.jku.at/research/papers/Trajano_de_Lima_sbcm_2005.pdf","",303,"2025-12-14 08:01:17","PDF","","","",,,,,0,0.00,0,5,,"… Instruments like the acoustic guitar and styles like Bossa Nova and Samba have almost … with the extraction of rhythmic patterns from the guitar accompaniment of Bossa Nova songs. The …","https://www.cp.jku.at/research/papers/Trajano_de_Lima_sbcm_2005.pdf","https://scholar.google.com/scholar?q=related:JeXEsGlj0vEJ:scholar.google.com/&scioq=guitar%7C%22electric+guitar%22+%22artificial+intelligence%22%7C%22machine+learning%22%7C%22deep+learning%22%7C%22audio+analysis%22+feedback%7C%22performance+analysis%22%7Cevaluation%7Cexpressivity&hl=en&as_sdt=2007"
8,"A Wright, A Carson, L Juvela","Open-amp: Synthetic data framework for audio effect foundation models",2025,"ICASSP 2025-2025 IEEE …","ieeexplore.ieee.org","https://ieeexplore.ieee.org/abstract/document/10888232/","https://scholar.google.com/scholar?cites=8777513744431785118&as_sdt=2005&sciodt=2007&hl=en",304,"2025-12-14 08:01:17","","","","",,,,,8,8.00,3,3,1,"… , machine learning techniques, specifically neural networks, have widely been applied to modelling of guitar … One popular application of neural modelling techniques is guitar amplifier …","https://arxiv.org/pdf/2411.14972?","https://scholar.google.com/scholar?q=related:niT3yz7-z3kJ:scholar.google.com/&scioq=guitar%7C%22electric+guitar%22+%22artificial+intelligence%22%7C%22machine+learning%22%7C%22deep+learning%22%7C%22audio+analysis%22+feedback%7C%22performance+analysis%22%7Cevaluation%7Cexpressivity&hl=en&as_sdt=2007"
84,"P Li, B Wang","Artificial intelligence in music education",2024,"International Journal of Human–Computer …","Taylor &Francis","https://www.tandfonline.com/doi/abs/10.1080/10447318.2023.2209984","https://scholar.google.com/scholar?cites=7588726202168679494&as_sdt=2005&sciodt=2007&hl=en",305,"2025-12-14 08:01:17","","10.1080/10447318.2023.2209984","","",,,,,84,84.00,42,2,1,"… Artificial intelligence linked the indicator estimates with the actual results of learning (performance scores and teacher feedback). … learning strategy ‘Start Playing the Guitar!’ in Solfeg.io …","","https://scholar.google.com/scholar?q=related:Rpz2KUaSUGkJ:scholar.google.com/&scioq=guitar%7C%22electric+guitar%22+%22artificial+intelligence%22%7C%22machine+learning%22%7C%22deep+learning%22%7C%22audio+analysis%22+feedback%7C%22performance+analysis%22%7Cevaluation%7Cexpressivity&hl=en&as_sdt=2007"
57,"SS Baraheem, TN Le, TV Nguyen","Image synthesis: a review of methods, datasets, evaluation metrics, and future outlook",2023,"Artificial Intelligence Review","Springer","https://link.springer.com/article/10.1007/s10462-023-10434-2","https://scholar.google.com/scholar?cites=3576245142435171617&as_sdt=2005&sciodt=2007&hl=en",306,"2025-12-14 08:01:17","","10.1007/s10462-023-10434-2","","",,,,,57,28.50,19,3,2,"… Regarding the evaluation, we summarize the metrics used to evaluate the image synthesis models. Moreover, a detailed analysis based on the evaluation metrics of the results of the …","https://par.nsf.gov/servlets/purl/10421011","https://scholar.google.com/scholar?q=related:IY2QYAJgoTEJ:scholar.google.com/&scioq=guitar%7C%22electric+guitar%22+%22artificial+intelligence%22%7C%22machine+learning%22%7C%22deep+learning%22%7C%22audio+analysis%22+feedback%7C%22performance+analysis%22%7Cevaluation%7Cexpressivity&hl=en&as_sdt=2007"
9,"W Zhao, S Wang, Y Zhao, J Wei, T Li, R Zhang","Self-designed hierarchical network based hand shape intelligent recognition and evaluation for Chinese zither performing",2023,"Displays","Elsevier","https://www.sciencedirect.com/science/article/pii/S014193822200110X","https://scholar.google.com/scholar?cites=6405493733943967856&as_sdt=2005&sciodt=2007&hl=en",307,"2025-12-14 08:01:17","","","","",,,,,9,4.50,2,6,2,"… technology based on artificial intelligence is introduced into … the function of hand shape intelligent evaluation and the self-… called guitAR was proposed which can assist guitar students …","","https://scholar.google.com/scholar?q=related:cIC4_pzi5FgJ:scholar.google.com/&scioq=guitar%7C%22electric+guitar%22+%22artificial+intelligence%22%7C%22machine+learning%22%7C%22deep+learning%22%7C%22audio+analysis%22+feedback%7C%22performance+analysis%22%7Cevaluation%7Cexpressivity&hl=en&as_sdt=2007"
26,"H Li","Piano education of children using musical instrument recognition and deep learning technologies under the educational psychology",2021,"Frontiers in Psychology","frontiersin.org","https://www.frontiersin.org/articles/10.3389/fpsyg.2021.705116/full","https://scholar.google.com/scholar?cites=9420816367093892860&as_sdt=2005&sciodt=2007&hl=en",308,"2025-12-14 08:01:17","HTML","10.3389/fpsyg.2021.705116","","",,,,,26,6.50,26,1,4,"… Additionally, it can extract the tones of the instrument to construct a new digital music evaluation … The effectiveness of the evaluation model depends on the tone analysis algorithm. Thus, …","https://www.frontiersin.org/articles/10.3389/fpsyg.2021.705116/full","https://scholar.google.com/scholar?q=related:_EbRfpJ2vYIJ:scholar.google.com/&scioq=guitar%7C%22electric+guitar%22+%22artificial+intelligence%22%7C%22machine+learning%22%7C%22deep+learning%22%7C%22audio+analysis%22+feedback%7C%22performance+analysis%22%7Cevaluation%7Cexpressivity&hl=en&as_sdt=2007"
10,"DS Bormane, M Dusane","A novel techniques for classification of musical instruments",2013,"Information and Knowledge Management","academia.edu","https://www.academia.edu/download/32212924/A_Novel_Techniques_for_Classification_of_Musical_Instruments.pdf","https://scholar.google.com/scholar?cites=17462312485167420183&as_sdt=2005&sciodt=2007&hl=en",309,"2025-12-14 08:01:17","PDF","","","",,,,,10,0.83,5,2,12,"… by using suitable machine learning algorithm (classifier). In … foundation of most proposed audio analysis techniques for music … Section IV motivation V deals with the proposed evaluation …","https://www.academia.edu/download/32212924/A_Novel_Techniques_for_Classification_of_Musical_Instruments.pdf","https://scholar.google.com/scholar?q=related:F9NFm6-YVvIJ:scholar.google.com/&scioq=guitar%7C%22electric+guitar%22+%22artificial+intelligence%22%7C%22machine+learning%22%7C%22deep+learning%22%7C%22audio+analysis%22+feedback%7C%22performance+analysis%22%7Cevaluation%7Cexpressivity&hl=en&as_sdt=2007"
13,"E Berdahl, J Smith III, G Niemeyer","Mechanical sound synthesis: and the new application of force-feedback teleoperation of acoustic musical instruments",2010,"… on Digital Audio Effects (DAFx-10 …","dafx10.iem.at","http://dafx10.iem.at/proceedings/papers/BerdahlSmithNiemeyer_DAFx10_P57.pdf","https://scholar.google.com/scholar?cites=12849039101274514138&as_sdt=2005&sciodt=2007&hl=en",310,"2025-12-14 08:01:17","PDF","","","",,,,,13,0.87,4,3,15,"… can manipulate a traditional guitar string, while a virtual bow employs feedback control to … One could employ artificial intelligence algorithms to cause the slave robots to behave more …","http://dafx10.iem.at/proceedings/papers/BerdahlSmithNiemeyer_DAFx10_P57.pdf","https://scholar.google.com/scholar?q=related:2mKSSPz0ULIJ:scholar.google.com/&scioq=guitar%7C%22electric+guitar%22+%22artificial+intelligence%22%7C%22machine+learning%22%7C%22deep+learning%22%7C%22audio+analysis%22+feedback%7C%22performance+analysis%22%7Cevaluation%7Cexpressivity&hl=en&as_sdt=2007"
20,"J Chen, S Vekkot, P Shukla","Music source separation based on a lightweight deep learning framework (DTTNET: Dual-path TFC-TDF UNet)",2024,"ICASSP 2024-2024 IEEE …","ieeexplore.ieee.org","https://ieeexplore.ieee.org/abstract/document/10448020/","https://scholar.google.com/scholar?cites=9962502353871728451&as_sdt=2005&sciodt=2007&hl=en",311,"2025-12-14 08:01:17","","","","",,,,,20,20.00,7,3,1,"… While deep learning methods have shown impressive results, there is a trend toward larger models. In our paper, we introduce a novel and lightweight architecture called DTTNet 1 , …","https://arxiv.org/pdf/2309.08684","https://scholar.google.com/scholar?q=related:Q2-EdBvrQYoJ:scholar.google.com/&scioq=guitar%7C%22electric+guitar%22+%22artificial+intelligence%22%7C%22machine+learning%22%7C%22deep+learning%22%7C%22audio+analysis%22+feedback%7C%22performance+analysis%22%7Cevaluation%7Cexpressivity&hl=en&as_sdt=2007"
872,"HW Dong, WY Hsiao, LC Yang, YH Yang","Musegan: Multi-track sequential generative adversarial networks for symbolic music generation and accompaniment",2018,"… on artificial intelligence","ojs.aaai.org","https://ojs.aaai.org/index.php/AAAI/article/view/11312","https://scholar.google.com/scholar?cites=3892641594149941670&as_sdt=2005&sciodt=2007&hl=en",312,"2025-12-14 08:01:17","","","","",,,,,872,124.57,218,4,7,"… We also report a user study involving 144 listeners for a subjective evaluation of the results. … After point C, we see that the guitar, piano and strings start to learn the duration of notes and …","https://ojs.aaai.org/index.php/AAAI/article/download/11312/11171","https://scholar.google.com/scholar?q=related:prE34edwBTYJ:scholar.google.com/&scioq=guitar%7C%22electric+guitar%22+%22artificial+intelligence%22%7C%22machine+learning%22%7C%22deep+learning%22%7C%22audio+analysis%22+feedback%7C%22performance+analysis%22%7Cevaluation%7Cexpressivity&hl=en&as_sdt=2007"
1,"H Scurto","Creative interaction paradigms for machine learning-based design of gestural musical interfaces",2016,"Pre-doctoral report, Ecole Normale Supérieure de …","hugoscurto.com","https://hugoscurto.com/wp-content/uploads/2018/11/scurto2016prephdreport.pdf","https://scholar.google.com/scholar?cites=15246281602145182138&as_sdt=2005&sciodt=2007&hl=en",313,"2025-12-14 08:01:17","PDF","","","",,,,,1,0.11,1,1,9,"… Such experiential feedback would inspire our current study as well as future work to be … between physical models of the flute and electric guitar. Some also used classification along with …","https://hugoscurto.com/wp-content/uploads/2018/11/scurto2016prephdreport.pdf","https://scholar.google.com/scholar?q=related:uuFvwVasldMJ:scholar.google.com/&scioq=guitar%7C%22electric+guitar%22+%22artificial+intelligence%22%7C%22machine+learning%22%7C%22deep+learning%22%7C%22audio+analysis%22+feedback%7C%22performance+analysis%22%7Cevaluation%7Cexpressivity&hl=en&as_sdt=2007"
16,"P Banerjee, RP Barnwal","Methods and metrics for explaining artificial intelligence models: A review",2022,"Explainable AI: Foundations, methodologies …","Springer","https://link.springer.com/chapter/10.1007/978-3-031-12807-3_4","https://scholar.google.com/scholar?cites=2030258354483662539&as_sdt=2005&sciodt=2007&hl=en",314,"2025-12-14 08:01:17","","10.1007/978-3-031-12807-3_4","","",,,,,16,5.33,8,2,3,"… providing explaination of Electric guitar and Acoustic guitar. Finally, … evaluation metrics to achieve. Standardization organizations such as ISO have also raised the need for evaluation …","","https://scholar.google.com/scholar?q=related:y45EdTftLBwJ:scholar.google.com/&scioq=guitar%7C%22electric+guitar%22+%22artificial+intelligence%22%7C%22machine+learning%22%7C%22deep+learning%22%7C%22audio+analysis%22+feedback%7C%22performance+analysis%22%7Cevaluation%7Cexpressivity&hl=en&as_sdt=2007"
28,"P Wang, S Wang, D Peng, L Chen, C Wu, Z Wei, ...","Neurocognition-inspired design with machine learning",2020,"Design …","cambridge.org","https://www.cambridge.org/core/journals/design-science/article/neurocognitioninspired-design-with-machine-learning/3E2A061D8C2456888E872DE2472618AC","https://scholar.google.com/scholar?cites=9061017501381215728&as_sdt=2005&sciodt=2007&hl=en",315,"2025-12-14 08:01:17","","","","",,,,,28,5.60,4,7,5,"… reconstructed by our model for evaluation. The results indicate … a neuroscience-inspired artificial intelligence design method … dominated by function such as a guitar. This may reflect that …","https://www.cambridge.org/core/services/aop-cambridge-core/content/view/3E2A061D8C2456888E872DE2472618AC/S2053470120000232a.pdf/div-class-title-neurocognition-inspired-design-with-machine-learning-div.pdf","https://scholar.google.com/scholar?q=related:8MVsAWkzv30J:scholar.google.com/&scioq=guitar%7C%22electric+guitar%22+%22artificial+intelligence%22%7C%22machine+learning%22%7C%22deep+learning%22%7C%22audio+analysis%22+feedback%7C%22performance+analysis%22%7Cevaluation%7Cexpressivity&hl=en&as_sdt=2007"
42,"S Panwar, A Das, M Roopaei, ...","A deep learning approach for mapping music genres",2017,"2017 12th System of …","ieeexplore.ieee.org","https://ieeexplore.ieee.org/abstract/document/7994970/","https://scholar.google.com/scholar?cites=4665340959484933369&as_sdt=2005&sciodt=2007&hl=en",316,"2025-12-14 08:01:17","","","","",,,,,42,5.25,11,4,8,"… INTRODUCTION CNNs have been used extensively in solving various complicated machine learning problems such as sentiment analysis, feature extraction, genre classification and …","","https://scholar.google.com/scholar?q=related:-fQtduKevkAJ:scholar.google.com/&scioq=guitar%7C%22electric+guitar%22+%22artificial+intelligence%22%7C%22machine+learning%22%7C%22deep+learning%22%7C%22audio+analysis%22+feedback%7C%22performance+analysis%22%7Cevaluation%7Cexpressivity&hl=en&as_sdt=2007"
118,"B Nushi, E Kamar, E Horvitz, D Kossmann","On human intellect and machine failures: Troubleshooting integrative machine learning systems",2017,"… on Artificial Intelligence","ojs.aaai.org","https://ojs.aaai.org/index.php/AAAI/article/view/10633","https://scholar.google.com/scholar?cites=15631861885790024842&as_sdt=2005&sciodt=2007&hl=en",317,"2025-12-14 08:01:17","","","","",,,,,118,14.75,30,4,8,"… The evaluation of the captioning system with our methodology uses an Evaluation dataset of … Since the word guitar is not in the dictionary, the final caption fails to provide a satisfactory …","https://ojs.aaai.org/index.php/AAAI/article/download/10633/10492","https://scholar.google.com/scholar?q=related:inR7YJCH79gJ:scholar.google.com/&scioq=guitar%7C%22electric+guitar%22+%22artificial+intelligence%22%7C%22machine+learning%22%7C%22deep+learning%22%7C%22audio+analysis%22+feedback%7C%22performance+analysis%22%7Cevaluation%7Cexpressivity&hl=en&as_sdt=2007"
140,"J McCormack, P Hutchings, T Gifford, M Yee-King, ...","Design considerations for real-time collaboration with creative artificial intelligence",2020,"Organised …","cambridge.org","https://www.cambridge.org/core/journals/organised-sound/article/design-considerations-for-realtime-collaboration-with-creative-artificial-intelligence/D14EFAAB865FF356E475353C75245CE2","https://scholar.google.com/scholar?cites=3241783055760635590&as_sdt=2005&sciodt=2007&hl=en",318,"2025-12-14 08:01:17","","","","",,,,,140,28.00,28,5,5,"… feedback through human–machine interaction can be considered as negotiated evaluation of … Even the success of the guitarist, who is very goal driven and who set fire to his guitar and …","https://research.gold.ac.uk/id/eprint/28115/7/OrganisedSound.pdf","https://scholar.google.com/scholar?q=related:xjZ-dYMg_SwJ:scholar.google.com/&scioq=guitar%7C%22electric+guitar%22+%22artificial+intelligence%22%7C%22machine+learning%22%7C%22deep+learning%22%7C%22audio+analysis%22+feedback%7C%22performance+analysis%22%7Cevaluation%7Cexpressivity&hl=en&as_sdt=2007"
27,"S Abrecht, A Hirsch, S Raafatnia, ...","Deep learning safety concerns in automated driving perception",2024,"IEEE Transactions on …","ieeexplore.ieee.org","https://ieeexplore.ieee.org/abstract/document/10599385/","https://scholar.google.com/scholar?cites=6973782862804624116&as_sdt=2005&sciodt=2007&hl=en",319,"2025-12-14 08:01:17","","","","",,,,,27,27.00,7,4,1,"… Abstract—Recent advances in the field of deep learning and … and refines it, leveraging feedback from various domain and … ]: a monkey with an overlayed guitar is suddenly detected as a …","https://arxiv.org/pdf/2309.03774","https://scholar.google.com/scholar?q=related:9CItppDax2AJ:scholar.google.com/&scioq=guitar%7C%22electric+guitar%22+%22artificial+intelligence%22%7C%22machine+learning%22%7C%22deep+learning%22%7C%22audio+analysis%22+feedback%7C%22performance+analysis%22%7Cevaluation%7Cexpressivity&hl=en&as_sdt=2007"
139,"J Wei, M Karuppiah, A Prathik","College music education and teaching based on AI techniques",2022,"Computers and Electrical Engineering","Elsevier","https://www.sciencedirect.com/science/article/pii/S0045790622001434","https://scholar.google.com/scholar?cites=7861539113345407218&as_sdt=2005&sciodt=2007&hl=en",320,"2025-12-14 08:01:17","","","","",,,,,139,46.33,46,3,3,"… Using artificial intelligence in the classroom is a challenge … The use of artificial intelligence in music education breached … ratio of 95.3%, teaching performance analysis ratio of 90.7%, …","","https://scholar.google.com/scholar?q=related:8tjK3ivMGW0J:scholar.google.com/&scioq=guitar%7C%22electric+guitar%22+%22artificial+intelligence%22%7C%22machine+learning%22%7C%22deep+learning%22%7C%22audio+analysis%22+feedback%7C%22performance+analysis%22%7Cevaluation%7Cexpressivity&hl=en&as_sdt=2007"
4,"N Mendis, R Bandara","Show and Listen: Generating Music Based on Images using Machine Learning",2022,"… Conference on Advances in ICT for …","ieeexplore.ieee.org","https://ieeexplore.ieee.org/abstract/document/10024066/","https://scholar.google.com/scholar?cites=9204618136209159657&as_sdt=2005&sciodt=2007&hl=en",321,"2025-12-14 08:01:17","","","","",,,,,4,1.33,2,2,3,"… Inspired by image captioning using machine learning, the … , a subjective and objective evaluation was conducted and the … 5 tracks: bass, drums, guitar, piano and strings. The models …","","https://scholar.google.com/scholar?q=related:6XXdPW1fvX8J:scholar.google.com/&scioq=guitar%7C%22electric+guitar%22+%22artificial+intelligence%22%7C%22machine+learning%22%7C%22deep+learning%22%7C%22audio+analysis%22+feedback%7C%22performance+analysis%22%7Cevaluation%7Cexpressivity&hl=en&as_sdt=2007"
22422,"CR Qi, H Su, K Mo, LJ Guibas","Pointnet: Deep learning on point sets for 3d classification and segmentation",2017,"Proceedings of the IEEE …","openaccess.thecvf.com","http://openaccess.thecvf.com/content_cvpr_2017/html/Qi_PointNet_Deep_Learning_CVPR_2017_paper.html","https://scholar.google.com/scholar?cites=1958213547177282284&as_sdt=2005&sciodt=2007&hl=en",322,"2025-12-14 08:01:17","","","","",,,,,22422,2802.75,5606,4,8,"… We provide both a theoretical analysis and an experimental evaluation of our approach. We show that our network can approximate any set function that is continuous. More interestingly…","https://openaccess.thecvf.com/content_cvpr_2017/papers/Qi_PointNet_Deep_Learning_CVPR_2017_paper.pdf","https://scholar.google.com/scholar?q=related:7Arcmdj4LBsJ:scholar.google.com/&scioq=guitar%7C%22electric+guitar%22+%22artificial+intelligence%22%7C%22machine+learning%22%7C%22deep+learning%22%7C%22audio+analysis%22+feedback%7C%22performance+analysis%22%7Cevaluation%7Cexpressivity&hl=en&as_sdt=2007"
4,"S Rodríguez, E Gómez Gutiérrez, H Cuesta","Automatic transcription of Flamenco guitar falsetas",2018,"","repositori.upf.edu","https://repositori.upf.edu/items/6567cfdc-77cf-4ea4-a6fe-b3591998eec0","https://scholar.google.com/scholar?cites=5384311206948620274&as_sdt=2005&sciodt=2007&hl=en",323,"2025-12-14 08:01:17","","","","",,,,,4,0.57,1,3,7,"… We will focus on unvoiced segments as candidates for guitar falsetas. This process adapts … Since the guitar is a pitched percussive instrument, we also include the evaluation removing …","https://repositori.upf.edu/bitstreams/96f2076a-6ba6-4d0a-810e-fd46405a1127/download","https://scholar.google.com/scholar?q=related:8sdT8oPquEoJ:scholar.google.com/&scioq=guitar%7C%22electric+guitar%22+%22artificial+intelligence%22%7C%22machine+learning%22%7C%22deep+learning%22%7C%22audio+analysis%22+feedback%7C%22performance+analysis%22%7Cevaluation%7Cexpressivity&hl=en&as_sdt=2007"
55,"H Chu, J Kim, S Kim, H Lim, H Lee, S Jin, ...","An empirical study on how people perceive AI-generated music",2022,"Proceedings of the 31st …","dl.acm.org","https://dl.acm.org/doi/abs/10.1145/3511808.3557235","https://scholar.google.com/scholar?cites=14891360806944720505&as_sdt=2005&sciodt=2007&hl=en",324,"2025-12-14 08:01:17","","10.1145/3511808.3557235","","",,,,,55,18.33,8,7,3,"… and discuss future research directions of deep learning models for music creation. … evaluation metrics of the 40 music generation models. First, we collect all subjective evaluation …","https://scholarworks.unist.ac.kr/bitstream/201301/73761/2/200000642129.pdf","https://scholar.google.com/scholar?q=related:eUYdkMG9qM4J:scholar.google.com/&scioq=guitar%7C%22electric+guitar%22+%22artificial+intelligence%22%7C%22machine+learning%22%7C%22deep+learning%22%7C%22audio+analysis%22+feedback%7C%22performance+analysis%22%7Cevaluation%7Cexpressivity&hl=en&as_sdt=2007"
76,"S Gururani, C Summers, A Lerch","Instrument Activity Detection in Polyphonic Music using Deep Neural Networks.",2018,"ISMIR","ismir2018.ismir.net","https://ismir2018.ismir.net/doc/pdfs/275_Paper.pdf","https://scholar.google.com/scholar?cites=925774281652238259&as_sdt=2005&sciodt=2007&hl=en",325,"2025-12-14 08:01:17","PDF","","","",,,,,76,10.86,25,3,7,"… specific areas of interest such as guitar solos. Three classes of deep … We also address the problem of evaluation of an IAD system. … experiments, the evaluation metrics and the proposed …","https://ismir2018.ismir.net/doc/pdfs/275_Paper.pdf","https://scholar.google.com/scholar?q=related:s_cS4M0C2QwJ:scholar.google.com/&scioq=guitar%7C%22electric+guitar%22+%22artificial+intelligence%22%7C%22machine+learning%22%7C%22deep+learning%22%7C%22audio+analysis%22+feedback%7C%22performance+analysis%22%7Cevaluation%7Cexpressivity&hl=en&as_sdt=2007"
1,"MT Correia Ribeiro","Model-Agnostic Explanations and Evaluation of Machine Learning",2019,"","digital.lib.washington.edu","https://digital.lib.washington.edu/researchworks/items/b0c5f39d-136a-42c3-b413-d66e8bae2f9d","https://scholar.google.com/scholar?cites=10370918110051911182&as_sdt=2005&sciodt=2007&hl=en",326,"2025-12-14 08:01:17","","","","",,,,,1,0.17,1,1,6,"… between humans and any machine learning model. Specifically… , a new kind of evaluation metric that considers the relationship … communication between machine learning models and …","https://digital.lib.washington.edu/bitstreams/a9eed42b-b3b1-44d4-a3e9-1141b25ce398/download","https://scholar.google.com/scholar?q=related:DkZP2BLn7I8J:scholar.google.com/&scioq=guitar%7C%22electric+guitar%22+%22artificial+intelligence%22%7C%22machine+learning%22%7C%22deep+learning%22%7C%22audio+analysis%22+feedback%7C%22performance+analysis%22%7Cevaluation%7Cexpressivity&hl=en&as_sdt=2007"
47,"I Demir, C Hahn, K Leonard, G Morin, ...","Skelneton 2019: Dataset and challenge on deep learning for geometric shape understanding",2019,"Proceedings of the …","openaccess.thecvf.com","http://openaccess.thecvf.com/content_CVPRW_2019/html/SkelNetOn/Demir_SkelNetOn_2019_Dataset_and_Challenge_on_Deep_Learning_for_Geometric_CVPRW_2019_paper.html","https://scholar.google.com/scholar?cites=1485182522121569223&as_sdt=2005&sciodt=2007&hl=en",327,"2025-12-14 08:01:17","","","","",,,,,47,7.83,9,5,6,"… three datasets and corresponding evaluation methodologies; all … of datasets, define the evaluation criteria of the public … long and narrow appendages such as the guitar neck (third row). …","http://openaccess.thecvf.com/content_CVPRW_2019/papers/SkelNetOn/Demir_SkelNetOn_2019_Dataset_and_Challenge_on_Deep_Learning_for_Geometric_CVPRW_2019_paper.pdf","https://scholar.google.com/scholar?q=related:x8OskaJtnBQJ:scholar.google.com/&scioq=guitar%7C%22electric+guitar%22+%22artificial+intelligence%22%7C%22machine+learning%22%7C%22deep+learning%22%7C%22audio+analysis%22+feedback%7C%22performance+analysis%22%7Cevaluation%7Cexpressivity&hl=en&as_sdt=2007"
6,"Y Zhou, F Huang","Navigating knowledge dynamics: Algorithmic music recombination, deep learning, blockchain, economic knowledge, and copyright challenges",2025,"Journal of the Knowledge Economy","Springer","https://link.springer.com/article/10.1007/s13132-023-01700-3","https://scholar.google.com/scholar?cites=17300690055708100688&as_sdt=2005&sciodt=2007&hl=en",328,"2025-12-14 08:01:17","","10.1007/s13132-023-01700-3","","",,,,,6,6.00,3,2,1,"… This evaluation demonstrates that our method consistently produces music that excels in these critical areas. In other words, our music generation approach is more musically coherent, …","","https://scholar.google.com/scholar?q=related:UEidU_FlGPAJ:scholar.google.com/&scioq=guitar%7C%22electric+guitar%22+%22artificial+intelligence%22%7C%22machine+learning%22%7C%22deep+learning%22%7C%22audio+analysis%22+feedback%7C%22performance+analysis%22%7Cevaluation%7Cexpressivity&hl=en&as_sdt=2007"
11,"CJ Steinmetz, SS Vanka, ...","Deep learning for automatic mixing",2022,"Proc. of …","christiansteinmetz.com","https://www.christiansteinmetz.com/s/MDX_Workshop_at_ISMIR_Deep_learning_for_automatic_mixing.pdf","https://scholar.google.com/scholar?cites=14817743038102117885&as_sdt=2005&sciodt=2007&hl=en",329,"2025-12-14 08:01:17","PDF","","","",,,,,11,3.67,4,3,3,"… The promise of deep learning … A deep learning approach to intelligent drum mixing with the Wave-U-Net … A deep learning approach to intelligent drum mixing with the Wave-U-Net …","https://www.christiansteinmetz.com/s/MDX_Workshop_at_ISMIR_Deep_learning_for_automatic_mixing.pdf","https://scholar.google.com/scholar?q=related:_R0YD8kyo80J:scholar.google.com/&scioq=guitar%7C%22electric+guitar%22+%22artificial+intelligence%22%7C%22machine+learning%22%7C%22deep+learning%22%7C%22audio+analysis%22+feedback%7C%22performance+analysis%22%7Cevaluation%7Cexpressivity&hl=en&as_sdt=2007"
10,"H Zhihan, Y Liang, T Jin","Design of music training assistant system based on artificial intelligence",2022,"EAI Endorsed Transactions on …","pdfs.semanticscholar.org","https://pdfs.semanticscholar.org/b62d/84c2f0dfe1b3538a215edc5b11e1fcfc0efd.pdf","https://scholar.google.com/scholar?cites=11977333717069667605&as_sdt=2005&sciodt=2007&hl=en",330,"2025-12-14 08:01:17","PDF","","","",,,,,10,3.33,3,3,3,"… guitar, … feedback technology to music recommendation system [12], in order to treat the context information of music tracks as auxiliary information to compensate for implicit feedback, …","https://pdfs.semanticscholar.org/b62d/84c2f0dfe1b3538a215edc5b11e1fcfc0efd.pdf","https://scholar.google.com/scholar?q=related:FR0_mo4JOKYJ:scholar.google.com/&scioq=guitar%7C%22electric+guitar%22+%22artificial+intelligence%22%7C%22machine+learning%22%7C%22deep+learning%22%7C%22audio+analysis%22+feedback%7C%22performance+analysis%22%7Cevaluation%7Cexpressivity&hl=en&as_sdt=2007"
20,"T Magnusson, C Kiefer, H Ulfarsson","Reflexions upon Feedback.",2022,"NIME","users.sussex.ac.uk","http://users.sussex.ac.uk/~thm21/thor/pdfs/Magnusson_NIME2022.pdf","https://scholar.google.com/scholar?cites=6677777026901616016&as_sdt=2005&sciodt=2007&hl=en",331,"2025-12-14 08:01:17","PDF","","","",,,,,20,6.67,7,3,3,"… ’s guitar, to the systems design of David Tudor or Nic Collins, we find the origins of feedback … This is part of the interaction and interface design, and the addition of machine learning and …","http://users.sussex.ac.uk/~thm21/thor/pdfs/Magnusson_NIME2022.pdf","https://scholar.google.com/scholar?q=related:kCW8WdM6rFwJ:scholar.google.com/&scioq=guitar%7C%22electric+guitar%22+%22artificial+intelligence%22%7C%22machine+learning%22%7C%22deep+learning%22%7C%22audio+analysis%22+feedback%7C%22performance+analysis%22%7Cevaluation%7Cexpressivity&hl=en&as_sdt=2007"
44,"W Liu","Literature survey of multi-track music generation model based on generative confrontation network in intelligent composition",2023,"The Journal of Supercomputing","Springer","https://link.springer.com/article/10.1007/s11227-022-04914-5","https://scholar.google.com/scholar?cites=12271847254115873183&as_sdt=2005&sciodt=2007&hl=en",332,"2025-12-14 08:01:17","","10.1007/s11227-022-04914-5","","",,,,,44,22.00,44,1,2,"… Therefore, this paper aims to use artificial intelligence (AI) for … music tracks for bass, drums, guitar, piano, and strings. The … This work uses the index evaluation method designed by …","","https://scholar.google.com/scholar?q=related:n_Ft_w5cTqoJ:scholar.google.com/&scioq=guitar%7C%22electric+guitar%22+%22artificial+intelligence%22%7C%22machine+learning%22%7C%22deep+learning%22%7C%22audio+analysis%22+feedback%7C%22performance+analysis%22%7Cevaluation%7Cexpressivity&hl=en&as_sdt=2007"
7,"J Salamon","Pitch analysis for active music discovery",2016,"33rd Int. Conf. on Machine Learning","justinsalamon.com","https://www.justinsalamon.com/uploads/4/3/9/4/4394963/salamon_pitchanalysisdiscovery_icml2016.pdf","https://scholar.google.com/scholar?cites=9275210784926775733&as_sdt=2005&sciodt=2007&hl=en",333,"2025-12-14 08:01:17","PDF","","","",,,,,7,0.78,7,1,9,"… algorithms are most likely over-fitting the evaluation sets (even the ones that have been kept … that will generalize well to unseen data (not to mention data-hungry deep learning models). …","https://www.justinsalamon.com/uploads/4/3/9/4/4394963/salamon_pitchanalysisdiscovery_icml2016.pdf","https://scholar.google.com/scholar?q=related:tbluFBEruIAJ:scholar.google.com/&scioq=guitar%7C%22electric+guitar%22+%22artificial+intelligence%22%7C%22machine+learning%22%7C%22deep+learning%22%7C%22audio+analysis%22+feedback%7C%22performance+analysis%22%7Cevaluation%7Cexpressivity&hl=en&as_sdt=2007"
23,"M Müller, M Stiefel, BI Bachmann, D Britz, F Mücklich","Overview: Machine learning for segmentation and classification of complex steel microstructures",2024,"Metals","mdpi.com","https://www.mdpi.com/2075-4701/14/5/553","https://scholar.google.com/scholar?cites=12528915500227049362&as_sdt=2005&sciodt=2007&hl=en",334,"2025-12-14 08:01:17","HTML","","","",,,,,23,23.00,5,5,1,"… what to measure and included labor-intensive manual evaluation. Recent advancements in artificial intelligence (AI) and machine learning (ML) offer exciting new approaches to …","https://www.mdpi.com/2075-4701/14/5/553","https://scholar.google.com/scholar?q=related:kjfrM0Sm360J:scholar.google.com/&scioq=guitar%7C%22electric+guitar%22+%22artificial+intelligence%22%7C%22machine+learning%22%7C%22deep+learning%22%7C%22audio+analysis%22+feedback%7C%22performance+analysis%22%7Cevaluation%7Cexpressivity&hl=en&as_sdt=2007"
10,"HW Dong, C Donahue, T Berg-Kirkpatrick, ...","Towards automatic instrumentation by learning to separate parts in symbolic multitrack music",2021,"arXiv preprint arXiv …","arxiv.org","https://arxiv.org/abs/2107.05916","https://scholar.google.com/scholar?cites=1252610783010196033&as_sdt=2005&sciodt=2007&hl=en",335,"2025-12-14 08:01:17","","","","",,,,,10,2.50,3,4,4,"… For example, in pop music, guitar and piano tend to play … In view of recent advances in machine learning, we propose to … We conduct an extensive empirical evaluation showing the …","https://arxiv.org/pdf/2107.05916","https://scholar.google.com/scholar?q=related:QYol294qYhEJ:scholar.google.com/&scioq=guitar%7C%22electric+guitar%22+%22artificial+intelligence%22%7C%22machine+learning%22%7C%22deep+learning%22%7C%22audio+analysis%22+feedback%7C%22performance+analysis%22%7Cevaluation%7Cexpressivity&hl=en&as_sdt=2007"
125,"J Summaira, X Li, AM Shoib, S Li, J Abdul","Recent advances and trends in multimodal deep learning: A review",2021,"arXiv preprint arXiv …","arxiv.org","https://arxiv.org/abs/2105.11087","https://scholar.google.com/scholar?cites=6214099810980120560&as_sdt=2005&sciodt=2007&hl=en",336,"2025-12-14 08:01:17","","","","",,,,,125,31.25,25,5,4,"… deep learning applications has been provided. A fine-grained taxonomy of various multimodal deep learning … are also discussed, along with their evaluation metrics. Last, main issues …","https://arxiv.org/pdf/2105.11087","https://scholar.google.com/scholar?q=related:8MdKuNrqPFYJ:scholar.google.com/&scioq=guitar%7C%22electric+guitar%22+%22artificial+intelligence%22%7C%22machine+learning%22%7C%22deep+learning%22%7C%22audio+analysis%22+feedback%7C%22performance+analysis%22%7Cevaluation%7Cexpressivity&hl=en&as_sdt=2007"
1,"M Hosseinnia, A Behrad","3D Image Annotation using Deep Learning and View-based Image Features",2023,"2023 6th International Conference …","ieeexplore.ieee.org","https://ieeexplore.ieee.org/abstract/document/10147190/","https://scholar.google.com/scholar?cites=5764715607027828235&as_sdt=2005&sciodt=2007&hl=en",337,"2025-12-14 08:01:17","","","","",,,,,1,0.50,1,2,2,"… -label classification machine-learning algorithm is employed to … 2 illustrates the expansion of Guitar and Piano classes to seven … Various evaluation metrics may be used to evaluate the …","","https://scholar.google.com/scholar?q=related:C0YLRE1iAFAJ:scholar.google.com/&scioq=guitar%7C%22electric+guitar%22+%22artificial+intelligence%22%7C%22machine+learning%22%7C%22deep+learning%22%7C%22audio+analysis%22+feedback%7C%22performance+analysis%22%7Cevaluation%7Cexpressivity&hl=en&as_sdt=2007"
46,"LL de Melo, VGML de Melo, PAA Marques, ...","Deep learning for identification of water deficits in sugarcane based on thermal images",2022,"Agricultural Water …","Elsevier","https://www.sciencedirect.com/science/article/pii/S0378377422003675","https://scholar.google.com/scholar?cites=7214819209173610584&as_sdt=2005&sciodt=2007&hl=en",338,"2025-12-14 08:01:17","","","","",,,,,46,15.33,12,4,3,"… In this context, machine learning techniques are crucial tools … In this work, a method for the evaluation of thermal images of … is a kind of a deep learning model combined with the transfer …","","https://scholar.google.com/scholar?q=related:WDB1UdgvIGQJ:scholar.google.com/&scioq=guitar%7C%22electric+guitar%22+%22artificial+intelligence%22%7C%22machine+learning%22%7C%22deep+learning%22%7C%22audio+analysis%22+feedback%7C%22performance+analysis%22%7Cevaluation%7Cexpressivity&hl=en&as_sdt=2007"
70,"E Manilow, P Seetharaman, ...","Simultaneous separation and transcription of mixtures with multiple polyphonic and percussive instruments",2020,"ICASSP 2020-2020 IEEE …","ieeexplore.ieee.org","https://ieeexplore.ieee.org/abstract/document/9054340/","https://scholar.google.com/scholar?cites=3275144347580477266&as_sdt=2005&sciodt=2007&hl=en",339,"2025-12-14 08:01:17","","","","",,,,,70,14.00,23,3,5,"… We present a single deep learning architecture that can both … a subset of the sources (eg piano, guitar, bass) in the mixture, and … For evaluation, we binarized the network’s transcriptions …","https://arxiv.org/pdf/1910.12621","https://scholar.google.com/scholar?q=related:Uq-pgW6mcy0J:scholar.google.com/&scioq=guitar%7C%22electric+guitar%22+%22artificial+intelligence%22%7C%22machine+learning%22%7C%22deep+learning%22%7C%22audio+analysis%22+feedback%7C%22performance+analysis%22%7Cevaluation%7Cexpressivity&hl=en&as_sdt=2007"
6,"N Sharma, S Sharma","Human-interacted computation system: A state of the art in music",2023,"Heterogenous Computational Intelligence …","taylorfrancis.com","https://www.taylorfrancis.com/chapters/edit/10.1201/9781003363606-1/human-interacted-computation-system-nipun-sharma-swati-sharma","https://scholar.google.com/scholar?cites=10507309491906460193&as_sdt=2005&sciodt=2007&hl=en",340,"2025-12-14 08:01:17","","10.1201/9781003363606-1","","",,,,,6,3.00,3,2,2,"… playlist continuation and evaluation parameters selection to measure its efficiency. A systematic review of machine learning state of the art specifically for guitar playing and learning is …","","https://scholar.google.com/scholar?q=related:IbosElB20ZEJ:scholar.google.com/&scioq=guitar%7C%22electric+guitar%22+%22artificial+intelligence%22%7C%22machine+learning%22%7C%22deep+learning%22%7C%22audio+analysis%22+feedback%7C%22performance+analysis%22%7Cevaluation%7Cexpressivity&hl=en&as_sdt=2007"
63,"G Tzanetakis, F Cook","A framework for audio analysis based on classification and temporal segmentation",1999,"… . Informatics: Theory and Practice for the …","ieeexplore.ieee.org","https://ieeexplore.ieee.org/abstract/document/794763/","https://scholar.google.com/scholar?cites=1694185873219219825&as_sdt=2005&sciodt=2007&hl=en",341,"2025-12-14 08:01:17","","","","",,,,,63,2.42,32,2,26,"… We use a cross-validation testing framework [18] to ensure that the evaluation is not dependent on … Representative examples include detecting a guitar solo entrance or a cymbal crash, …","https://www.researchgate.net/profile/George-Tzanetakis/publication/2544866_A_Framework_for_Audio_Analysis_Based_on_Classification_and_Temporal_Segmentation/links/09e4150e5968522642000000/A-Framework-for-Audio-Analysis-Based-on-Classification-and-Temporal-Segmentation.pdf","https://scholar.google.com/scholar?q=related:cXG3VBP1ghcJ:scholar.google.com/&scioq=guitar%7C%22electric+guitar%22+%22artificial+intelligence%22%7C%22machine+learning%22%7C%22deep+learning%22%7C%22audio+analysis%22+feedback%7C%22performance+analysis%22%7Cevaluation%7Cexpressivity&hl=en&as_sdt=2007"
2,"Y Wang, X Guan, Y Du, N Nan","Harmonics based representation in clarinet tone quality evaluation",2020,"ICASSP 2020-2020 IEEE …","ieeexplore.ieee.org","https://ieeexplore.ieee.org/abstract/document/9054020/","https://scholar.google.com/scholar?cites=12360499918095670075&as_sdt=2005&sciodt=2007&hl=en",342,"2025-12-14 08:01:17","","","","",,,,,2,0.40,1,4,5,"… Music tone quality evaluation is generally performed by experts. It could be subjective and … and the tone quality is classified by machine learning. The results show that our new method …","https://arxiv.org/pdf/2003.00414","https://scholar.google.com/scholar?q=related:O1tW0C9RiasJ:scholar.google.com/&scioq=guitar%7C%22electric+guitar%22+%22artificial+intelligence%22%7C%22machine+learning%22%7C%22deep+learning%22%7C%22audio+analysis%22+feedback%7C%22performance+analysis%22%7Cevaluation%7Cexpressivity&hl=en&as_sdt=2007"
196,"C Kereliuk, BL Sturm, J Larsen","Deep learning and music adversaries",2015,"IEEE Transactions on …","ieeexplore.ieee.org","https://ieeexplore.ieee.org/abstract/document/7254179/","https://scholar.google.com/scholar?cites=12533945645676557205&as_sdt=2005&sciodt=2007&hl=en",343,"2025-12-14 08:01:17","","","","",,,,,196,19.60,65,3,10,"… 55] build a DNN that maps input spectrogram features to guitar-specific fingerings of chords. … a system operates, and whether the evaluation is any valid reflection of the qualities we …","https://arxiv.org/pdf/1507.04761","https://scholar.google.com/scholar?q=related:lfOaNCiF8a0J:scholar.google.com/&scioq=guitar%7C%22electric+guitar%22+%22artificial+intelligence%22%7C%22machine+learning%22%7C%22deep+learning%22%7C%22audio+analysis%22+feedback%7C%22performance+analysis%22%7Cevaluation%7Cexpressivity&hl=en&as_sdt=2007"
3,"DK Kurniawan, GR Alexander, ...","Deep Learning for Music: A Systematic Literature Review",2023,"2023 International …","ieeexplore.ieee.org","https://ieeexplore.ieee.org/abstract/document/10278072/","https://scholar.google.com/scholar?cites=17866862412982348654&as_sdt=2005&sciodt=2007&hl=en",344,"2025-12-14 08:01:17","","","","",,,,,3,1.50,1,3,2,"… architecture and the LSTM RNN deep learning architecture using datasets such as Acoustic guitar, bass drum, cello, clarinet, double bass, flute, hi-hat, etc. The results given are that the …","","https://scholar.google.com/scholar?q=related:bmuXsLPY8_cJ:scholar.google.com/&scioq=guitar%7C%22electric+guitar%22+%22artificial+intelligence%22%7C%22machine+learning%22%7C%22deep+learning%22%7C%22audio+analysis%22+feedback%7C%22performance+analysis%22%7Cevaluation%7Cexpressivity&hl=en&as_sdt=2007"
26,"H Alsuradi, W Park, M Eid","Explainable classification of EEG data for an active touch task using shapley values",2020,"International Conference on Human-Computer …","Springer","https://link.springer.com/chapter/10.1007/978-3-030-60117-1_30","https://scholar.google.com/scholar?cites=8143949906114596696&as_sdt=2005&sciodt=2007&hl=en",345,"2025-12-14 08:01:17","","10.1007/978-3-030-60117-1_30","","",,,,,26,5.20,9,3,5,"… feedback in the interaction. This study demonstrates the use of explainable machine learning … asked to slide their index finger across guitar strings displayed on a Tanvas touchscreen …","","https://scholar.google.com/scholar?q=related:WE-JhkofBXEJ:scholar.google.com/&scioq=guitar%7C%22electric+guitar%22+%22artificial+intelligence%22%7C%22machine+learning%22%7C%22deep+learning%22%7C%22audio+analysis%22+feedback%7C%22performance+analysis%22%7Cevaluation%7Cexpressivity&hl=en&as_sdt=2007"
9,"T Martins, N Rodríguez-Fernández, SM Rebelo","Artificial Intelligence in Music, Sound, Art and Design: 11th International Conference, EvoMUSART 2022, Held as Part of EvoStar 2022, Madrid, Spain, April …",2022,"","books.google.com","https://books.google.com/books?hl=en&lr=&id=6e5qEAAAQBAJ&oi=fnd&pg=PR5&dq=guitar%7C%22electric+guitar%22+%22artificial+intelligence%22%7C%22machine+learning%22%7C%22deep+learning%22%7C%22audio+analysis%22+feedback%7C%22performance+analysis%22%7Cevaluation%7Cexpressivity&ots=BoG_8lR-9q&sig=cz_Bb8MBJ-V5PEM1uYRHvaDZGfM","https://scholar.google.com/scholar?cites=12761732899849481455&as_sdt=2005&sciodt=2007&hl=en",346,"2025-12-14 08:01:17","BOOK","","","",,,,,9,3.00,3,3,3,"… 1970s, the use of artificial intelligence for the development of … who are using artificial intelligence techniques for artistic … EvoMUSART continued to provide useful feedback to authors…","","https://scholar.google.com/scholar?q=related:76zxNXXIGrEJ:scholar.google.com/&scioq=guitar%7C%22electric+guitar%22+%22artificial+intelligence%22%7C%22machine+learning%22%7C%22deep+learning%22%7C%22audio+analysis%22+feedback%7C%22performance+analysis%22%7Cevaluation%7Cexpressivity&hl=en&as_sdt=2007"
5,"Y Li, G Wang","Chai: Interactive ai tools in chuck",2024,"New Interfaces for Musical Expression","ccrma.stanford.edu","https://ccrma.stanford.edu/~ge/publish/files/2024-nime-chai.pdf","https://scholar.google.com/scholar?cites=7252289258886042093&as_sdt=2005&sciodt=2007&hl=en",347,"2025-12-14 08:01:17","PDF","","","",,,,,5,5.00,3,2,1,"… a collection of interactive machine learning tools for the ChucK … As a holistic evaluation of ChAI as a tool, we present several … gestures as control mechanisms for guitar effects, traditional …","https://ccrma.stanford.edu/~ge/publish/files/2024-nime-chai.pdf","https://scholar.google.com/scholar?q=related:7ZFIHKhOpWQJ:scholar.google.com/&scioq=guitar%7C%22electric+guitar%22+%22artificial+intelligence%22%7C%22machine+learning%22%7C%22deep+learning%22%7C%22audio+analysis%22+feedback%7C%22performance+analysis%22%7Cevaluation%7Cexpressivity&hl=en&as_sdt=2007"
61,"I Manco, B Weck, S Doh, M Won, Y Zhang, ...","The song describer dataset: a corpus of audio captions for music-and-language evaluation",2023,"arXiv preprint arXiv …","arxiv.org","https://arxiv.org/abs/2311.10057","https://scholar.google.com/scholar?cites=461535322246034546&as_sdt=2005&sciodt=2007&hl=en",348,"2025-12-14 08:01:17","","","","",,,,,61,30.50,10,6,2,"… This is a chill folk song with a simple rythm and acoustic guitar, good for a slow morning of … The primary use case for the dataset is the evaluation of machine learning models on tasks …","https://arxiv.org/pdf/2311.10057","https://scholar.google.com/scholar?q=related:cjTFJe6zZwYJ:scholar.google.com/&scioq=guitar%7C%22electric+guitar%22+%22artificial+intelligence%22%7C%22machine+learning%22%7C%22deep+learning%22%7C%22audio+analysis%22+feedback%7C%22performance+analysis%22%7Cevaluation%7Cexpressivity&hl=en&as_sdt=2007"
195,"S Jabeen, X Li, MS Amin, O Bourahla, S Li, ...","A review on methods and applications in multimodal deep learning",2023,"ACM Transactions on …","dl.acm.org","https://dl.acm.org/doi/abs/10.1145/3545572","https://scholar.google.com/scholar?cites=1308884506638118665&as_sdt=2005&sciodt=2007&hl=en",349,"2025-12-14 08:01:17","","10.1145/3545572","","",,,,,195,97.50,33,6,2,"… MMDL methods and applications are categorized into multiple groups, and the impact of feature extractor, deep learning architecture, datasets, and evaluation metrics are analyzed for …","https://www.academia.edu/download/100427721/3545572.pdf","https://scholar.google.com/scholar?q=related:CW8tJoYXKhIJ:scholar.google.com/&scioq=guitar%7C%22electric+guitar%22+%22artificial+intelligence%22%7C%22machine+learning%22%7C%22deep+learning%22%7C%22audio+analysis%22+feedback%7C%22performance+analysis%22%7Cevaluation%7Cexpressivity&hl=en&as_sdt=2007"
134,"CH Yu, Z Qin, FJ Martin-Martinez, MJ Buehler","A self-consistent sonification method to translate amino acid sequences into musical compositions and application in protein design using artificial intelligence",2019,"ACS nano","ACS Publications","https://pubs.acs.org/doi/abs/10.1021/acsnano.9b02180","https://scholar.google.com/scholar?cites=5874368213934389413&as_sdt=2005&sciodt=2007&hl=en",350,"2025-12-14 08:01:17","","10.1021/acsnano.9b02180","","",,,,,134,22.33,34,4,6,"We report a self-consistent method to translate amino acid sequences into audible sound, use the representation in the musical space to train a neural network, and then apply it to …","https://www.academia.edu/download/93697536/acsnano.9b0218020221105-1-1lg1hig.pdf","https://scholar.google.com/scholar?q=related:pbhnT8TyhVEJ:scholar.google.com/&scioq=guitar%7C%22electric+guitar%22+%22artificial+intelligence%22%7C%22machine+learning%22%7C%22deep+learning%22%7C%22audio+analysis%22+feedback%7C%22performance+analysis%22%7Cevaluation%7Cexpressivity&hl=en&as_sdt=2007"
120,"P Gu, R Xiao, G Pan, H Tang","STCA: Spatio-temporal credit assignment with delayed feedback in deep spiking neural networks.",2019,"IJCAI","ijcai.org","https://www.ijcai.org/Proceedings/2019/0189.pdf","https://scholar.google.com/scholar?cites=14611490259499696456&as_sdt=2005&sciodt=2007&hl=en",351,"2025-12-14 08:01:17","PDF","","","",,,,,120,20.00,30,4,6,"… Even worse, the feedback events that the features predict may happen … feedback. This temporal credit assignment (TCA) problem is challenging in both biological and machine learning. …","https://www.ijcai.org/Proceedings/2019/0189.pdf","https://scholar.google.com/scholar?q=related:SEGP3PlwxsoJ:scholar.google.com/&scioq=guitar%7C%22electric+guitar%22+%22artificial+intelligence%22%7C%22machine+learning%22%7C%22deep+learning%22%7C%22audio+analysis%22+feedback%7C%22performance+analysis%22%7Cevaluation%7Cexpressivity&hl=en&as_sdt=2007"
5,"M Comunità, CJ Steinmetz, J Reiss","Differentiable black-box and gray-box modeling of nonlinear audio effects",2025,"Frontiers in Signal Processing","frontiersin.org","https://www.frontiersin.org/journals/signal-processing/articles/10.3389/frsip.2025.1580395/abstract","https://scholar.google.com/scholar?cites=13226898161415240379&as_sdt=2005&sciodt=2007&hl=en",352,"2025-12-14 08:01:17","","10.3389/frsip.2025.1580395","","",,,,,5,5.00,2,3,1,"… and applied to nonlinear effects like guitar amplifiers, overdrive, … metrics and conduct extensive subjective evaluation. Code and … And, with the advancement of machine learning, neural …","https://www.frontiersin.org/journals/signal-processing/articles/10.3389/frsip.2025.1580395/pdf","https://scholar.google.com/scholar?q=related:uzpsd8xhj7cJ:scholar.google.com/&scioq=guitar%7C%22electric+guitar%22+%22artificial+intelligence%22%7C%22machine+learning%22%7C%22deep+learning%22%7C%22audio+analysis%22+feedback%7C%22performance+analysis%22%7Cevaluation%7Cexpressivity&hl=en&as_sdt=2007"
17,"MA Kaliakatsos-Papakostas, A Floros, ...","Intelligent real-time music accompaniment for constraint-free improvisation",2012,"… Artificial Intelligence","ieeexplore.ieee.org","https://ieeexplore.ieee.org/abstract/document/6495079/","https://scholar.google.com/scholar?cites=9595009260636301481&as_sdt=2005&sciodt=2007&hl=en",353,"2025-12-14 08:01:17","","","","",,,,,17,1.31,6,3,13,"… an electric guitar using the Roland GI–20 pitch to MIDI converter, along with a Godin LGXT guitar … for the r parameter, and their fitness evaluation is realized by measuring the distance of …","https://www.academia.edu/download/49528126/Intelligent_real-time_music_accompanimen20161011-6624-16hti6s.pdf","https://scholar.google.com/scholar?q=related:qWjPBBZSKIUJ:scholar.google.com/&scioq=guitar%7C%22electric+guitar%22+%22artificial+intelligence%22%7C%22machine+learning%22%7C%22deep+learning%22%7C%22audio+analysis%22+feedback%7C%22performance+analysis%22%7Cevaluation%7Cexpressivity&hl=en&as_sdt=2007"
28,"SK Kim, HB Kang","An analysis of smartphone overuse recognition in terms of emotions using brainwaves and deep learning",2018,"Neurocomputing","Elsevier","https://www.sciencedirect.com/science/article/pii/S0925231217316107","https://scholar.google.com/scholar?cites=16798222094693968836&as_sdt=2005&sciodt=2007&hl=en",354,"2025-12-14 08:01:17","","","","",,,,,28,4.00,14,2,7,"… to emotion, by examining brainwaves and deep learning. We assessed the asymmetry power with … The deep belief network (DBN) was used as the deep learning method, along with k-…","","https://scholar.google.com/scholar?q=related:xCtajP5FH-kJ:scholar.google.com/&scioq=guitar%7C%22electric+guitar%22+%22artificial+intelligence%22%7C%22machine+learning%22%7C%22deep+learning%22%7C%22audio+analysis%22+feedback%7C%22performance+analysis%22%7Cevaluation%7Cexpressivity&hl=en&as_sdt=2007"
27,"UN Dulhare, S Rasool, MN Khan, B Pant, ...","Analysis of the regulatory development cryptocurrencies for trading in business with deep learning techniques",2022,"2022 2nd …","ieeexplore.ieee.org","https://ieeexplore.ieee.org/abstract/document/9987953/","https://scholar.google.com/scholar?cites=10290293169188489922&as_sdt=2005&sciodt=2007&hl=en",355,"2025-12-14 08:01:17","","","","",,,,,27,9.00,5,5,3,"… guitar and are exposed to advertisements for guitar… evaluation and technical evaluation because of the implications it may have. This project will utilize a wide range of machine learning …","","https://scholar.google.com/scholar?q=related:wsob-B13zo4J:scholar.google.com/&scioq=guitar%7C%22electric+guitar%22+%22artificial+intelligence%22%7C%22machine+learning%22%7C%22deep+learning%22%7C%22audio+analysis%22+feedback%7C%22performance+analysis%22%7Cevaluation%7Cexpressivity&hl=en&as_sdt=2007"
58,"H Vartiainen, T Toivonen, I Jormanainen, ...","Machine learning for middle-schoolers: Children as designers of machine-learning apps",2020,"2020 IEEE frontiers …","ieeexplore.ieee.org","https://ieeexplore.ieee.org/abstract/document/9273981/","https://scholar.google.com/scholar?cites=1830386602877415097&as_sdt=2005&sciodt=2007&hl=en",356,"2025-12-14 08:01:17","","","","",,,,,58,11.60,15,4,5,"… an important feedback loop, as the students could receive immediate feedback on the … Hanna: It doesn't have enough data, for example, about the piano or the guitar, or it has too …","https://www.researchgate.net/profile/Matti-Tedre/publication/344874062_Machine_learning_for_middle-schoolers_Children_as_designers_of_machine-learning_apps/links/63b2c21803aad5368e5ab429/Machine-learning-for-middle-schoolers-Children-as-designers-of-machine-learning-apps.pdf","https://scholar.google.com/scholar?q=related:uW4k4urWZhkJ:scholar.google.com/&scioq=guitar%7C%22electric+guitar%22+%22artificial+intelligence%22%7C%22machine+learning%22%7C%22deep+learning%22%7C%22audio+analysis%22+feedback%7C%22performance+analysis%22%7Cevaluation%7Cexpressivity&hl=en&as_sdt=2007"
67,"M Zeynali, H Seyedarabi, R Afrouzian","Classification of EEG signals using Transformer based deep learning and ensemble models",2023,"Biomedical Signal Processing and …","Elsevier","https://www.sciencedirect.com/science/article/pii/S1746809423005633","https://scholar.google.com/scholar?cites=1129455907200400047&as_sdt=2005&sciodt=2007&hl=en",357,"2025-12-14 08:01:17","","","","",,,,,67,33.50,22,3,2,"… Recently, deep learning-based Transformer models have demonstrated significant potential … model by combining the benefits of both deep learning models and ensemble learning. The …","","https://scholar.google.com/scholar?q=related:r3ol2imirA8J:scholar.google.com/&scioq=guitar%7C%22electric+guitar%22+%22artificial+intelligence%22%7C%22machine+learning%22%7C%22deep+learning%22%7C%22audio+analysis%22+feedback%7C%22performance+analysis%22%7Cevaluation%7Cexpressivity&hl=en&as_sdt=2007"
108,"J Gola, J Webel, D Britz, A Guitar, T Staudt, ...","Objective microstructure classification by support vector machine (SVM) using a combination of morphological parameters and textural features for low carbon steels",2019,"Computational Materials …","Elsevier","https://www.sciencedirect.com/science/article/pii/S0927025619300060","https://scholar.google.com/scholar?cites=11201260629570821903&as_sdt=2005&sciodt=2007&hl=en",358,"2025-12-14 08:01:17","","","","",,,,,108,18.00,18,6,6,"The variety of modern steels is growing steadily. In order to meet the ever tighter tolerance ranges for the properties of these steels, it is important to both understand the manufacturing …","","https://scholar.google.com/scholar?q=related:Dx8jHjLfcpsJ:scholar.google.com/&scioq=guitar%7C%22electric+guitar%22+%22artificial+intelligence%22%7C%22machine+learning%22%7C%22deep+learning%22%7C%22audio+analysis%22+feedback%7C%22performance+analysis%22%7Cevaluation%7Cexpressivity&hl=en&as_sdt=2007"
13,"VG Biradar, G Mukund, S Agarwal, ...","Leveraging deep learning model for image caption generation for scenes description",2023,"… Algorithms and Soft …","ieeexplore.ieee.org","https://ieeexplore.ieee.org/abstract/document/10393602/","https://scholar.google.com/scholar?cites=10607243860840465536&as_sdt=2005&sciodt=2007&hl=en",359,"2025-12-14 08:01:17","","","","",,,,,13,6.50,3,4,2,"… standard databases that are used in evaluation of deep learning models, section III presents … man in red and black black shirt is playing guitar” respectively. This shows that the caprions …","","https://scholar.google.com/scholar?q=related:gMRWgxeANJMJ:scholar.google.com/&scioq=guitar%7C%22electric+guitar%22+%22artificial+intelligence%22%7C%22machine+learning%22%7C%22deep+learning%22%7C%22audio+analysis%22+feedback%7C%22performance+analysis%22%7Cevaluation%7Cexpressivity&hl=en&as_sdt=2007"
4,"S KWATRA, SK Rakshit, JR Fox","Self-learning artificial intelligence voice response based on user behavior during interaction",2022,"US Patent 11,500,660","Google Patents","https://patents.google.com/patent/US11500660B2/en","https://scholar.google.com/scholar?cites=18313439124556812548&as_sdt=2005&sciodt=2007&hl=en",360,"2025-12-14 08:01:17","","","","",,,,,4,1.33,1,3,3,"… the correctly played guitar bane chord 600 can be learned by the machine learning … a chord diagram 602 corresponding to the correctly played guitar barre chord 600 can also …","https://patentimages.storage.googleapis.com/f8/8d/eb/44f64ece04a663/US11500660.pdf","https://scholar.google.com/scholar?q=related:BBHz4tpnJv4J:scholar.google.com/&scioq=guitar%7C%22electric+guitar%22+%22artificial+intelligence%22%7C%22machine+learning%22%7C%22deep+learning%22%7C%22audio+analysis%22+feedback%7C%22performance+analysis%22%7Cevaluation%7Cexpressivity&hl=en&as_sdt=2007"
160,"JP Briot","From artificial neural networks to deep learning for music generation: history, concepts and trends",2021,"Neural Computing and Applications","Springer","https://link.springer.com/article/10.1007/s00521-020-05399-0","https://scholar.google.com/scholar?cites=11892452613844210080&as_sdt=2005&sciodt=2007&hl=en",361,"2025-12-14 08:01:17","","10.1007/s00521-020-05399-0","","",,,,,160,40.00,160,1,4,"… only to traditional statistical machine learning tasks: prediction … in using the capacity of modern deep learning techniques to … music generation based on deep learning techniques. After a …","https://arxiv.org/pdf/2004.03586","https://scholar.google.com/scholar?q=related:oJFZtKR6CqUJ:scholar.google.com/&scioq=guitar%7C%22electric+guitar%22+%22artificial+intelligence%22%7C%22machine+learning%22%7C%22deep+learning%22%7C%22audio+analysis%22+feedback%7C%22performance+analysis%22%7Cevaluation%7Cexpressivity&hl=en&as_sdt=2007"
663,"MJ Timms","Letting artificial intelligence in education out of the box: educational cobots and smart classrooms",2016,"International Journal of Artificial Intelligence in …","Springer","https://link.springer.com/article/10.1007/s40593-016-0095-y","https://scholar.google.com/scholar?cites=3484988498489619327&as_sdt=2005&sciodt=2007&hl=en",362,"2025-12-14 08:01:17","HTML","10.1007/s40593-016-0095-y","","",,,,,663,73.67,663,1,9,"… For example, imagine a student learning to play the guitar in … be sending a signal to the guitar about what chord is to be … Such a system could give feedback to the teacher about how …","https://link.springer.com/article/10.1007/s40593-016-0095-y","https://scholar.google.com/scholar?q=related:f7PLOpMqXTAJ:scholar.google.com/&scioq=guitar%7C%22electric+guitar%22+%22artificial+intelligence%22%7C%22machine+learning%22%7C%22deep+learning%22%7C%22audio+analysis%22+feedback%7C%22performance+analysis%22%7Cevaluation%7Cexpressivity&hl=en&as_sdt=2007"
716,"DC Luvizon, D Picard, H Tabia","2d/3d pose estimation and action recognition using multitask deep learning",2018,"Proceedings of the IEEE …","openaccess.thecvf.com","http://openaccess.thecvf.com/content_cvpr_2018/html/Luvizon_2D3D_Pose_Estimation_CVPR_2018_paper.html","https://scholar.google.com/scholar?cites=15435425306683870020&as_sdt=2005&sciodt=2007&hl=en",363,"2025-12-14 08:01:17","","","","",,,,,716,102.29,239,3,7,"… In this section we present the experimental evaluation of our method in four different categories using four challenging datasets. We show the robustness and the flexibility of our …","http://openaccess.thecvf.com/content_cvpr_2018/papers/Luvizon_2D3D_Pose_Estimation_CVPR_2018_paper.pdf","https://scholar.google.com/scholar?q=related:RIv3OYmlNdYJ:scholar.google.com/&scioq=guitar%7C%22electric+guitar%22+%22artificial+intelligence%22%7C%22machine+learning%22%7C%22deep+learning%22%7C%22audio+analysis%22+feedback%7C%22performance+analysis%22%7Cevaluation%7Cexpressivity&hl=en&as_sdt=2007"
250,"J Liu, S Snodgrass, A Khalifa, S Risi, ...","Deep learning for procedural content generation",2021,"Neural Computing and …","Springer","https://link.springer.com/article/10.1007/s00521-020-05383-8","https://scholar.google.com/scholar?cites=9885440460509089071&as_sdt=2005&sciodt=2007&hl=en",364,"2025-12-14 08:01:17","","10.1007/s00521-020-05383-8","","",,,,,250,62.50,50,5,4,"… The search is led by a fitness or evaluation function which measures the quality or … Levels for music games, such as Guitar Hero or Dance Dance revolution, can be seen as 2D levels as …","https://arxiv.org/pdf/2010.04548","https://scholar.google.com/scholar?q=related:Lw3rOLkjMIkJ:scholar.google.com/&scioq=guitar%7C%22electric+guitar%22+%22artificial+intelligence%22%7C%22machine+learning%22%7C%22deep+learning%22%7C%22audio+analysis%22+feedback%7C%22performance+analysis%22%7Cevaluation%7Cexpressivity&hl=en&as_sdt=2007"
137,"H Vartiainen, T Toivonen, I Jormanainen, ...","Machine learning for middle schoolers: Learning through data-driven design",2021,"International Journal of …","Elsevier","https://www.sciencedirect.com/science/article/pii/S2212868921000222","https://scholar.google.com/scholar?cites=16334632128169360355&as_sdt=2005&sciodt=2007&hl=en",365,"2025-12-14 08:01:17","HTML","","","",,,,,137,34.25,34,4,4,"… children is growing up with machine learning (ML) systems that … makers of their own machine learning applications. It presents a … and software designers in the age of machine learning. …","https://www.sciencedirect.com/science/article/pii/S2212868921000222","https://scholar.google.com/scholar?q=related:47s3QGBFsOIJ:scholar.google.com/&scioq=guitar%7C%22electric+guitar%22+%22artificial+intelligence%22%7C%22machine+learning%22%7C%22deep+learning%22%7C%22audio+analysis%22+feedback%7C%22performance+analysis%22%7Cevaluation%7Cexpressivity&hl=en&as_sdt=2007"
52,"HM Liu, YH Yang","Lead sheet generation and arrangement by conditional generative adversarial network",2018,"… machine learning and applications (ICMLA)","ieeexplore.ieee.org","https://ieeexplore.ieee.org/abstract/document/8614139/","https://scholar.google.com/scholar?cites=6998539373984062534&as_sdt=2005&sciodt=2007&hl=en",366,"2025-12-14 08:01:17","","","","",,,,,52,7.43,26,2,7,"… Many deep learning models have been proposed for lead … MuseGAN creates music of five tracks (strings, piano, guitar, … sheets from TheoryTab for this evaluation. Figure 4 shows the …","https://arxiv.org/pdf/1807.11161","https://scholar.google.com/scholar?q=related:RpznFHvOH2EJ:scholar.google.com/&scioq=guitar%7C%22electric+guitar%22+%22artificial+intelligence%22%7C%22machine+learning%22%7C%22deep+learning%22%7C%22audio+analysis%22+feedback%7C%22performance+analysis%22%7Cevaluation%7Cexpressivity&hl=en&as_sdt=2007"
2,"EKW Lin","Singing voice analysis in popular music using machine learning approaches",2018,"","researchgate.net","https://www.researchgate.net/profile/Kin-Wah-Edward-Lin/publication/330411287_Singing_Voice_Analysis_in_Popular_Music_using_Machine_Learning_Approaches/links/5c3ee021458515a4c7296749/Singing-Voice-Analysis-in-Popular-Music-using-Machine-Learning-Approaches.pdf","https://scholar.google.com/scholar?cites=11489399941022782636&as_sdt=2005&sciodt=2007&hl=en",367,"2025-12-14 08:01:17","PDF","","","",,,,,2,0.29,2,1,7,"Singing Voice is the oldest musical instrument, the sound of which is uttered from the collaboration of our respiratory system, our larynx and our vocal tract. We perceive the sound as …","https://www.researchgate.net/profile/Kin-Wah-Edward-Lin/publication/330411287_Singing_Voice_Analysis_in_Popular_Music_using_Machine_Learning_Approaches/links/5c3ee021458515a4c7296749/Singing-Voice-Analysis-in-Popular-Music-using-Machine-Learning-Approaches.pdf","https://scholar.google.com/scholar?q=related:rJQOd1-Mcp8J:scholar.google.com/&scioq=guitar%7C%22electric+guitar%22+%22artificial+intelligence%22%7C%22machine+learning%22%7C%22deep+learning%22%7C%22audio+analysis%22+feedback%7C%22performance+analysis%22%7Cevaluation%7Cexpressivity&hl=en&as_sdt=2007"
1036,"K Chen, D Zhang, L Yao, B Guo, Z Yu, ...","Deep learning for sensor-based human activity recognition: Overview, challenges, and opportunities",2021,"ACM Computing Surveys …","dl.acm.org","https://dl.acm.org/doi/abs/10.1145/3447744","https://scholar.google.com/scholar?cites=7210620681398197909&as_sdt=2005&sciodt=2007&hl=en",368,"2025-12-14 08:01:17","","10.1145/3447744","","",,,,,1036,259.00,173,6,4,"… for public datasets that can be used for evaluation in different challenge tasks. We then … of the activity recognition system (eg, learning to play guitar for the first time). Third, it is difficult to …","https://arxiv.org/pdf/2001.07416","https://scholar.google.com/scholar?q=related:lR7TZE5FEWQJ:scholar.google.com/&scioq=guitar%7C%22electric+guitar%22+%22artificial+intelligence%22%7C%22machine+learning%22%7C%22deep+learning%22%7C%22audio+analysis%22+feedback%7C%22performance+analysis%22%7Cevaluation%7Cexpressivity&hl=en&as_sdt=2007"
7,"Z Hu","Artist comprehensive ability evaluation and cultivation assistant system based on artificial intelligence",2020,"US Patent App. 16/264,898","Google Patents","https://patents.google.com/patent/US20200250511A1/en","https://scholar.google.com/scholar?cites=12437152928218354449&as_sdt=2005&sciodt=2007&hl=en",369,"2025-12-14 08:01:17","","","","",,,,,7,1.40,7,1,5,"… the present invention relates to the field of artist evaluation and cultivation based on artificial intelligence, in particular to an artist comprehensive ability evaluation and cultivation …","https://patentimages.storage.googleapis.com/36/db/38/8f03cada7c2db6/US20200250511A1.pdf","https://scholar.google.com/scholar?q=related:EROqf7GkmawJ:scholar.google.com/&scioq=guitar%7C%22electric+guitar%22+%22artificial+intelligence%22%7C%22machine+learning%22%7C%22deep+learning%22%7C%22audio+analysis%22+feedback%7C%22performance+analysis%22%7Cevaluation%7Cexpressivity&hl=en&as_sdt=2007"
43,"B Maman, AH Bermano","Unaligned supervision for automatic music transcription in the wild",2022,"… Conference on Machine Learning","proceedings.mlr.press","https://proceedings.mlr.press/v162/maman22a.html","https://scholar.google.com/scholar?cites=7612759621426730574&as_sdt=2005&sciodt=2007&hl=en",370,"2025-12-14 08:01:17","","","","",,,,,43,14.33,22,2,3,"… For guitar training data in Table 4 we use the self-collected ∼ 5 … &Evaluation For quantitative evaluation, we use the 11 instrument classes of MusicNet, with the addition of the guitar (…","https://proceedings.mlr.press/v162/maman22a/maman22a.pdf","https://scholar.google.com/scholar?q=related:TtaTo4r0pWkJ:scholar.google.com/&scioq=guitar%7C%22electric+guitar%22+%22artificial+intelligence%22%7C%22machine+learning%22%7C%22deep+learning%22%7C%22audio+analysis%22+feedback%7C%22performance+analysis%22%7Cevaluation%7Cexpressivity&hl=en&as_sdt=2007"
181,"A Zimmermann-Niefield, M Turner, B Murphy, ...","Youth learning machine learning through building models of athletic moves",2019,"Proceedings of the 18th …","dl.acm.org","https://dl.acm.org/doi/abs/10.1145/3311927.3323139","https://scholar.google.com/scholar?cites=12862850932203655328&as_sdt=2005&sciodt=2007&hl=en",371,"2025-12-14 08:01:17","","10.1145/3311927.3323139","","",,,,,181,30.17,45,4,6,"… ’ would give me a more accurate evaluation of the technique. … munity will investigate how machine learning models can be … to classify different types of guitar playing, which then trigger …","","https://scholar.google.com/scholar?q=related:oBDNxMUGgrIJ:scholar.google.com/&scioq=guitar%7C%22electric+guitar%22+%22artificial+intelligence%22%7C%22machine+learning%22%7C%22deep+learning%22%7C%22audio+analysis%22+feedback%7C%22performance+analysis%22%7Cevaluation%7Cexpressivity&hl=en&as_sdt=2007"
202,"S Oramas, F Barbieri, O Nieto Caballero, X Serra","Multimodal deep learning for music genre classification",2018,"","repositori.upf.edu","https://repositori.upf.edu/items/b1e3ceeb-a3d6-40f8-b568-648388d2263b","https://scholar.google.com/scholar?cites=15364675933882771960&as_sdt=2005&sciodt=2007&hl=en",372,"2025-12-14 08:01:17","","","","",,,,,202,28.86,51,4,7,"… The evaluation of multi-label classification is not necessarily straightforward. Evaluation measures … Thus, the area under the ROC curve (AUC) is often taken as an evaluation measure to …","https://repositori.upf.edu/bitstreams/43d6ad5d-fa94-43f7-bebb-c1df7ae9c4e6/download","https://scholar.google.com/scholar?q=related:-GkTOFtLOtUJ:scholar.google.com/&scioq=guitar%7C%22electric+guitar%22+%22artificial+intelligence%22%7C%22machine+learning%22%7C%22deep+learning%22%7C%22audio+analysis%22+feedback%7C%22performance+analysis%22%7Cevaluation%7Cexpressivity&hl=en&as_sdt=2007"
39,"E Law, B Settles, T Mitchell","Learning to tag from open vocabulary labels",2010,"… European Conference on Machine Learning …","Springer","https://link.springer.com/chapter/10.1007/978-3-642-15883-4_14","https://scholar.google.com/scholar?cites=5548086383736320036&as_sdt=2005&sciodt=2007&hl=en",373,"2025-12-14 08:01:17","","10.1007/978-3-642-15883-4_14","","",,,,,39,2.60,13,3,15,"… We also highlight a key limitation of traditional evaluation methods—comparing against a ground … of music taggers, which traditional evaluation methods will consistently underestimate. …","https://kilthub.cmu.edu/articles/journal_contribution/Learning_to_Tag_from_Open_Vocabulary_Labels/6475856/files/11907227.pdf","https://scholar.google.com/scholar?q=related:JPDIxSvD_kwJ:scholar.google.com/&scioq=guitar%7C%22electric+guitar%22+%22artificial+intelligence%22%7C%22machine+learning%22%7C%22deep+learning%22%7C%22audio+analysis%22+feedback%7C%22performance+analysis%22%7Cevaluation%7Cexpressivity&hl=en&as_sdt=2007"
27,"H Scurto, R Fiebrink","Grab-and-play mapping: Creative machine learning approaches for musical inclusion and exploration",2016,"","research.gold.ac.uk","https://research.gold.ac.uk/id/eprint/18694/","https://scholar.google.com/scholar?cites=9981773538940836501&as_sdt=2005&sciodt=2007&hl=en",374,"2025-12-14 08:01:17","BOOK","","","",,,,,27,3.00,14,2,9,"… We hoped to gather feedback to better understand how our grab-and-play approach could … between physical models of the flute and electric guitar [14], potentially allowing for vast …","https://research.gold.ac.uk/id/eprint/18694/1/ScurtoFiebrink_ICMC2016.pdf","https://scholar.google.com/scholar?q=related:lVr24CVihooJ:scholar.google.com/&scioq=guitar%7C%22electric+guitar%22+%22artificial+intelligence%22%7C%22machine+learning%22%7C%22deep+learning%22%7C%22audio+analysis%22+feedback%7C%22performance+analysis%22%7Cevaluation%7Cexpressivity&hl=en&as_sdt=2007"
4,"D Zagardo","A more practical approach to machine unlearning",2024,"arXiv preprint arXiv:2406.09391","arxiv.org","https://arxiv.org/abs/2406.09391","https://scholar.google.com/scholar?cites=15786652795003673481&as_sdt=2005&sciodt=2007&hl=en",375,"2025-12-14 08:01:17","","","","",,,,,4,4.00,4,1,1,"… Our empirical evaluation confirms that first-epoch gradient ascent … Machine learning models are often trained on vast amounts of data, … Dave is working on building a custom guitar. 16 …","https://arxiv.org/pdf/2406.09391","https://scholar.google.com/scholar?q=related:iRufZhN1FdsJ:scholar.google.com/&scioq=guitar%7C%22electric+guitar%22+%22artificial+intelligence%22%7C%22machine+learning%22%7C%22deep+learning%22%7C%22audio+analysis%22+feedback%7C%22performance+analysis%22%7Cevaluation%7Cexpressivity&hl=en&as_sdt=2007"
10,"V Shepardson, T Magnusson","The living looper: Rethinking the musical loop as a machine action-perception loop",2023,"… of the International Conference on New …","nime.org","https://www.nime.org/proceedings/2023/nime2023_32.pdf","https://scholar.google.com/scholar?cites=15491328663622523582&as_sdt=2005&sciodt=2007&hl=en",376,"2025-12-14 08:01:17","PDF","","","",,,,,10,5.00,5,2,2,"… We explore machine learning algorithms in a similar way. In … Though we focused on a Living Looper for electric guitar in this … We elicited design feedback from musicians and began to …","https://www.nime.org/proceedings/2023/nime2023_32.pdf","https://scholar.google.com/scholar?q=related:vhoMzldB_NYJ:scholar.google.com/&scioq=guitar%7C%22electric+guitar%22+%22artificial+intelligence%22%7C%22machine+learning%22%7C%22deep+learning%22%7C%22audio+analysis%22+feedback%7C%22performance+analysis%22%7Cevaluation%7Cexpressivity&hl=en&as_sdt=2007"
28,"K West, S Cox, P Lamere","Incorporating machine-learning into music similarity estimation",2006,"Proceedings of the 1st ACM workshop on …","dl.acm.org","https://dl.acm.org/doi/abs/10.1145/1178723.1178737","https://scholar.google.com/scholar?cites=9971211572153899137&as_sdt=2005&sciodt=2007&hl=en",377,"2025-12-14 08:01:17","","10.1145/1178723.1178737","","",,,,,28,1.47,9,3,19,"… , our work in machine-learning and classification and provide … Finally, we discuss effective evaluation of our solutions and … as a plucked lute and a plucked guitar string or the confusion …","https://www.academia.edu/download/72734758/Incorporating_machine-learning_into_musi20211015-30328-1xn6glb.pdf","https://scholar.google.com/scholar?q=related:gVh_WhjcYIoJ:scholar.google.com/&scioq=guitar%7C%22electric+guitar%22+%22artificial+intelligence%22%7C%22machine+learning%22%7C%22deep+learning%22%7C%22audio+analysis%22+feedback%7C%22performance+analysis%22%7Cevaluation%7Cexpressivity&hl=en&as_sdt=2007"
21,"VV Eklund","Data augmentation techniques for robust audio analysis",2019,"","trepo.tuni.fi","https://trepo.tuni.fi/bitstream/handle/10024/117251/EklundVilleVeikko.pdf?sequence=2","https://scholar.google.com/scholar?cites=7870721556532207187&as_sdt=2005&sciodt=2007&hl=en",378,"2025-12-14 08:01:17","PDF","","","",,,,,21,3.50,21,1,6,"… Finally, based on the results of evaluation, conclusions are drawn and further design ideas … singer, drum set, clean electric guitar, and distorted electric guitar. With other instruments, the …","https://trepo.tuni.fi/bitstream/handle/10024/117251/EklundVilleVeikko.pdf?sequence=2","https://scholar.google.com/scholar?q=related:U54cB45rOm0J:scholar.google.com/&scioq=guitar%7C%22electric+guitar%22+%22artificial+intelligence%22%7C%22machine+learning%22%7C%22deep+learning%22%7C%22audio+analysis%22+feedback%7C%22performance+analysis%22%7Cevaluation%7Cexpressivity&hl=en&as_sdt=2007"
4,"J Li","Study on integration and application of artificial intelligence and wireless network in piano music teaching",2022,"Computational Intelligence and Neuroscience","Wiley Online Library","https://onlinelibrary.wiley.com/doi/abs/10.1155/2022/8745833","https://scholar.google.com/scholar?cites=2365704841547713004&as_sdt=2005&sciodt=2007&hl=en",379,"2025-12-14 08:01:17","","10.1155/2022/8745833","","",,,,,4,1.33,4,1,3,"… When artificial intelligence was first introduced to the music … styles can benefit from the timbres of the guitar, but rock &roll is … Performance analysis of teaching system’s effect evaluation …","https://onlinelibrary.wiley.com/doi/pdf/10.1155/2022/8745833","https://scholar.google.com/scholar?q=related:7Inf8wSs1CAJ:scholar.google.com/&scioq=guitar%7C%22electric+guitar%22+%22artificial+intelligence%22%7C%22machine+learning%22%7C%22deep+learning%22%7C%22audio+analysis%22+feedback%7C%22performance+analysis%22%7Cevaluation%7Cexpressivity&hl=en&as_sdt=2007"
40,"MS Jalali, C DiGennaro, A Guitar, K Lew, ...","Evolution and reproducibility of simulation modeling in epidemiology and health policy over half a century",2021,"Epidemiologic …","academic.oup.com","https://academic.oup.com/epirev/article-abstract/43/1/166/6368046","https://scholar.google.com/scholar?cites=11809867561047241082&as_sdt=2005&sciodt=2007&hl=en",380,"2025-12-14 08:01:17","","","","",,,,,40,10.00,8,5,4,"… the 100 sampled articles satisfied the 26 evaluation criteria. Of the 26 … the raw evaluation data for replication and extensions. … Finally, using our data set, machine-learning methods may …","https://academic.oup.com/epirev/article/43/1/166/6368046","https://scholar.google.com/scholar?q=related:ejGhtPkT5aMJ:scholar.google.com/&scioq=guitar%7C%22electric+guitar%22+%22artificial+intelligence%22%7C%22machine+learning%22%7C%22deep+learning%22%7C%22audio+analysis%22+feedback%7C%22performance+analysis%22%7Cevaluation%7Cexpressivity&hl=en&as_sdt=2007"
303,"J Le, A Edmonds, V Hester, L Biewald","Ensuring quality in crowdsourced search relevance evaluation: The effects of training question distribution",2010,"… for search evaluation","academia.edu","https://www.academia.edu/download/104813949/leetal.pdf","https://scholar.google.com/scholar?cites=2245599584436006178&as_sdt=2005&sciodt=2007&hl=en",381,"2025-12-14 08:01:17","PDF","","","",,,,,303,20.20,76,4,15,"… a classifier with a machine learning algorithm. Most machine learning algorithms are applied using … Humans are not machines, so when doing machine-learning-like tasks where we use …","https://www.academia.edu/download/104813949/leetal.pdf","https://scholar.google.com/scholar?q=related:Iq0Souz4KR8J:scholar.google.com/&scioq=guitar%7C%22electric+guitar%22+%22artificial+intelligence%22%7C%22machine+learning%22%7C%22deep+learning%22%7C%22audio+analysis%22+feedback%7C%22performance+analysis%22%7Cevaluation%7Cexpressivity&hl=en&as_sdt=2007"
85,"YC Yeh, WY Hsiao, S Fukayama, ...","Automatic melody harmonization with triad chords: A comparative study",2021,"Journal of New Music …","Taylor &Francis","https://www.tandfonline.com/doi/abs/10.1080/09298215.2021.1873392","https://scholar.google.com/scholar?cites=16548443074378030573&as_sdt=2005&sciodt=2007&hl=en",382,"2025-12-14 08:01:17","","10.1080/09298215.2021.1873392","","",,,,,85,21.25,21,4,4,"… We report the result of an objective evaluation using six … non-deep learning based and two deep learning based models … Automatic composition of guitar tabs by transformers and groove …","https://arxiv.org/pdf/2001.02360","https://scholar.google.com/scholar?q=related:7V0Tekzhp-UJ:scholar.google.com/&scioq=guitar%7C%22electric+guitar%22+%22artificial+intelligence%22%7C%22machine+learning%22%7C%22deep+learning%22%7C%22audio+analysis%22+feedback%7C%22performance+analysis%22%7Cevaluation%7Cexpressivity&hl=en&as_sdt=2007"
24,"S Mishra, JM Rzeszotarski","Crowdsourcing and evaluating concept-driven explanations of machine learning models",2021,"Proceedings of the ACM on Human …","dl.acm.org","https://dl.acm.org/doi/abs/10.1145/3449213","https://scholar.google.com/scholar?cites=17446431397377260098&as_sdt=2005&sciodt=2007&hl=en",383,"2025-12-14 08:01:17","","10.1145/3449213","","",,,,,24,6.00,12,2,4,"… Evaluation Task: In our evaluation task, the users were presented with a stimulus, the model response on that stimulus, and its corresponding explanation (Fig. 5). Participants provided …","https://machineteaching.ca/images/crowdsourcing_sm.pdf","https://scholar.google.com/scholar?q=related:QrrktussHvIJ:scholar.google.com/&scioq=guitar%7C%22electric+guitar%22+%22artificial+intelligence%22%7C%22machine+learning%22%7C%22deep+learning%22%7C%22audio+analysis%22+feedback%7C%22performance+analysis%22%7Cevaluation%7Cexpressivity&hl=en&as_sdt=2007"
54,"MAM Ramírez, O Wang, P Smaragdis, ...","Differentiable signal processing with black-box audio effects",2021,"ICASSP 2021-2021 …","ieeexplore.ieee.org","https://ieeexplore.ieee.org/abstract/document/9415103/","https://scholar.google.com/scholar?cites=8616458487580205616&as_sdt=2005&sciodt=2007&hl=en",384,"2025-12-14 08:01:17","","","","",,,,,54,13.50,14,4,4,"… To do so, we present 1) a deep learning architecture in … the attack and decay of the guitar note to emulate the nonlinear … We show quantitative evaluation in Table 1, including number of …","https://arxiv.org/pdf/2105.04752","https://scholar.google.com/scholar?q=related:MCIerlfPk3cJ:scholar.google.com/&scioq=guitar%7C%22electric+guitar%22+%22artificial+intelligence%22%7C%22machine+learning%22%7C%22deep+learning%22%7C%22audio+analysis%22+feedback%7C%22performance+analysis%22%7Cevaluation%7Cexpressivity&hl=en&as_sdt=2007"
1621,"M Fullan, M Langworthy","A rich seam: How new pedagogies find deep learning",2014,"","staging.oer4pacific.org","http://staging.oer4pacific.org/id/eprint/5/","https://scholar.google.com/scholar?cites=4445790130216953177&as_sdt=2005&sciodt=2007&hl=en",385,"2025-12-14 08:01:17","","","","",,,,,1621,147.36,811,2,11,"… In the new pedagogies, feedback between and among teachers and students stands at the … We also figured out how to make Guitar Plecks and the guitar store is testing one out to see …","https://staging.oer4pacific.org/id/eprint/5/1/Rich%20seam.pdf","https://scholar.google.com/scholar?q=related:WeWEkZGesj0J:scholar.google.com/&scioq=guitar%7C%22electric+guitar%22+%22artificial+intelligence%22%7C%22machine+learning%22%7C%22deep+learning%22%7C%22audio+analysis%22+feedback%7C%22performance+analysis%22%7Cevaluation%7Cexpressivity&hl=en&as_sdt=2007"
159,"J Turian, J Shier, HR Khan, B Raj, ...","Hear: Holistic evaluation of audio representations",2022,"NeurIPS 2021 …","proceedings.mlr.press","https://proceedings.mlr.press/v176/turian22a.html","https://scholar.google.com/scholar?cites=6177402604212163525&as_sdt=2005&sciodt=2007&hl=en",386,"2025-12-14 08:01:17","","","","",,,,,159,53.00,32,5,3,"… port good machine learning. And robust evaluation enables general representations. Broad … semantic objects (eg, cat vs dog or guitar vs piano) but are pitch agnostic. Interestingly, …","https://proceedings.mlr.press/v176/turian22a/turian22a.pdf","https://scholar.google.com/scholar?q=related:xZOjcvCKulUJ:scholar.google.com/&scioq=guitar%7C%22electric+guitar%22+%22artificial+intelligence%22%7C%22machine+learning%22%7C%22deep+learning%22%7C%22audio+analysis%22+feedback%7C%22performance+analysis%22%7Cevaluation%7Cexpressivity&hl=en&as_sdt=2007"
52,"M Harrison","Machine learning pocket reference: working with structured data in python",2019,"","books.google.com","https://books.google.com/books?hl=en&lr=&id=RoirDwAAQBAJ&oi=fnd&pg=PP1&dq=guitar%7C%22electric+guitar%22+%22artificial+intelligence%22%7C%22machine+learning%22%7C%22deep+learning%22%7C%22audio+analysis%22+feedback%7C%22performance+analysis%22%7Cevaluation%7Cexpressivity&ots=3bD4tAPKnM&sig=wDWYBdj3xeAQ9Pv7UB9XPUhF6uU","https://scholar.google.com/scholar?cites=17225803125571602738&as_sdt=2005&sciodt=2007&hl=en",387,"2025-12-14 08:01:17","BOOK","","","",,,,,52,8.67,52,1,6,"… next machine learning project. Ideal for programmers, data scientists, and AI engineers, this book includes an overview of the machine learning … and classification evaluation Regression …","","https://scholar.google.com/scholar?q=related:MkmCLq1YDu8J:scholar.google.com/&scioq=guitar%7C%22electric+guitar%22+%22artificial+intelligence%22%7C%22machine+learning%22%7C%22deep+learning%22%7C%22audio+analysis%22+feedback%7C%22performance+analysis%22%7Cevaluation%7Cexpressivity&hl=en&as_sdt=2007"
2,"J Wang","Automatic Classification of Playing Techniques in Guitar Pro Songs",2022,"","search.proquest.com","https://search.proquest.com/openview/1fb23bb74c6f902f34772192cc41f8ef/1?pq-origsite=gscholar&cbl=18750&diss=y","https://scholar.google.com/scholar?cites=2743487753966481685&as_sdt=2005&sciodt=2007&hl=en",388,"2025-12-14 08:01:17","BOOK","","","",,,,,2,0.67,2,1,3,"… expressivity to the song. An example is shown in figure 1.1, which demonstrates a two-track … Additionally, it gives a brief introduction to audio features and machine learning classifiers, …","https://escholarship.mcgill.ca/downloads/3484zp206","https://scholar.google.com/scholar?q=related:FXHOnJPTEiYJ:scholar.google.com/&scioq=guitar%7C%22electric+guitar%22+%22artificial+intelligence%22%7C%22machine+learning%22%7C%22deep+learning%22%7C%22audio+analysis%22+feedback%7C%22performance+analysis%22%7Cevaluation%7Cexpressivity&hl=en&as_sdt=2007"
3,"M Leś, M Woźniak","Transfer of knowledge among instruments in automatic music transcription",2023,"International Conference on Artificial Intelligence and …","Springer","https://link.springer.com/chapter/10.1007/978-3-031-42505-9_11","https://scholar.google.com/scholar?cites=5039747695867293527&as_sdt=2005&sciodt=2007&hl=en",389,"2025-12-14 08:01:17","","10.1007/978-3-031-42505-9_11","","",,,,,3,1.50,2,2,2,"… because models trained on spectrograms for guitar recordings will not learn the same way of … For model evaluation, we used metrics used by other automatic music transcription works …","https://arxiv.org/pdf/2305.00426","https://scholar.google.com/scholar?q=related:V2_D4dPH8EUJ:scholar.google.com/&scioq=guitar%7C%22electric+guitar%22+%22artificial+intelligence%22%7C%22machine+learning%22%7C%22deep+learning%22%7C%22audio+analysis%22+feedback%7C%22performance+analysis%22%7Cevaluation%7Cexpressivity&hl=en&as_sdt=2007"
2,"M McVicar","A Machine Learning Approach to Automatic Chord Extraction",2013,"","academia.edu","https://www.academia.edu/download/40295991/thesis.pdf","https://scholar.google.com/scholar?cites=16751413472974969008&as_sdt=2005&sciodt=2007&hl=en",390,"2025-12-14 08:01:17","PDF","","","",,,,,2,0.17,2,1,12,"… In this thesis we introduce a machine learning based … This is investigated through the use of guitar chord sequences obtained … an evaluation scheme for estimating the alignment quality. …","https://www.academia.edu/download/40295991/thesis.pdf","https://scholar.google.com/scholar?q=related:sJhdBs35eOgJ:scholar.google.com/&scioq=guitar%7C%22electric+guitar%22+%22artificial+intelligence%22%7C%22machine+learning%22%7C%22deep+learning%22%7C%22audio+analysis%22+feedback%7C%22performance+analysis%22%7Cevaluation%7Cexpressivity&hl=en&as_sdt=2007"
3,"Z Xu","Audio Event Classification Using Deep Learning Methods",2018,"","aaltodoc.aalto.fi","https://aaltodoc.aalto.fi/items/dd0d5f9f-46ec-42fb-9f4f-fe43c278971c","https://scholar.google.com/scholar?cites=14951203385680729366&as_sdt=2005&sciodt=2007&hl=en",391,"2025-12-14 08:01:17","","","","",,,,,3,0.43,3,1,7,"… guitar’ is better be classified as its parent class ’guitar’ … evaluation understudy) and METEOR (Metric for Evaluation of Translation with Explicit Ordering). In conclusion, the evaluation …","https://aaltodoc.aalto.fi/bitstreams/566782bd-904f-4017-afc3-8b13357615d3/download","https://scholar.google.com/scholar?q=related:FhUesENYfc8J:scholar.google.com/&scioq=guitar%7C%22electric+guitar%22+%22artificial+intelligence%22%7C%22machine+learning%22%7C%22deep+learning%22%7C%22audio+analysis%22+feedback%7C%22performance+analysis%22%7Cevaluation%7Cexpressivity&hl=en&as_sdt=2007"
5,"S Chheda, A Curtis, E Siegmann, ...","Performance study on CPU-based machine learning with PyTorch",2023,"Proceedings of the HPC …","dl.acm.org","https://dl.acm.org/doi/abs/10.1145/3581576.3581615","https://scholar.google.com/scholar?cites=2777862493316803383&as_sdt=2005&sciodt=2007&hl=en",392,"2025-12-14 08:01:17","","10.1145/3581576.3581615","","",,,,,5,2.50,1,4,2,"… in machine learning by scaling ARM based CPU technology. To that end, we study and present the performance of machine learning … In this section we describe the evaluation strategy …","https://dl.acm.org/doi/pdf/10.1145/3581576.3581615","https://scholar.google.com/scholar?q=related:N2sHTTjzjCYJ:scholar.google.com/&scioq=guitar%7C%22electric+guitar%22+%22artificial+intelligence%22%7C%22machine+learning%22%7C%22deep+learning%22%7C%22audio+analysis%22+feedback%7C%22performance+analysis%22%7Cevaluation%7Cexpressivity&hl=en&as_sdt=2007"
2,"A D'Hooge, L Bigo, K Déguernel","Rhythm Guitar Tablature Continuation from Chord Progression and Tablature Prompt",2023,"DMRN+ 18: Digital Music Research …","hal.science","https://hal.science/hal-04575319/","https://scholar.google.com/scholar?cites=14233750197050779843&as_sdt=2005&sciodt=2007&hl=en",393,"2025-12-14 08:01:17","","","","",,,,,2,1.00,1,3,2,"… Instead of generating rhythm guitar tabs directly, we suggest splitting the problem … machine learning model [2] to more advanced endto-end transformer models [3, 4]. This evaluation will …","https://hal.science/hal-04575319v1/file/Rhythm_Guitar_Tablature_Continuation.pdf","https://scholar.google.com/scholar?q=related:w6jb_GNwiMUJ:scholar.google.com/&scioq=guitar%7C%22electric+guitar%22+%22artificial+intelligence%22%7C%22machine+learning%22%7C%22deep+learning%22%7C%22audio+analysis%22+feedback%7C%22performance+analysis%22%7Cevaluation%7Cexpressivity&hl=en&as_sdt=2007"
4,"M Kučić, L Luić","Tailorscore: Application of innovative teaching and artificial intelligence to encourage creativity",2023,"ICERI2023 Proceedings","library.iated.org","https://library.iated.org/view/KUCIC2023TAI","https://scholar.google.com/scholar?cites=17539923788028059509&as_sdt=2005&sciodt=2007&hl=en",394,"2025-12-14 08:01:17","","","","",,,,,4,2.00,2,2,2,"… paper, classical guitar lessons in primary … artificial intelligence environment, algorithms can continuously iterate and provide personalized learning to students based on their feedback …","https://www.researchgate.net/profile/Ljerka-Luic-3/publication/376107357_TAILORSCORE_APPLICATION_OF_INNOVATIVE_TEACHING_AND_ARTIFICIAL_INTELLIGENCE_TO_ENCOURAGE_CREATIVITY/links/656f9c187344a829b5e212ba/TAILORSCORE-APPLICATION-OF-INNOVATIVE-TEACHING-AND-ARTIFICIAL-INTELLIGENCE-TO-ENCOURAGE-CREATIVITY.pdf","https://scholar.google.com/scholar?q=related:dR_WNMFTavMJ:scholar.google.com/&scioq=guitar%7C%22electric+guitar%22+%22artificial+intelligence%22%7C%22machine+learning%22%7C%22deep+learning%22%7C%22audio+analysis%22+feedback%7C%22performance+analysis%22%7Cevaluation%7Cexpressivity&hl=en&as_sdt=2007"
7,"BL Sturm, C Kereliuk, J Larsen","¿El Caballo Viejo? Latin Genre Recognition with Deep Learning and Spectral Periodicity",2015,"International Conference on Mathematics …","Springer","https://link.springer.com/chapter/10.1007/978-3-319-20603-5_34","https://scholar.google.com/scholar?cites=15452633892472755986&as_sdt=2005&sciodt=2007&hl=en",395,"2025-12-14 08:01:17","","10.1007/978-3-319-20603-5_34","","",,,,,7,0.70,2,3,10,"… ], three systems based on deep learning of spectral periodicity … an unjustified confidence in the validity of this evaluation. … with its standard instrumentation of guitar, maracas and bongos […","https://qmro.qmul.ac.uk/xmlui/bitstream/handle/123456789/16136/Sturm%20%C2%BFEl%20Caballo%20Viejo%3F%20Latin%20Genre%202015%20Accepted.pdf?sequence=2","https://scholar.google.com/scholar?q=related:EhcAVafIctYJ:scholar.google.com/&scioq=guitar%7C%22electric+guitar%22+%22artificial+intelligence%22%7C%22machine+learning%22%7C%22deep+learning%22%7C%22audio+analysis%22+feedback%7C%22performance+analysis%22%7Cevaluation%7Cexpressivity&hl=en&as_sdt=2007"
3,"L Ivanov, J Dunn","Automatic Identification of Guitar Types from Prerecorded Audio.",2020,"FLAIRS","cdn.aaai.org","https://cdn.aaai.org/ocs/18453/18453-79393-1-PB.pdf","https://scholar.google.com/scholar?cites=13983943193146497016&as_sdt=2005&sciodt=2007&hl=en",396,"2025-12-14 08:01:17","PDF","","","",,,,,3,0.60,2,2,5,"… machine learning experiY ments using the MFCC vector sequences extracted from the guitar … Evaluation and classification of steel string guitars using bridge admittances, IsmAГ14, Le …","https://cdn.aaai.org/ocs/18453/18453-79393-1-PB.pdf","https://scholar.google.com/scholar?q=related:-Be9ej7yEMIJ:scholar.google.com/&scioq=guitar%7C%22electric+guitar%22+%22artificial+intelligence%22%7C%22machine+learning%22%7C%22deep+learning%22%7C%22audio+analysis%22+feedback%7C%22performance+analysis%22%7Cevaluation%7Cexpressivity&hl=en&as_sdt=2007"
20,"C Kiefer, D Overholt, A Eldridge","Shaping the behaviour of feedback instruments with complexity-controlled gain dynamics",2020,"20th International Conference on New …","vbn.aau.dk","https://vbn.aau.dk/en/publications/shaping-the-behaviour-of-feedback-instruments-with-complexity-con","https://scholar.google.com/scholar?cites=518974924984634842&as_sdt=2005&sciodt=2007&hl=en",397,"2025-12-14 08:01:17","","","","",,,,,20,4.00,7,3,5,"… audio analysis to show the functional impact of the system on the acoustic response of the instruments to recursive feedback. … Feedback control in an actuated acoustic guitar using …","https://www.nime.org/proceedings/2020/nime2020_paper66.pdf","https://scholar.google.com/scholar?q=related:2k0L0_HEMwcJ:scholar.google.com/&scioq=guitar%7C%22electric+guitar%22+%22artificial+intelligence%22%7C%22machine+learning%22%7C%22deep+learning%22%7C%22audio+analysis%22+feedback%7C%22performance+analysis%22%7Cevaluation%7Cexpressivity&hl=en&as_sdt=2007"
3,"P Rokade, BKR Alluri","Towards quantification of explainability algorithms",2021,"… Conference on Advances in Artificial Intelligence","dl.acm.org","https://dl.acm.org/doi/abs/10.1145/3505711.3505716","https://scholar.google.com/scholar?cites=7597640617700368150&as_sdt=2005&sciodt=2007&hl=en",398,"2025-12-14 08:01:17","","10.1145/3505711.3505716","","",,,,,3,0.75,2,2,4,"… Inspired by earlier work in XAI evaluation, we ""propose"" an evaluation framework consisting of four metrics – (1) Consistency, (2) Efficiency, (3) Integrity and (4) Preciseness, which help …","","https://scholar.google.com/scholar?q=related:Fh8cReM9cGkJ:scholar.google.com/&scioq=guitar%7C%22electric+guitar%22+%22artificial+intelligence%22%7C%22machine+learning%22%7C%22deep+learning%22%7C%22audio+analysis%22+feedback%7C%22performance+analysis%22%7Cevaluation%7Cexpressivity&hl=en&as_sdt=2007"
2069,"M Pazzani, D Billsus","Learning and revising user profiles: The identification of interesting web sites",1997,"Machine learning","Springer","https://link.springer.com/article/10.1023/A:1007369909943","https://scholar.google.com/scholar?cites=14054563727090017243&as_sdt=2005&sciodt=2007&hl=en",399,"2025-12-14 08:01:17","","10.1023/A:1007369909943","","",,,,,2069,73.89,1035,2,28,"… from user feedback on the interestingness of Web sites. Furthermore, the Bayesian classifier may easily be extended to revise user provided profiles. In an experimental evaluation we …","https://link.springer.com/content/pdf/10.1023/A:1007369909943.pdf","https://scholar.google.com/scholar?q=related:22NK2j7XC8MJ:scholar.google.com/&scioq=guitar%7C%22electric+guitar%22+%22artificial+intelligence%22%7C%22machine+learning%22%7C%22deep+learning%22%7C%22audio+analysis%22+feedback%7C%22performance+analysis%22%7Cevaluation%7Cexpressivity&hl=en&as_sdt=2007"
18,"T Pelinski, V Shepardson, S Symons, FS Caspe, ...","Embedded ai for nime: Challenges and opportunities",2022,"","qmro.qmul.ac.uk","https://qmro.qmul.ac.uk/xmlui/bitstream/handle/123456789/80140/Pelinski%20Embedded%20AI%20for%20NIME%202022%20Published.pdf?sequence=2","https://scholar.google.com/scholar?cites=2866419445749414226&as_sdt=2005&sciodt=2007&hl=en",400,"2025-12-14 08:01:17","PDF","","","",,,,,18,6.00,4,5,3,"… of machine learning or symbolic artificial intelligence (AI) … I also have an interest in all guitar-related technologies and … of improv-duo Feedback Cell, and with the feedback-drone-…","https://qmro.qmul.ac.uk/xmlui/bitstream/handle/123456789/80140/Pelinski%20Embedded%20AI%20for%20NIME%202022%20Published.pdf?sequence=2","https://scholar.google.com/scholar?q=related:UnkqiUyRxycJ:scholar.google.com/&scioq=guitar%7C%22electric+guitar%22+%22artificial+intelligence%22%7C%22machine+learning%22%7C%22deep+learning%22%7C%22audio+analysis%22+feedback%7C%22performance+analysis%22%7Cevaluation%7Cexpressivity&hl=en&as_sdt=2007"
335,"K Moran, C Bernal-Cárdenas, M Curcio, ...","Machine learning-based prototyping of graphical user interfaces for mobile apps",2018,"IEEE transactions on …","ieeexplore.ieee.org","https://ieeexplore.ieee.org/abstract/document/8374985/","https://scholar.google.com/scholar?cites=16174487326969824670&as_sdt=2005&sciodt=2007&hl=en",401,"2025-12-14 08:01:17","","","","",,,,,335,47.86,84,4,7,"… Our evaluation illustrates that REDRAW achieves an average GUI-component classification accuracy of 91 percent and assembles prototype applications that closely mirror target mock-…","https://arxiv.org/pdf/1802.02312","https://scholar.google.com/scholar?q=related:ngUYHIdSd-AJ:scholar.google.com/&scioq=guitar%7C%22electric+guitar%22+%22artificial+intelligence%22%7C%22machine+learning%22%7C%22deep+learning%22%7C%22audio+analysis%22+feedback%7C%22performance+analysis%22%7Cevaluation%7Cexpressivity&hl=en&as_sdt=2007"
6,"W Xie, XH Li, Z Lin, LKM Poon, ...","Two-stage holistic and contrastive explanation of image classification",2023,"… Artificial Intelligence","proceedings.mlr.press","https://proceedings.mlr.press/v216/xie23a.html","https://scholar.google.com/scholar?cites=6430810686221531186&as_sdt=2005&sciodt=2007&hl=en",402,"2025-12-14 08:01:17","","","","",,,,,6,3.00,1,5,2,"… Evaluation Metrics: We propose two quantitative metrics to evaluate the contrastive … of an image that include the electric guitar and acoustic guitar among the top predicted classes. …","https://proceedings.mlr.press/v216/xie23a/xie23a.pdf","https://scholar.google.com/scholar?q=related:MjgFSj_UPlkJ:scholar.google.com/&scioq=guitar%7C%22electric+guitar%22+%22artificial+intelligence%22%7C%22machine+learning%22%7C%22deep+learning%22%7C%22audio+analysis%22+feedback%7C%22performance+analysis%22%7Cevaluation%7Cexpressivity&hl=en&as_sdt=2007"
5,"MR Ezilarasan, G Rajesh, KR Vinoth, ...","Blind Source Separation in the Presence of AWGN Using ICA-FFT Algorithms a Machine Learning Process",2023,"Recent Trends in …","taylorfrancis.com","https://www.taylorfrancis.com/chapters/edit/10.1201/9781003388913-34/blind-source-separation-presence-awgn-using-ica-fft-algorithms-machine-learning-process-ezilarasan-rajesh-kumar-vinoth-aanandhasaravanan","https://scholar.google.com/scholar?cites=11949313083994875071&as_sdt=2005&sciodt=2007&hl=en",403,"2025-12-14 08:01:17","","10.1201/9781003388913-34","","",,,,,5,2.50,1,4,2,"… For implementing the proposed module, the music system is taken as input, consider that the music system has three different sounds DrumsS1 Guitar S2 and Human voice S3 these 3 …","","https://scholar.google.com/scholar?q=related:vyRxkfB81KUJ:scholar.google.com/&scioq=guitar%7C%22electric+guitar%22+%22artificial+intelligence%22%7C%22machine+learning%22%7C%22deep+learning%22%7C%22audio+analysis%22+feedback%7C%22performance+analysis%22%7Cevaluation%7Cexpressivity&hl=en&as_sdt=2007"
171,"JX Mi, AD Li, LF Zhou","Review study of interpretation methods for future interpretable machine learning",2020,"IEEE Access","ieeexplore.ieee.org","https://ieeexplore.ieee.org/abstract/document/9234594/","https://scholar.google.com/scholar?cites=10163564484938776407&as_sdt=2005&sciodt=2007&hl=en",404,"2025-12-14 08:01:17","","","","",,,,,171,34.20,57,3,5,"… a guitar), the Anchors method highlights not only the part of the image which contains the guitar … for the evaluation of interpretability: Application-level evaluation (real task); Human-level …","https://ieeexplore.ieee.org/iel7/6287639/8948470/09234594.pdf","https://scholar.google.com/scholar?q=related:Vz-N2Aw8DI0J:scholar.google.com/&scioq=guitar%7C%22electric+guitar%22+%22artificial+intelligence%22%7C%22machine+learning%22%7C%22deep+learning%22%7C%22audio+analysis%22+feedback%7C%22performance+analysis%22%7Cevaluation%7Cexpressivity&hl=en&as_sdt=2007"
7,"B Haq, M Nadeem, I Ali, K Ali, M Raza, ...","Use of expert system in requirements engineering process a systematic literature review",2019,"2019 UK/China …","ieeexplore.ieee.org","https://ieeexplore.ieee.org/abstract/document/8881880/","https://scholar.google.com/scholar?cites=17765142630277626659&as_sdt=2005&sciodt=2007&hl=en",405,"2025-12-14 08:01:17","","","","",,,,,7,1.17,1,6,6,"… GUITAR, a tool providing automated analysis of goals and use cases for incompleteness, incorrectness and inconsistencies. GUITAR … machine learning shows very strong evaluation …","","https://scholar.google.com/scholar?q=related:I7vYNRl3ivYJ:scholar.google.com/&scioq=guitar%7C%22electric+guitar%22+%22artificial+intelligence%22%7C%22machine+learning%22%7C%22deep+learning%22%7C%22audio+analysis%22+feedback%7C%22performance+analysis%22%7Cevaluation%7Cexpressivity&hl=en&as_sdt=2007"
230,"E Pampalk, T Pohle, G Widmer","Dynamic Playlist Generation Based on Skipping Behavior.",2005,"ISMIR","ofai.at","https://www.ofai.at/~elias.pampalk/publications/pam_ismir05b.pdf","https://scholar.google.com/scholar?cites=9480735434300448460&as_sdt=2005&sciodt=2007&hl=en",406,"2025-12-14 08:01:17","PDF","","","",,,,,230,11.50,77,3,20,"… From a statistical (or machine learning) point of view it is … One of the biggest problems for our evaluation is that we do not … , jazz guitar to bossa nova works well because jazz guitar is …","https://www.ofai.at/~elias.pampalk/publications/pam_ismir05b.pdf","https://scholar.google.com/scholar?q=related:zN7veqVWkoMJ:scholar.google.com/&scioq=guitar%7C%22electric+guitar%22+%22artificial+intelligence%22%7C%22machine+learning%22%7C%22deep+learning%22%7C%22audio+analysis%22+feedback%7C%22performance+analysis%22%7Cevaluation%7Cexpressivity&hl=en&as_sdt=2007"
19,"H Alsuradi, C Pawar, W Park, ...","Detection of tactile feedback on touch-screen devices using eeg data",2020,"2020 IEEE Haptics …","ieeexplore.ieee.org","https://ieeexplore.ieee.org/abstract/document/9086297/","https://scholar.google.com/scholar?cites=11596526330002206014&as_sdt=2005&sciodt=2007&hl=en",407,"2025-12-14 08:01:17","","","","",,,,,19,3.80,5,4,5,"… evaluation of the user haptic experience by directly measuring brain activities via EEG devices. In this study, we employed a Machine Learning … task by touching a virtual guitar lines on a …","https://aimlab-haptics.com/s/Detection-of-Tactile-Feedback-on-Touch-screen-Devices-using-EEG-Data.pdf","https://scholar.google.com/scholar?q=related:Pu0-kEEj76AJ:scholar.google.com/&scioq=guitar%7C%22electric+guitar%22+%22artificial+intelligence%22%7C%22machine+learning%22%7C%22deep+learning%22%7C%22audio+analysis%22+feedback%7C%22performance+analysis%22%7Cevaluation%7Cexpressivity&hl=en&as_sdt=2007"
5,"M Shrestha, SP Pandey","Human Action recognition using deep learning methods",2023,"… Conference on Machine Learning …","conference.ioe.edu.np","http://conference.ioe.edu.np/publications/ioegc14/IOEGC-14-045-C3-2-795.pdf","https://scholar.google.com/scholar?cites=3616553966045012990&as_sdt=2005&sciodt=2007&hl=en",408,"2025-12-14 08:01:17","PDF","","","",,,,,5,2.50,3,2,2,"… In deep learning, performance analysis and validation play a critical role to compare the performance of models using different metrics and to validate the model performance…","http://conference.ioe.edu.np/publications/ioegc14/IOEGC-14-045-C3-2-795.pdf","https://scholar.google.com/scholar?q=related:_qMkuauUMDIJ:scholar.google.com/&scioq=guitar%7C%22electric+guitar%22+%22artificial+intelligence%22%7C%22machine+learning%22%7C%22deep+learning%22%7C%22audio+analysis%22+feedback%7C%22performance+analysis%22%7Cevaluation%7Cexpressivity&hl=en&as_sdt=2007"
6,"NMH Hassan, AA Donkol, MM Mabrook, ...","Highly Efficient Machine Learning Approach for Automatic Disease and Color Classification of Olive Fruits",2024,"IEEE …","ieeexplore.ieee.org","https://ieeexplore.ieee.org/abstract/document/10419345/","https://scholar.google.com/scholar?cites=9053873003594891238&as_sdt=2005&sciodt=2007&hl=en",409,"2025-12-14 08:01:17","","","","",,,,,6,6.00,2,4,1,"… The results of proposed fruit extraction were reviewed using different evaluation methods. … reviewed using different evaluation methods (machine learning and deep learning algorithms)…","https://ieeexplore.ieee.org/iel7/6287639/6514899/10419345.pdf","https://scholar.google.com/scholar?q=related:5r_F_IbRpX0J:scholar.google.com/&scioq=guitar%7C%22electric+guitar%22+%22artificial+intelligence%22%7C%22machine+learning%22%7C%22deep+learning%22%7C%22audio+analysis%22+feedback%7C%22performance+analysis%22%7Cevaluation%7Cexpressivity&hl=en&as_sdt=2007"
279,"BL Sturm, JF Santos, O Ben-Tal, ...","Music transcription modelling and composition using deep learning",2016,"arXiv preprint arXiv …","arxiv.org","https://arxiv.org/abs/1604.08723","https://scholar.google.com/scholar?cites=9415376231236938569&as_sdt=2005&sciodt=2007&hl=en",410,"2025-12-14 08:01:17","","","","",,,,,279,31.00,70,4,9,"We apply deep learning methods, specifically long short-term memory (LSTM) networks, to music transcription modelling and composition. We build and train LSTM networks using …","https://arxiv.org/pdf/1604.08723","https://scholar.google.com/scholar?q=related:SauIKcwiqoIJ:scholar.google.com/&scioq=guitar%7C%22electric+guitar%22+%22artificial+intelligence%22%7C%22machine+learning%22%7C%22deep+learning%22%7C%22audio+analysis%22+feedback%7C%22performance+analysis%22%7Cevaluation%7Cexpressivity&hl=en&as_sdt=2007"
13,"R Harlow, M Petersson, R Ek, F Visi, S Östersjö","Global Hyperorgan: a platform for telematic musicking and research",2021,"NIME","scholarworks.uni.edu","https://scholarworks.uni.edu/facpub/6488/","https://scholar.google.com/scholar?cites=18213944853951807279&as_sdt=2005&sciodt=2007&hl=en",411,"2025-12-14 08:01:17","","","","",,,,,13,3.25,3,5,4,"… In this study, input from a MIDI guitar was … feedback to the artificial agent through a reinforcement learning procedure called Assisted Interactive Machine Learning (AIML) [10]. After a …","https://scholarworks.uni.edu/cgi/viewcontent.cgi?article=7492&context=facpub","https://scholar.google.com/scholar?q=related:L_9Z0lfuxPwJ:scholar.google.com/&scioq=guitar%7C%22electric+guitar%22+%22artificial+intelligence%22%7C%22machine+learning%22%7C%22deep+learning%22%7C%22audio+analysis%22+feedback%7C%22performance+analysis%22%7Cevaluation%7Cexpressivity&hl=en&as_sdt=2007"
18,"P Manocha, A Kumar, B Xu, A Menon, ...","Dplm: A deep perceptual spatial-audio localization metric",2021,"… IEEE Workshop on …","ieeexplore.ieee.org","https://ieeexplore.ieee.org/abstract/document/9632781/","https://scholar.google.com/scholar?cites=7160617804830883292&as_sdt=2005&sciodt=2007&hl=en",412,"2025-12-14 08:01:17","","","","",,,,,18,4.50,4,5,4,"… Sound-quality evaluation tests are critical because they … algorithms are machine learning (or deep learning) driven and … using speech, pink noise and guitar sounds for stimuli. We have …","https://arxiv.org/pdf/2105.14180","https://scholar.google.com/scholar?q=related:3D1IdfSfX2MJ:scholar.google.com/&scioq=guitar%7C%22electric+guitar%22+%22artificial+intelligence%22%7C%22machine+learning%22%7C%22deep+learning%22%7C%22audio+analysis%22+feedback%7C%22performance+analysis%22%7Cevaluation%7Cexpressivity&hl=en&as_sdt=2007"
46,"E Carlson, P Saari, B Burger, ...","Dance to your own drum: Identification of musical genre and individual dancer from motion capture using machine learning",2020,"Journal of New Music …","Taylor &Francis","https://www.tandfonline.com/doi/abs/10.1080/09298215.2020.1711778","https://scholar.google.com/scholar?cites=2049876098727179658&as_sdt=2005&sciodt=2007&hl=en",413,"2025-12-14 08:01:17","","10.1080/09298215.2020.1711778","","",,,,,46,9.20,12,4,5,"… with the presence of kick drum and bass guitar, uniquely related to the speed of head … Once features have been chosen and computed, a method of evaluation should be chosen, …","https://www.academia.edu/download/105451895/09298215.2020.171177820230902-1-d6bl4o.pdf","https://scholar.google.com/scholar?q=related:inUyenOfchwJ:scholar.google.com/&scioq=guitar%7C%22electric+guitar%22+%22artificial+intelligence%22%7C%22machine+learning%22%7C%22deep+learning%22%7C%22audio+analysis%22+feedback%7C%22performance+analysis%22%7Cevaluation%7Cexpressivity&hl=en&as_sdt=2007"
119,"Z Shu, C Qi, S Xin, C Hu, L Wang, Y Zhang, ...","Unsupervised 3D shape segmentation and co-segmentation via deep learning",2016,"… Aided Geometric Design","Elsevier","https://www.sciencedirect.com/science/article/pii/S0167839616300164","https://scholar.google.com/scholar?cites=7869351863611195866&as_sdt=2005&sciodt=2007&hl=en",414,"2025-12-14 08:01:17","","","","",,,,,119,13.22,17,7,9,"In this paper, we propose a novel unsupervised algorithm for automatically segmenting a single 3D shape or co-segmenting a family of 3D shapes using deep learning. The algorithm …","http://staff.ustc.edu.cn/~lgliu/Publications/Publications/2016_CAGD_CosegDeepLearning.pdf","https://scholar.google.com/scholar?q=related:2oEai9ONNW0J:scholar.google.com/&scioq=guitar%7C%22electric+guitar%22+%22artificial+intelligence%22%7C%22machine+learning%22%7C%22deep+learning%22%7C%22audio+analysis%22+feedback%7C%22performance+analysis%22%7Cevaluation%7Cexpressivity&hl=en&as_sdt=2007"
21,"Y Lavinia, H Vo, A Verma","New colour fusion deep learning model for large-scale action recognition",2020,"International journal of …","inderscienceonline.com","https://www.inderscienceonline.com/doi/abs/10.1504/IJCVR.2020.104356","https://scholar.google.com/scholar?cites=4041835704314243167&as_sdt=2005&sciodt=2007&hl=en",415,"2025-12-14 08:01:17","","10.1504/IJCVR.2020.104356","","",,,,,21,4.20,7,3,5,"In this work we propose a fusion methodology that takes advantage of multiple deep convolutional neural network (CNN) models and two colour spaces RGB and oRGB to improve …","https://www.ecs.csun.edu/~av884538/publication/2020IJCVR1.pdf","https://scholar.google.com/scholar?q=related:XygklCh8FzgJ:scholar.google.com/&scioq=guitar%7C%22electric+guitar%22+%22artificial+intelligence%22%7C%22machine+learning%22%7C%22deep+learning%22%7C%22audio+analysis%22+feedback%7C%22performance+analysis%22%7Cevaluation%7Cexpressivity&hl=en&as_sdt=2007"
34,"M Martinez Ramirez, D Stoller, ...","A deep learning approach to intelligent drum mixing with the Wave-U-Net",2021,"Journal of the Audio …","pearl.plymouth.ac.uk","https://pearl.plymouth.ac.uk/secam-research/1841/","https://scholar.google.com/scholar?cites=10324705530845697760&as_sdt=2005&sciodt=2007&hl=en",416,"2025-12-14 08:01:17","","","","",,,,,34,8.50,11,3,4,"… machine learning approach, presented in Section 2.2. Section 2.3 presents the dataset that we will use for training and evaluation of … -time guitar amplifier emulation with deep learning,” …","https://pearl.plymouth.ac.uk/cgi/viewcontent.cgi?article=2840&context=secam-research","https://scholar.google.com/scholar?q=related:4JaRSPq4SI8J:scholar.google.com/&scioq=guitar%7C%22electric+guitar%22+%22artificial+intelligence%22%7C%22machine+learning%22%7C%22deep+learning%22%7C%22audio+analysis%22+feedback%7C%22performance+analysis%22%7Cevaluation%7Cexpressivity&hl=en&as_sdt=2007"
38,"X Gong, Y Zhu, H Zhu, H Wei","Chmusic: a traditional Chinese music dataset for evaluation of instrument recognition",2021,"… of the 4th international conference on big …","dl.acm.org","https://dl.acm.org/doi/abs/10.1145/3490322.3490351","https://scholar.google.com/scholar?cites=5537040834309038420&as_sdt=2005&sciodt=2007&hl=en",417,"2025-12-14 08:01:17","","10.1145/3490322.3490351","","",,,,,38,9.50,10,4,4,"… Deep learning is great tool for image processing [1–3], video processing [4–6], natural … While deep learning based approaches rely on proper datasets to train model and evaluate …","https://arxiv.org/pdf/2108.08470","https://scholar.google.com/scholar?q=related:VKHSY02F10wJ:scholar.google.com/&scioq=guitar%7C%22electric+guitar%22+%22artificial+intelligence%22%7C%22machine+learning%22%7C%22deep+learning%22%7C%22audio+analysis%22+feedback%7C%22performance+analysis%22%7Cevaluation%7Cexpressivity&hl=en&as_sdt=2007"
412,"JP Briot, G Hadjeres, FD Pachet","Deep learning techniques for music generation",2020,"","Springer","https://link.springer.com/content/pdf/10.1007/978-3-319-70163-9.pdf","https://scholar.google.com/scholar?cites=13689708572067074544&as_sdt=2005&sciodt=2007&hl=en",418,"2025-12-14 08:01:17","BOOK","10.1007/978-3-319-70163-9","","",,,,,412,82.40,137,3,5,"… loop of recommendation and feedback. The problem calls for an interdisciplinary perspective, combining fields such as machine learning, artificial intelligence, engineering, design, and …","https://webia.lip6.fr/~briot/cours/unirio/Transparents/dlmg-4-autoencoder.pdf","https://scholar.google.com/scholar?q=related:8JGtRGqd-70J:scholar.google.com/&scioq=guitar%7C%22electric+guitar%22+%22artificial+intelligence%22%7C%22machine+learning%22%7C%22deep+learning%22%7C%22audio+analysis%22+feedback%7C%22performance+analysis%22%7Cevaluation%7Cexpressivity&hl=en&as_sdt=2007"
38,"J Avila, T Hauck","Scikit-learn cookbook: over 80 recipes for machine learning in Python with scikit-learn",2017,"","books.google.com","https://books.google.com/books?hl=en&lr=&id=kkFPDwAAQBAJ&oi=fnd&pg=PP1&dq=guitar%7C%22electric+guitar%22+%22artificial+intelligence%22%7C%22machine+learning%22%7C%22deep+learning%22%7C%22audio+analysis%22+feedback%7C%22performance+analysis%22%7Cevaluation%7Cexpressivity&ots=k9x499qWgH&sig=lOelOuKVqHsBmw18MXMjV0Hpru0","https://scholar.google.com/scholar?cites=18218307823624042580&as_sdt=2005&sciodt=2007&hl=en",419,"2025-12-14 08:01:17","BOOK","","","",,,,,38,4.75,19,2,8,"… and flamenco guitar, machine learning, and artificial intelligence … Feedback from our readers is always welcome. Let us know … Reader feedback is important for us as it helps us develop …","","https://scholar.google.com/scholar?q=related:VLjU23Bu1PwJ:scholar.google.com/&scioq=guitar%7C%22electric+guitar%22+%22artificial+intelligence%22%7C%22machine+learning%22%7C%22deep+learning%22%7C%22audio+analysis%22+feedback%7C%22performance+analysis%22%7Cevaluation%7Cexpressivity&hl=en&as_sdt=2007"
28,"G Meseguer-Brocal, G Peeters, ...","WASABI: a two million song database project with audio and cultural metadata plus WebAudio enhanced client applications",2017,"Web Audio …","univ-cotedazur.hal.science","https://univ-cotedazur.hal.science/hal-01589250/","https://scholar.google.com/scholar?cites=13637246799763533205&as_sdt=2005&sciodt=2007&hl=en",420,"2025-12-14 08:01:17","","","","",,,,,28,3.50,9,3,8,"… mixing table, guitar amp simulations with a virtual pedalboard, audio analysis visualization tools, … We will test and adapt machine learning algorithms to capture information of emotions …","https://univ-cotedazur.hal.science/hal-01589250/file/WasabiFinal.pdf","https://scholar.google.com/scholar?q=related:le08DrY7Qb0J:scholar.google.com/&scioq=guitar%7C%22electric+guitar%22+%22artificial+intelligence%22%7C%22machine+learning%22%7C%22deep+learning%22%7C%22audio+analysis%22+feedback%7C%22performance+analysis%22%7Cevaluation%7Cexpressivity&hl=en&as_sdt=2007"
63,"J Sterne, E Razlogova","Machine learning in context, or learning from LANDR: Artificial intelligence and the platformization of music mastering",2019,"Social Media+ Society","journals.sagepub.com","https://journals.sagepub.com/doi/abs/10.1177/2056305119847525","https://scholar.google.com/scholar?cites=9881217818139939061&as_sdt=2005&sciodt=2007&hl=en",421,"2025-12-14 08:01:17","","10.1177/2056305119847525","","",,,,,63,10.50,32,2,6,"This article proposes a contextualist approach to machine learning and aesthetics, using … machine learning, branded as artificial intelligence (AI). Increasingly, machine learning will …","https://journals.sagepub.com/doi/pdf/10.1177/2056305119847525","https://scholar.google.com/scholar?q=related:9dB9rkAjIYkJ:scholar.google.com/&scioq=guitar%7C%22electric+guitar%22+%22artificial+intelligence%22%7C%22machine+learning%22%7C%22deep+learning%22%7C%22audio+analysis%22+feedback%7C%22performance+analysis%22%7Cevaluation%7Cexpressivity&hl=en&as_sdt=2007"
19,"PL Louro, H Redinho, R Malheiro, RP Paiva, R Panda","A comparison study of deep learning methodologies for music emotion recognition",2024,"Sensors","mdpi.com","https://www.mdpi.com/1424-8220/24/7/2201","https://scholar.google.com/scholar?cites=11870993691828935498&as_sdt=2005&sciodt=2007&hl=en",422,"2025-12-14 08:01:17","HTML","","","",,,,,19,19.00,4,5,1,"… To ensure that the synthesized samples do not distort the evaluation of the model, we first … sample is used for evaluation and preserves the viability of the evaluation metrics. With this …","https://www.mdpi.com/1424-8220/24/7/2201","https://scholar.google.com/scholar?q=related:SttdFN49vqQJ:scholar.google.com/&scioq=guitar%7C%22electric+guitar%22+%22artificial+intelligence%22%7C%22machine+learning%22%7C%22deep+learning%22%7C%22audio+analysis%22+feedback%7C%22performance+analysis%22%7Cevaluation%7Cexpressivity&hl=en&as_sdt=2007"
5,"C Johnson, N Rodríguez-Fernández, SM Rebelo","Artificial Intelligence in Music, Sound, Art and Design: 12th International Conference, EvoMUSART 2023, Held as Part of EvoStar 2023, Brno, Czech Republic …",2023,"","books.google.com","https://books.google.com/books?hl=en&lr=&id=TyG3EAAAQBAJ&oi=fnd&pg=PR5&dq=guitar%7C%22electric+guitar%22+%22artificial+intelligence%22%7C%22machine+learning%22%7C%22deep+learning%22%7C%22audio+analysis%22+feedback%7C%22performance+analysis%22%7Cevaluation%7Cexpressivity&ots=Vf699dIU3P&sig=jlSocDoXnBuyUbZsuT2fFaNqToc","https://scholar.google.com/scholar?cites=13500749090957189814&as_sdt=2005&sciodt=2007&hl=en",423,"2025-12-14 08:01:17","BOOK","","","",,,,,5,2.50,2,3,2,"… the multi-track tablature editing software Guitar Pro. A Guitar Pro formatted song is first converted … Our statistical evaluation showed a significant effect of generation type on all four Likert …","","https://scholar.google.com/scholar?q=related:tmIuqMRLXLsJ:scholar.google.com/&scioq=guitar%7C%22electric+guitar%22+%22artificial+intelligence%22%7C%22machine+learning%22%7C%22deep+learning%22%7C%22audio+analysis%22+feedback%7C%22performance+analysis%22%7Cevaluation%7Cexpressivity&hl=en&as_sdt=2007"
51,"J Ahmad, K Muhammad, SW Baik","Data augmentation-assisted deep learning of hand-drawn partially colored sketches for visual search",2017,"PloS one","journals.plos.org","https://journals.plos.org/plosone/article?id=10.1371/journal.pone.0183838","https://scholar.google.com/scholar?cites=3368560864057612086&as_sdt=2005&sciodt=2007&hl=en",424,"2025-12-14 08:01:17","HTML","","","",,,,,51,6.38,17,3,8,"… results using relevance feedback mechanisms. Although … used the recent powerful deep learning based approaches which … We want your feedback. Do these Subject Areas make sense …","https://journals.plos.org/plosone/article?id=10.1371/journal.pone.0183838","https://scholar.google.com/scholar?q=related:NtdvKkKIvy4J:scholar.google.com/&scioq=guitar%7C%22electric+guitar%22+%22artificial+intelligence%22%7C%22machine+learning%22%7C%22deep+learning%22%7C%22audio+analysis%22+feedback%7C%22performance+analysis%22%7Cevaluation%7Cexpressivity&hl=en&as_sdt=2007"
5,"J West, L Thiemt, S Ahmed, M Bartig, ...","A picture is worth 500 labels: A case study of demographic disparities in local machine learning models for Instagram and TikTok",2024,"… IEEE Symposium on …","ieeexplore.ieee.org","https://ieeexplore.ieee.org/abstract/document/10646743/","https://scholar.google.com/scholar?cites=1021547018989486933&as_sdt=2005&sciodt=2007&hl=en",425,"2025-12-14 08:01:17","","","","",,,,,5,5.00,1,5,1,"… Our evaluation reveals that age prediction fails drastically for individuals below 19 and that gender prediction is problematic for black individuals. The detailed results are in Section 5. …","https://arxiv.org/pdf/2403.19717?","https://scholar.google.com/scholar?q=related:VUM69JlDLQ4J:scholar.google.com/&scioq=guitar%7C%22electric+guitar%22+%22artificial+intelligence%22%7C%22machine+learning%22%7C%22deep+learning%22%7C%22audio+analysis%22+feedback%7C%22performance+analysis%22%7Cevaluation%7Cexpressivity&hl=en&as_sdt=2007"
12,"J Kuang, T Yang","Popular Song Composition Based on Deep Learning and Neural Network",2021,"Journal of Mathematics","Wiley Online Library","https://onlinelibrary.wiley.com/doi/abs/10.1155/2021/7164817","https://scholar.google.com/scholar?cites=6686372939559021512&as_sdt=2005&sciodt=2007&hl=en",426,"2025-12-14 08:01:17","Retracted","10.1155/2021/7164817","","",,,,,12,3.00,6,2,4,"… Most composers like to use guitar or piano to create while … development needs, artificial intelligence has accelerated its … neural network increases the feedback link from hidden layer to …","https://onlinelibrary.wiley.com/doi/pdf/10.1155/2021/7164817","https://scholar.google.com/scholar?q=related:yCszOsPEylwJ:scholar.google.com/&scioq=guitar%7C%22electric+guitar%22+%22artificial+intelligence%22%7C%22machine+learning%22%7C%22deep+learning%22%7C%22audio+analysis%22+feedback%7C%22performance+analysis%22%7Cevaluation%7Cexpressivity&hl=en&as_sdt=2007"
3,"JCW Chen","Mobile learning as deep learning: Content analysis of in-service primary school music teachers' lesson plans in mobile music creation",2024,"International Journal of Music Education","journals.sagepub.com","https://journals.sagepub.com/doi/abs/10.1177/02557614231191520","https://scholar.google.com/scholar?cites=15930997346745946651&as_sdt=2005&sciodt=2007&hl=en",427,"2025-12-14 08:01:17","","10.1177/02557614231191520","","",,,,,3,3.00,3,1,1,"… sets, electric bass and electric guitar on the GarageBand … provide feedback to adjust behaviour to achieve deep learning. … in the application, and provided feedback to students to adjust …","https://www.researchgate.net/profile/Chi-Wai-Chen/publication/373333518_Mobile_learning_as_deep_learning_Content_analysis_of_in-service_primary_school_music_teachers'_lesson_plans_in_mobile_music_creation/links/64e6c85b0acf2e2b520d8d75/Mobile-learning-as-deep-learning-Content-analysis-of-in-service-primary-school-music-teachers-lesson-plans-in-mobile-music-creation.pdf","https://scholar.google.com/scholar?q=related:G5J7Sq5FFt0J:scholar.google.com/&scioq=guitar%7C%22electric+guitar%22+%22artificial+intelligence%22%7C%22machine+learning%22%7C%22deep+learning%22%7C%22audio+analysis%22+feedback%7C%22performance+analysis%22%7Cevaluation%7Cexpressivity&hl=en&as_sdt=2007"
6,"S Poonia, C Verma, N Malik","Music Genre Classification using Machine Learning A Comparative Study",2022,"IITM Journal of Management and IT","journalskart.com","https://journalskart.com/journals/iitm/article/view/452","https://scholar.google.com/scholar?cites=10610684193306217770&as_sdt=2005&sciodt=2007&hl=en",428,"2025-12-14 08:01:17","","","","",,,,,6,2.00,2,3,3,"… But if you play a guitar string, you’ll hear many different tones because each note contains … Each model was validated by performing three repeated 10fold cross-evaluation. These …","https://journalskart.com/journals/iitm/article/download/452/434","https://scholar.google.com/scholar?q=related:Ko3eVQ65QJMJ:scholar.google.com/&scioq=guitar%7C%22electric+guitar%22+%22artificial+intelligence%22%7C%22machine+learning%22%7C%22deep+learning%22%7C%22audio+analysis%22+feedback%7C%22performance+analysis%22%7Cevaluation%7Cexpressivity&hl=en&as_sdt=2007"
1,"Z Wang, J Li, X Chen, Z Li, S Zhang, B Han, D Yang","Deep Learning vs. Traditional MIR: a Case Study on Musical Instrument Playing Technique Detection",2020,"MML 2020","researchgate.net","https://www.researchgate.net/profile/Bruna-Wundervald/publication/344332747_Feature_Engineering_for_Genre_Characterization_in_Brazilian_Music/links/5f68fc39299bf1b53ee96f7f/Feature-Engineering-for-Genre-Characterization-in-Brazilian-Music.pdf#page=7","https://scholar.google.com/scholar?cites=537488818528634588&as_sdt=2005&sciodt=2007&hl=en",429,"2025-12-14 08:01:17","PDF","","","",,,,,1,0.20,0,7,5,"… , and performance analysis. For example, authors of [6] proposed a transcription system for electronic guitar, which transcribes both the notes and performance technique symbols. …","https://www.researchgate.net/profile/Bruna-Wundervald/publication/344332747_Feature_Engineering_for_Genre_Characterization_in_Brazilian_Music/links/5f68fc39299bf1b53ee96f7f/Feature-Engineering-for-Genre-Characterization-in-Brazilian-Music.pdf#page=7","https://scholar.google.com/scholar?q=related:3MYkkzuLdQcJ:scholar.google.com/&scioq=guitar%7C%22electric+guitar%22+%22artificial+intelligence%22%7C%22machine+learning%22%7C%22deep+learning%22%7C%22audio+analysis%22+feedback%7C%22performance+analysis%22%7Cevaluation%7Cexpressivity&hl=en&as_sdt=2007"
11,"N Zhang, J Yan, JP Briot","Artificial intelligence techniques for pop music creation: A real music production perspective",2023,"","hal.science","https://hal.science/hal-04363458/","https://scholar.google.com/scholar?cites=17038229013636104521&as_sdt=2005&sciodt=2007&hl=en",430,"2025-12-14 08:01:17","","","","",,,,,11,5.50,4,3,2,"… 5 tracks: bass, drums, guitar, piano and strings. The … evaluation methodologies for music generation techniques is critical. Current approaches often rely on subjective human evaluation, …","https://hal.science/hal-04363458v1/file/SSRN-id4490102.pdf","https://scholar.google.com/scholar?q=related:ScGI9wPzc-wJ:scholar.google.com/&scioq=guitar%7C%22electric+guitar%22+%22artificial+intelligence%22%7C%22machine+learning%22%7C%22deep+learning%22%7C%22audio+analysis%22+feedback%7C%22performance+analysis%22%7Cevaluation%7Cexpressivity&hl=en&as_sdt=2007"
226,"F Carnovalini, A Rodà","Computational creativity and music generation systems: An introduction to the state of the art",2020,"Frontiers in Artificial Intelligence","frontiersin.org","https://www.frontiersin.org/journals/artificial-intelligence/articles/10.3389/frai.2020.00014/full","https://scholar.google.com/scholar?cites=5751988829659185354&as_sdt=2005&sciodt=2007&hl=en",431,"2025-12-14 08:01:17","HTML","10.3389/frai.2020.00014","","",,,,,226,45.20,113,2,5,"… To do so, we first give a picture of the research on the definition and the evaluation of … creative behaviors and its importance within Artificial Intelligence studies. We then review the state …","https://www.frontiersin.org/journals/artificial-intelligence/articles/10.3389/frai.2020.00014/full","https://scholar.google.com/scholar?q=related:ysDZf10r008J:scholar.google.com/&scioq=guitar%7C%22electric+guitar%22+%22artificial+intelligence%22%7C%22machine+learning%22%7C%22deep+learning%22%7C%22audio+analysis%22+feedback%7C%22performance+analysis%22%7Cevaluation%7Cexpressivity&hl=en&as_sdt=2007"
28,"J McVay, DA Carnegie, JW Murphy, A Kapur","Mechbass: A systems overview of a new four-stringed robotic bass guitar",2012,"School of Engineering …","Citeseer","","https://scholar.google.com/scholar?cites=13767133840526113309&as_sdt=2005&sciodt=2007&hl=en",432,"2025-12-14 08:01:17","CITATION","","","",,,,,28,2.15,7,4,13,"","","https://scholar.google.com/scholar?q=related:HXrRW0mvDr8J:scholar.google.com/&scioq=guitar%7C%22electric+guitar%22+%22artificial+intelligence%22%7C%22machine+learning%22%7C%22deep+learning%22%7C%22audio+analysis%22+feedback%7C%22performance+analysis%22%7Cevaluation%7Cexpressivity&hl=en&as_sdt=2007"
26,"A Wright, V Valimaki","Neural modeling of phaser and flanging effects",2021,"Journal of the Audio Engineering Society","research.ed.ac.uk","https://www.research.ed.ac.uk/en/publications/neural-modeling-of-phaser-and-flanging-effects","https://scholar.google.com/scholar?cites=2295122810143215462&as_sdt=2005&sciodt=2007&hl=en",433,"2025-12-14 08:01:17","","","","",,,,,26,6.50,13,2,4,"… The use of neural networks and deep learning has recently … Feedback comb filters can also be used to create a flanging … the IDMT-SMTGuitar database [32] for guitar transcription and 4 …","https://www.research.ed.ac.uk/files/410167516/21119.pdf","https://scholar.google.com/scholar?q=related:Zo97Jgnq2R8J:scholar.google.com/&scioq=guitar%7C%22electric+guitar%22+%22artificial+intelligence%22%7C%22machine+learning%22%7C%22deep+learning%22%7C%22audio+analysis%22+feedback%7C%22performance+analysis%22%7Cevaluation%7Cexpressivity&hl=en&as_sdt=2007"
82,"MM Adnan, MSM Rahim, A Rehman, Z Mehmood, ...","Automatic image annotation based on deep learning models: a systematic review and future challenges",2021,"IEEe …","ieeexplore.ieee.org","https://ieeexplore.ieee.org/abstract/document/9386110/","https://scholar.google.com/scholar?cites=3989832882467771344&as_sdt=2005&sciodt=2007&hl=en",434,"2025-12-14 08:01:17","","","","",,,,,82,20.50,16,5,4,"… method was conducted, focusing more on deep learning models. Automatic image annotation (AIA) … Moreover, the evaluation metrics used to evaluate AIA methods were reviewed and …","https://ieeexplore.ieee.org/iel7/6287639/6514899/09386110.pdf","https://scholar.google.com/scholar?q=related:0BOqGN67XjcJ:scholar.google.com/&scioq=guitar%7C%22electric+guitar%22+%22artificial+intelligence%22%7C%22machine+learning%22%7C%22deep+learning%22%7C%22audio+analysis%22+feedback%7C%22performance+analysis%22%7Cevaluation%7Cexpressivity&hl=en&as_sdt=2007"
222,"Z Zhang, BS Hua, DW Rosen, ...","Rotation invariant convolutions for 3d point clouds deep learning",2019,"… conference on 3d vision …","ieeexplore.ieee.org","https://ieeexplore.ieee.org/abstract/document/8886052/","https://scholar.google.com/scholar?cites=1310824342661762863&as_sdt=2005&sciodt=2007&hl=en",435,"2025-12-14 08:01:17","","","","",,,,,222,37.00,56,4,6,"… We report our evaluation results in this section. We implemented our network in Tensorflow [1]. We use a batch size of 32 for classification training and 16 for segmentation training. …","https://arxiv.org/pdf/1908.06297","https://scholar.google.com/scholar?q=related:Lw9Ka8v7MBIJ:scholar.google.com/&scioq=guitar%7C%22electric+guitar%22+%22artificial+intelligence%22%7C%22machine+learning%22%7C%22deep+learning%22%7C%22audio+analysis%22+feedback%7C%22performance+analysis%22%7Cevaluation%7Cexpressivity&hl=en&as_sdt=2007"
11,"T Bolton, J Bass, T Gaber","A comparison of deep learning techniques for corrosion detection",2022,"International Conference on Advanced …","Springer","https://link.springer.com/chapter/10.1007/978-3-031-20601-6_18","https://scholar.google.com/scholar?cites=18424140067253273533&as_sdt=2005&sciodt=2007&hl=en",436,"2025-12-14 08:01:17","","10.1007/978-3-031-20601-6_18","","",,,,,11,3.67,4,3,3,"… determine which is most accurate according to set evaluation metrics. We use a dataset with … knowledge through playing the guitar. The person who plays the guitar will be able to learn …","","https://scholar.google.com/scholar?q=related:vUOsoMaxr_8J:scholar.google.com/&scioq=guitar%7C%22electric+guitar%22+%22artificial+intelligence%22%7C%22machine+learning%22%7C%22deep+learning%22%7C%22audio+analysis%22+feedback%7C%22performance+analysis%22%7Cevaluation%7Cexpressivity&hl=en&as_sdt=2007"
14,"B Di Donato, J Dooley, J Hockman, ...","MyoSpat: A hand-gesture controlled system for sound and light projections manipulation",2017,"Proceedings of the …","open-access.bcu.ac.uk","https://www.open-access.bcu.ac.uk/5412/","https://scholar.google.com/scholar?cites=11304425636960770163&as_sdt=2005&sciodt=2007&hl=en",437,"2025-12-14 08:01:17","","","","",,,,,14,1.75,4,4,8,"… gestures 5 times with visual feedback and 5 times without. An … Direct evaluation of the second machine learning model was … The more you go down (closer to the guitar’s bridge), the …","https://www.open-access.bcu.ac.uk/5412/1/MyoSpat%20ICMC2017.pdf","https://scholar.google.com/scholar?q=related:c5jdMDlj4ZwJ:scholar.google.com/&scioq=guitar%7C%22electric+guitar%22+%22artificial+intelligence%22%7C%22machine+learning%22%7C%22deep+learning%22%7C%22audio+analysis%22+feedback%7C%22performance+analysis%22%7Cevaluation%7Cexpressivity&hl=en&as_sdt=2007"
34,"A Al Fahoum, A Zyout","Wavelet transform, reconstructed phase space, and deep learning neural networks for EEG-based schizophrenia detection",2024,"International journal of neural systems","World Scientific","https://www.worldscientific.com/doi/abs/10.1142/S0129065724500461","https://scholar.google.com/scholar?cites=12370797554911662988&as_sdt=2005&sciodt=2007&hl=en",438,"2025-12-14 08:01:17","","10.1142/S0129065724500461","","",,,,,34,34.00,17,2,1,"… Then, a deep learning network was trained to enhance the … steady performance across all evaluation strategies, underscoring … recognition in guitar and Kurdish Tanbur Makams studies. …","","https://scholar.google.com/scholar?q=related:jNPHONXmrasJ:scholar.google.com/&scioq=guitar%7C%22electric+guitar%22+%22artificial+intelligence%22%7C%22machine+learning%22%7C%22deep+learning%22%7C%22audio+analysis%22+feedback%7C%22performance+analysis%22%7Cevaluation%7Cexpressivity&hl=en&as_sdt=2007"
25,"F Matrone, M Paolanti, A Felicetti, ...","Bubblex: An explainable deep learning framework for point-cloud classification",2022,"IEEE Journal of …","ieeexplore.ieee.org","https://ieeexplore.ieee.org/abstract/document/9846966/","https://scholar.google.com/scholar?cites=17146090226510891927&as_sdt=2005&sciodt=2007&hl=en",439,"2025-12-14 08:01:17","","","","",,,,,25,8.33,6,4,3,"… In Section IV, an extensive comparative evaluation of our approach with respect to the stateof-… 5) Cluster 5 contains objects of the Guitar class and two intruder objects of the Keyboard …","https://ieeexplore.ieee.org/iel7/4609443/4609444/09846966.pdf","https://scholar.google.com/scholar?q=related:l4v6lTcm8-0J:scholar.google.com/&scioq=guitar%7C%22electric+guitar%22+%22artificial+intelligence%22%7C%22machine+learning%22%7C%22deep+learning%22%7C%22audio+analysis%22+feedback%7C%22performance+analysis%22%7Cevaluation%7Cexpressivity&hl=en&as_sdt=2007"
15,"S Bastepe-Gray, L Wainwright, DC Lanham, ...","GuitarPD: A Randomized Pilot Study on the Impact of Nontraditional Guitar Instruction on Functional Movement and Well‐Being in Parkinson's Disease",2022,"Parkinson's …","Wiley Online Library","https://onlinelibrary.wiley.com/doi/abs/10.1155/2022/1061045","https://scholar.google.com/scholar?cites=3232426901356345305&as_sdt=2005&sciodt=2007&hl=en",440,"2025-12-14 08:01:17","","10.1155/2022/1061045","","",,,,,15,5.00,4,4,3,"… to guitar classes limited our power and ability to draw firm conclusions. However, based on our results and on feedback obtained from study participants, guitar … of artificial intelligence …","https://onlinelibrary.wiley.com/doi/pdf/10.1155/2022/1061045","https://scholar.google.com/scholar?q=related:2ffCASTj2ywJ:scholar.google.com/&scioq=guitar%7C%22electric+guitar%22+%22artificial+intelligence%22%7C%22machine+learning%22%7C%22deep+learning%22%7C%22audio+analysis%22+feedback%7C%22performance+analysis%22%7Cevaluation%7Cexpressivity&hl=en&as_sdt=2007"
58,"C Trinh, D Meimaroglou, S Hoppe","Machine learning in chemical product engineering: the state of the art and a guide for newcomers",2021,"Processes","mdpi.com","https://www.mdpi.com/2227-9717/9/8/1456","https://scholar.google.com/scholar?cites=10399875114646122589&as_sdt=2005&sciodt=2007&hl=en",441,"2025-12-14 08:01:17","HTML","","","",,,,,58,14.50,19,3,4,"… In recent years, artificial intelligence (AI) and machine learning (ML) methods have gained … sensory evaluation has been made in an attempt to replace the subjective sensory evaluation …","https://www.mdpi.com/2227-9717/9/8/1456","https://scholar.google.com/scholar?q=related:XTDo3FDHU5AJ:scholar.google.com/&scioq=guitar%7C%22electric+guitar%22+%22artificial+intelligence%22%7C%22machine+learning%22%7C%22deep+learning%22%7C%22audio+analysis%22+feedback%7C%22performance+analysis%22%7Cevaluation%7Cexpressivity&hl=en&as_sdt=2007"
57,"M Carlson, A Pack, J Escalante","Utilizing OpenAI's GPT-4 for written feedback",2023,"Tesol Journal","akademi.mindengineers.co","https://akademi.mindengineers.co/wp-content/uploads/2024/02/TESOL-Journal-2023-Carlson-Utilizing-OpenAI-s-GPT%E2%80%904-for-written-feedback.pdf","https://scholar.google.com/scholar?cites=5748930464958880971&as_sdt=2005&sciodt=2007&hl=en",442,"2025-12-14 08:01:17","PDF","","","",,,,,57,28.50,19,3,2,"… evaluation of how well this technology fits the teacher's needs in providing feedback, and an evaluation of how well it provides useful feedback to students in order to meet their needs. …","https://akademi.mindengineers.co/wp-content/uploads/2024/02/TESOL-Journal-2023-Carlson-Utilizing-OpenAI-s-GPT%E2%80%904-for-written-feedback.pdf","https://scholar.google.com/scholar?q=related:y5xLesxNyE8J:scholar.google.com/&scioq=guitar%7C%22electric+guitar%22+%22artificial+intelligence%22%7C%22machine+learning%22%7C%22deep+learning%22%7C%22audio+analysis%22+feedback%7C%22performance+analysis%22%7Cevaluation%7Cexpressivity&hl=en&as_sdt=2007"
15,"L Zheng, C Li","Real-Time Emotion-Based piano music generation using generative adversarial network (GAN)",2024,"IEEE Access","ieeexplore.ieee.org","https://ieeexplore.ieee.org/abstract/document/10557596/","https://scholar.google.com/scholar?cites=2628878167247055251&as_sdt=2005&sciodt=2007&hl=en",443,"2025-12-14 08:01:17","","","","",,,,,15,15.00,8,2,1,"… , guitar etc.), separately. Most of the research done for piano music production are based on deep learning … Evaluation Methods: To have a more complete evaluation, we employ more …","https://ieeexplore.ieee.org/iel8/6287639/6514899/10557596.pdf","https://scholar.google.com/scholar?q=related:k2mKxMOmeyQJ:scholar.google.com/&scioq=guitar%7C%22electric+guitar%22+%22artificial+intelligence%22%7C%22machine+learning%22%7C%22deep+learning%22%7C%22audio+analysis%22+feedback%7C%22performance+analysis%22%7Cevaluation%7Cexpressivity&hl=en&as_sdt=2007"
102,"E Pavlick","Semantic structure in deep learning",2022,"Annual Review of Linguistics","annualreviews.org","https://www.annualreviews.org/content/journals/10.1146/annurev-linguistics-031120-122924","https://scholar.google.com/scholar?cites=17299404107862361579&as_sdt=2005&sciodt=2007&hl=en",444,"2025-12-14 08:01:17","","10.1146/annurev-linguistics-031120-122924","","",,,,,102,34.00,102,1,3,"… well representations derived from deep learning capture “semantics… deep learning's ability to account for key phenomena within each. … Three broad categories of evaluation methods are …","","https://scholar.google.com/scholar?q=related:68URQ2HUE_AJ:scholar.google.com/&scioq=guitar%7C%22electric+guitar%22+%22artificial+intelligence%22%7C%22machine+learning%22%7C%22deep+learning%22%7C%22audio+analysis%22+feedback%7C%22performance+analysis%22%7Cevaluation%7Cexpressivity&hl=en&as_sdt=2007"
167,"JET Taylor, GW Taylor","Artificial cognition: How experimental psychology can help generate explainable artificial intelligence",2021,"Psychonomic bulletin &review","Springer","https://link.springer.com/article/10.3758/s13423-020-01825-5","https://scholar.google.com/scholar?cites=960561436030617615&as_sdt=2005&sciodt=2007&hl=en",445,"2025-12-14 08:01:17","HTML","10.3758/s13423-020-01825-5","","",,,,,167,41.75,84,2,4,"… training data, or the way feedback is incorporated into behavior)… group of researchers in machine learning who are doing the … in both the dog face and the guitar, we venture a guess that …","https://link.springer.com/article/10.3758/s13423-020-01825-5","https://scholar.google.com/scholar?q=related:D0iLa4mZVA0J:scholar.google.com/&scioq=guitar%7C%22electric+guitar%22+%22artificial+intelligence%22%7C%22machine+learning%22%7C%22deep+learning%22%7C%22audio+analysis%22+feedback%7C%22performance+analysis%22%7Cevaluation%7Cexpressivity&hl=en&as_sdt=2007"
14,"A Schindler","Multi-modal music information retrieval: Augmenting audio-analysis with visual computing for improved music video analysis",2020,"arXiv preprint arXiv:2002.00251","arxiv.org","https://arxiv.org/abs/2002.00251","https://scholar.google.com/scholar?cites=6625974014909452297&as_sdt=2005&sciodt=2007&hl=en",446,"2025-12-14 08:01:17","","","","",,,,,14,2.80,14,1,5,"… to artifacts of the production process and that the evaluation methods applied are inappropriate [279, 295]. From a machine learning point of view it seems counterproductive to neglect …","https://arxiv.org/pdf/2002.00251","https://scholar.google.com/scholar?q=related:CZCluUIw9FsJ:scholar.google.com/&scioq=guitar%7C%22electric+guitar%22+%22artificial+intelligence%22%7C%22machine+learning%22%7C%22deep+learning%22%7C%22audio+analysis%22+feedback%7C%22performance+analysis%22%7Cevaluation%7Cexpressivity&hl=en&as_sdt=2007"
49,"P Esling, A Chemla-Romeu-Santos, A Bitton","Bridging Audio Analysis, Perception and Synthesis with Perceptually-regularized Variational Timbre Spaces.",2018,"ISMIR","ismir2018.ismir.net","https://ismir2018.ismir.net/doc/pdfs/219_Paper.pdf","https://scholar.google.com/scholar?cites=4009357295105584888&as_sdt=2005&sciodt=2007&hl=en",447,"2025-12-14 08:01:17","PDF","","","",,,,,49,7.00,16,3,7,"… These latent variables help govern the distribution of the data and enhance the expressivity … To evaluate this, we extracted instruments outside of our perceptual set (Contrabass, Guitar, …","https://ismir2018.ismir.net/doc/pdfs/219_Paper.pdf","https://scholar.google.com/scholar?q=related:-K5jqDcZpDcJ:scholar.google.com/&scioq=guitar%7C%22electric+guitar%22+%22artificial+intelligence%22%7C%22machine+learning%22%7C%22deep+learning%22%7C%22audio+analysis%22+feedback%7C%22performance+analysis%22%7Cevaluation%7Cexpressivity&hl=en&as_sdt=2007"
105,"V Lostanlen, CE Cella","Deep convolutional networks on the pitch spiral for musical instrument recognition",2016,"arXiv preprint arXiv:1605.06644","arxiv.org","https://arxiv.org/abs/1605.06644","https://scholar.google.com/scholar?cites=7451162519368261517&as_sdt=2005&sciodt=2007&hl=en",448,"2025-12-14 08:01:17","","","","",,,,,105,11.67,53,2,9,"… This section introduces a typical deep learning … The evaluation set consists of 126 recordings of solo music collected by Joder et al. [14], supplemented with 23 stems of electric guitar …","https://arxiv.org/pdf/1605.06644","https://scholar.google.com/scholar?q=related:jV-mWtXYZ2cJ:scholar.google.com/&scioq=guitar%7C%22electric+guitar%22+%22artificial+intelligence%22%7C%22machine+learning%22%7C%22deep+learning%22%7C%22audio+analysis%22+feedback%7C%22performance+analysis%22%7Cevaluation%7Cexpressivity&hl=en&as_sdt=2007"
19,"W Sun, R Sundarasekar","Research on pattern recognition of different music types in the context of AI with the help of multimedia information processing",2023,"ACM transactions on Asian and low-resource …","dl.acm.org","https://dl.acm.org/doi/abs/10.1145/3523284","https://scholar.google.com/scholar?cites=31675915816858909&as_sdt=2005&sciodt=2007&hl=en",449,"2025-12-14 08:01:17","","10.1145/3523284","","",,,,,19,9.50,10,2,2,"… Artificial intelligence models used in composing music include … guitar music to train our networks, which will refer to as the ""train set"" in tables."" Although the three distinct evaluation …","https://dl.acm.org/doi/pdf/10.1145/3523284","https://scholar.google.com/scholar?q=related:HfUy3hOJcAAJ:scholar.google.com/&scioq=guitar%7C%22electric+guitar%22+%22artificial+intelligence%22%7C%22machine+learning%22%7C%22deep+learning%22%7C%22audio+analysis%22+feedback%7C%22performance+analysis%22%7Cevaluation%7Cexpressivity&hl=en&as_sdt=2007"
2,"R Banerji","Artificial Intelligence, Humanness, and Nonverbal Sociality",2023,"Anthropology in Action","berghahnjournals.com","https://www.berghahnjournals.com/view/journals/aia/30/3/aia300306.xml","https://scholar.google.com/scholar?cites=14749577724965278321&as_sdt=2005&sciodt=2007&hl=en",450,"2025-12-14 08:01:17","HTML","","","",,,,,2,1.00,2,1,2,"… refining the system's design through feedback from relevant human … We decide to try another piece with Maxine on guitar. At … In the midst of this, Maxine plays intermittent mangled guitar …","https://www.berghahnjournals.com/view/journals/aia/30/3/aia300306.xml","https://scholar.google.com/scholar?q=related:cdKRU8sGscwJ:scholar.google.com/&scioq=guitar%7C%22electric+guitar%22+%22artificial+intelligence%22%7C%22machine+learning%22%7C%22deep+learning%22%7C%22audio+analysis%22+feedback%7C%22performance+analysis%22%7Cevaluation%7Cexpressivity&hl=en&as_sdt=2007"
15,"N Bryan-Kinns, A Noel-Hirst, C Ford","Using incongruous genres to explore music making with ai generated content",2024,"Proceedings of the 16th …","dl.acm.org","https://dl.acm.org/doi/abs/10.1145/3635636.3656198","https://scholar.google.com/scholar?cites=14678637146651029990&as_sdt=2005&sciodt=2007&hl=en",451,"2025-12-14 08:01:17","","10.1145/3635636.3656198","","",,,,,15,15.00,5,3,1,"… of user-centred evaluation of Machine Learning systems for … bottom notes of chords to emphasise the guitar), and then set the … The second verse of our song involves the guitar and bass …","https://ualresearchonline.arts.ac.uk/id/eprint/22055/1/incongrous_unmarked.pdf","https://scholar.google.com/scholar?q=related:5vH80Lb-tMsJ:scholar.google.com/&scioq=guitar%7C%22electric+guitar%22+%22artificial+intelligence%22%7C%22machine+learning%22%7C%22deep+learning%22%7C%22audio+analysis%22+feedback%7C%22performance+analysis%22%7Cevaluation%7Cexpressivity&hl=en&as_sdt=2007"
16,"I Yunoki, G Berreby, N D'Andrea, Y Lu, X Qu","Exploring ai music generation: A review of deep learning algorithms and datasets for undergraduate researchers",2023,"International Conference on …","Springer","https://link.springer.com/chapter/10.1007/978-3-031-49215-0_13","https://scholar.google.com/scholar?cites=14918065772198237329&as_sdt=2005&sciodt=2007&hl=en",452,"2025-12-14 08:01:17","","10.1007/978-3-031-49215-0_13","","",,,,,16,8.00,3,5,2,"… This review paper presents an exploration of the deep learning-based … the intersections of deep learning and music generation. … GTR-CTRL: instrument and genre conditioning for guitar-…","https://www.researchgate.net/profile/Xiaodong-Qu-3/publication/376449401_Exploring_AI_Music_Generation_A_Review_of_Deep_Learning_Algorithms_and_Datasets_for_Undergraduate_Researchers/links/6579ff18fc4b416622c289a0/Exploring-AI-Music-Generation-A-Review-of-Deep-Learning-Algorithms-and-Datasets-for-Undergraduate-Researchers.pdf","https://scholar.google.com/scholar?q=related:kRTKz8edB88J:scholar.google.com/&scioq=guitar%7C%22electric+guitar%22+%22artificial+intelligence%22%7C%22machine+learning%22%7C%22deep+learning%22%7C%22audio+analysis%22+feedback%7C%22performance+analysis%22%7Cevaluation%7Cexpressivity&hl=en&as_sdt=2007"
14,"L Wang, Y Cheng, IM Meftaul, F Luo, MA Kabir, ...","Advancing soil health: challenges and opportunities in integrating digital imaging, spectroscopy, and machine learning for bioindicator analysis",2024,"Analytical …","ACS Publications","https://pubs.acs.org/doi/full/10.1021/acs.analchem.3c05311","https://scholar.google.com/scholar?cites=1755614060493508335&as_sdt=2005&sciodt=2007&hl=en",453,"2025-12-14 08:01:17","","10.1021/acs.analchem.3c05311","","",,,,,14,14.00,2,6,1,"… 23 In the last 5 years, numerous reviews have delved into bioindicators for soil health evaluation. Table 1 summarizes some of the soil bioindicators and their soil health indications …","","https://scholar.google.com/scholar?q=related:745ltq8xXRgJ:scholar.google.com/&scioq=guitar%7C%22electric+guitar%22+%22artificial+intelligence%22%7C%22machine+learning%22%7C%22deep+learning%22%7C%22audio+analysis%22+feedback%7C%22performance+analysis%22%7Cevaluation%7Cexpressivity&hl=en&as_sdt=2007"
25,"DT Speckhard, K Misiunas, S Perel, T Zhu, ...","Neural architecture search for energy-efficient always-on audio machine learning",2023,"Neural Computing and …","Springer","https://link.springer.com/article/10.1007/s00521-023-08345-y","https://scholar.google.com/scholar?cites=9731393486084079399&as_sdt=2005&sciodt=2007&hl=en",454,"2025-12-14 08:01:17","HTML","10.1007/s00521-023-08345-y","","",,,,,25,12.50,5,5,2,"… guitar playing) and not simply low volume noise. In total, we have 9 classes with one class being negative. We use the original train/evaluation/… the reward on the evaluation dataset. The …","https://link.springer.com/article/10.1007/s00521-023-08345-y","https://scholar.google.com/scholar?q=related:J3-XA9HaDIcJ:scholar.google.com/&scioq=guitar%7C%22electric+guitar%22+%22artificial+intelligence%22%7C%22machine+learning%22%7C%22deep+learning%22%7C%22audio+analysis%22+feedback%7C%22performance+analysis%22%7Cevaluation%7Cexpressivity&hl=en&as_sdt=2007"
6,"A Perez-Carrillo","Statistical models for the indirect acquisition of violin bowing controls from audio analysis",2016,"Proceedings of Meetings on Acoustics","pubs.aip.org","https://pubs.aip.org/asa/poma/article-abstract/29/1/035003/957201","https://scholar.google.com/scholar?cites=11371081534850043764&as_sdt=2005&sciodt=2007&hl=en",455,"2025-12-14 08:01:17","","10.1121/2.0000402/18197544/pma.v29.i1.035003_1.online","","",,,,,6,0.67,6,1,9,"… audio analysis with physical properties of the sound production mechanism. For example, Digital Waveguides have been used to exploit the asymmetry of the guitar … an evaluation of the …","https://pubs.aip.org/asa/poma/article-pdf/doi/10.1121/2.0000402/18197544/pma.v29.i1.035003_1.online.pdf","https://scholar.google.com/scholar?q=related:dI-9zGgyzp0J:scholar.google.com/&scioq=guitar%7C%22electric+guitar%22+%22artificial+intelligence%22%7C%22machine+learning%22%7C%22deep+learning%22%7C%22audio+analysis%22+feedback%7C%22performance+analysis%22%7Cevaluation%7Cexpressivity&hl=en&as_sdt=2007"
4,"DS Hing, CJ Settle","Detecting and classifying musical instruments with convolutional neural networks",2021,"Department of Computer Science","academia.edu","https://www.academia.edu/download/84082926/70770755.pdf","https://scholar.google.com/scholar?cites=4494491112140698976&as_sdt=2005&sciodt=2007&hl=en",456,"2025-12-14 08:01:17","PDF","","","",,,,,4,1.00,2,2,4,"… While our model still exhibits some overfitting, we felt that we had reduced it to an acceptable level that would still make for a decent machine learning model. 6 Evaluation …","https://www.academia.edu/download/84082926/70770755.pdf","https://scholar.google.com/scholar?q=related:YPVLidqjXz4J:scholar.google.com/&scioq=guitar%7C%22electric+guitar%22+%22artificial+intelligence%22%7C%22machine+learning%22%7C%22deep+learning%22%7C%22audio+analysis%22+feedback%7C%22performance+analysis%22%7Cevaluation%7Cexpressivity&hl=en&as_sdt=2007"
5,"NS Silva, L Turchet","Real-time pattern recognition of symbolic monophonic music",2024,"Proceedings of the 19th International Audio Mostly …","dl.acm.org","https://dl.acm.org/doi/abs/10.1145/3678299.3678329","https://scholar.google.com/scholar?cites=10247455133166151842&as_sdt=2005&sciodt=2007&hl=en",457,"2025-12-14 08:01:17","","10.1145/3678299.3678329","","",,,,,5,5.00,3,2,1,"… from 20 keyboard players and 20 guitar players. The evaluation focuses on the algorithms’ ability … Taken together, our findings demonstrate the potential of machine learning in handling …","https://dl.acm.org/doi/pdf/10.1145/3678299.3678329","https://scholar.google.com/scholar?q=related:oigfeCZGNo4J:scholar.google.com/&scioq=guitar%7C%22electric+guitar%22+%22artificial+intelligence%22%7C%22machine+learning%22%7C%22deep+learning%22%7C%22audio+analysis%22+feedback%7C%22performance+analysis%22%7Cevaluation%7Cexpressivity&hl=en&as_sdt=2007"
916,"H Chen, W Xie, A Vedaldi, ...","Vggsound: A large-scale audio-visual dataset",2020,"ICASSP 2020-2020 IEEE …","ieeexplore.ieee.org","https://ieeexplore.ieee.org/abstract/document/9053174/","https://scholar.google.com/scholar?cites=3316484738243862387&as_sdt=2005&sciodt=2007&hl=en",458,"2025-12-14 08:01:17","","","","",,,,,916,183.20,229,4,5,"… More recently, the success of deep learning has motivated approaches … ‘electric guitar’ is visually recognizable as it is generally possible to visually recognize someone playing a guitar, …","https://arxiv.org/pdf/2004.14368","https://scholar.google.com/scholar?q=related:c58HRkyFBi4J:scholar.google.com/&scioq=guitar%7C%22electric+guitar%22+%22artificial+intelligence%22%7C%22machine+learning%22%7C%22deep+learning%22%7C%22audio+analysis%22+feedback%7C%22performance+analysis%22%7Cevaluation%7Cexpressivity&hl=en&as_sdt=2007"
6,"Y Li","RETRACTED: Study on Intelligent Online Piano Teaching System Based on Deep Learning Recurrent Neural Network Model",2022,"Mobile Information Systems","Wiley Online Library","https://onlinelibrary.wiley.com/doi/abs/10.1155/2022/9469975","https://scholar.google.com/scholar?cites=831010058566845402&as_sdt=2005&sciodt=2007&hl=en",459,"2025-12-14 08:01:17","","10.1155/2022/9469975","","",,,,,6,2.00,6,1,3,"This study has been conducted to solve the problem of repetitive piano lessons and to bring a personalized experience for each piano learner. The application of deep learning (DL) …","https://onlinelibrary.wiley.com/doi/pdf/10.1155/2022/9469975","https://scholar.google.com/scholar?q=related:2kOn0T5XiAsJ:scholar.google.com/&scioq=guitar%7C%22electric+guitar%22+%22artificial+intelligence%22%7C%22machine+learning%22%7C%22deep+learning%22%7C%22audio+analysis%22+feedback%7C%22performance+analysis%22%7Cevaluation%7Cexpressivity&hl=en&as_sdt=2007"
72,"L Li, H Fu, CL Tai","Fast sketch segmentation and labeling with deep learning",2018,"IEEE computer graphics and applications","ieeexplore.ieee.org","https://ieeexplore.ieee.org/abstract/document/8565976/","https://scholar.google.com/scholar?cites=13268880062974889681&as_sdt=2005&sciodt=2007&hl=en",460,"2025-12-14 08:01:17","","","","",,,,,72,10.29,24,3,7,"… 1,2 we report segmentation accuracies using two types of evaluation metrics: pixel metric and component metric. For an input sketch, the pixel metric is calculated as the percentage of …","https://arxiv.org/pdf/1807.11847","https://scholar.google.com/scholar?q=related:0Y7hoB2IJLgJ:scholar.google.com/&scioq=guitar%7C%22electric+guitar%22+%22artificial+intelligence%22%7C%22machine+learning%22%7C%22deep+learning%22%7C%22audio+analysis%22+feedback%7C%22performance+analysis%22%7Cevaluation%7Cexpressivity&hl=en&as_sdt=2007"
142,"R Fiebrink","Machine learning education for artists, musicians, and other creative practitioners",2019,"ACM Transactions on Computing Education (TOCE)","dl.acm.org","https://dl.acm.org/doi/abs/10.1145/3294008","https://scholar.google.com/scholar?cites=7217398347921386630&as_sdt=2005&sciodt=2007&hl=en",461,"2025-12-14 08:01:17","","10.1145/3294008","","",,,,,142,23.67,142,1,6,"… of brain wave patterns, identifying mood shifts in guitar playing). In 3 other scenarios, ML seems … guest editor for their expert feedback and insightful suggestions for improving this article. …","https://research.gold.ac.uk/id/eprint/25213/1/Fiebrink_TOCE2019_Accepted.pdf","https://scholar.google.com/scholar?q=related:hmxY2o5ZKWQJ:scholar.google.com/&scioq=guitar%7C%22electric+guitar%22+%22artificial+intelligence%22%7C%22machine+learning%22%7C%22deep+learning%22%7C%22audio+analysis%22+feedback%7C%22performance+analysis%22%7Cevaluation%7Cexpressivity&hl=en&as_sdt=2007"
12,"A Marijić, M Bagić Babac","Predicting song genre with deep learning",2025,"Global Knowledge, Memory and …","emerald.com","https://www.emerald.com/gkmc/article/74/1-2/93/1239542","https://scholar.google.com/scholar?cites=16708289641564429728&as_sdt=2005&sciodt=2007&hl=en",462,"2025-12-14 08:01:17","","","","",,,,,12,12.00,6,2,1,"… and evaluation of various machine and deep learning … Rock music is recognizable by the electric guitar, drums and … proposing various machine and deep learning models for classifying …","","https://scholar.google.com/scholar?q=related:oF3JmefE3-cJ:scholar.google.com/&scioq=guitar%7C%22electric+guitar%22+%22artificial+intelligence%22%7C%22machine+learning%22%7C%22deep+learning%22%7C%22audio+analysis%22+feedback%7C%22performance+analysis%22%7Cevaluation%7Cexpressivity&hl=en&as_sdt=2007"
22,"Q Jiang","Application of artificial intelligence technology in music education supported by wireless network",2022,"Mathematical Problems in Engineering","Wiley Online Library","https://onlinelibrary.wiley.com/doi/abs/10.1155/2022/2138059","https://scholar.google.com/scholar?cites=14033878253861303068&as_sdt=2005&sciodt=2007&hl=en",463,"2025-12-14 08:01:17","Retracted","10.1155/2022/2138059","","",,,,,22,7.33,22,1,3,"… use of artificial intelligence technology in … artificial intelligence environment, algorithms can continuously iterate and provide personalized learning to students based on their feedback …","https://onlinelibrary.wiley.com/doi/pdf/10.1155/2022/2138059","https://scholar.google.com/scholar?q=related:HHN7zupZwsIJ:scholar.google.com/&scioq=guitar%7C%22electric+guitar%22+%22artificial+intelligence%22%7C%22machine+learning%22%7C%22deep+learning%22%7C%22audio+analysis%22+feedback%7C%22performance+analysis%22%7Cevaluation%7Cexpressivity&hl=en&as_sdt=2007"
49,"PS Yadav, S Khan, YV Singh, P Garg, ...","A Lightweight Deep Learning‐Based Approach for Jazz Music Generation in MIDI Format",2022,"Computational …","Wiley Online Library","https://onlinelibrary.wiley.com/doi/abs/10.1155/2022/2140895","https://scholar.google.com/scholar?cites=6733953986624070978&as_sdt=2005&sciodt=2007&hl=en",464,"2025-12-14 08:01:17","","10.1155/2022/2140895","","",,,,,49,16.33,10,5,3,"… generate the piano rolls for the different tracks such as guitar, bass, piano, drums, and strings… The evaluation of the model can be conducted based on either being graded by humans or …","https://onlinelibrary.wiley.com/doi/pdf/10.1155/2022/2140895","https://scholar.google.com/scholar?q=related:QqWNCnnPc10J:scholar.google.com/&scioq=guitar%7C%22electric+guitar%22+%22artificial+intelligence%22%7C%22machine+learning%22%7C%22deep+learning%22%7C%22audio+analysis%22+feedback%7C%22performance+analysis%22%7Cevaluation%7Cexpressivity&hl=en&as_sdt=2007"
11,"M López-Sánchez, B Hernández-Ocaña, ...","Supervised deep learning techniques for image description: A systematic review",2023,"Entropy","mdpi.com","https://www.mdpi.com/1099-4300/25/4/553","https://scholar.google.com/scholar?cites=11427251651153128102&as_sdt=2005&sciodt=2007&hl=en",465,"2025-12-14 08:01:17","HTML","","","",,,,,11,5.50,4,3,2,"… In this section, we first outline three deep learning algorithms … This architecture is based on deep learning methods for … reviewed in this article use more than one evaluation metric. …","https://www.mdpi.com/1099-4300/25/4/553","https://scholar.google.com/scholar?q=related:pmr6IdXAlZ4J:scholar.google.com/&scioq=guitar%7C%22electric+guitar%22+%22artificial+intelligence%22%7C%22machine+learning%22%7C%22deep+learning%22%7C%22audio+analysis%22+feedback%7C%22performance+analysis%22%7Cevaluation%7Cexpressivity&hl=en&as_sdt=2007"
28,"M Meyer, J Beutel, L Thiele","Unsupervised feature learning for audio analysis",2017,"arXiv preprint arXiv:1712.03835","arxiv.org","https://arxiv.org/abs/1712.03835","https://scholar.google.com/scholar?cites=15315492890520786542&as_sdt=2005&sciodt=2007&hl=en",466,"2025-12-14 08:01:17","","","","",,,,,28,3.50,9,3,8,"… Accumulated feature distributions for all training samples of the category guitar and … Although the system can potentially be expanded to perform clustering itself, for this evaluation only k…","https://arxiv.org/pdf/1712.03835","https://scholar.google.com/scholar?q=related:bhaDk6OPi9QJ:scholar.google.com/&scioq=guitar%7C%22electric+guitar%22+%22artificial+intelligence%22%7C%22machine+learning%22%7C%22deep+learning%22%7C%22audio+analysis%22+feedback%7C%22performance+analysis%22%7Cevaluation%7Cexpressivity&hl=en&as_sdt=2007"
367,"C Spampinato, S Palazzo, I Kavasidis, ...","Deep learning human mind for automated visual classification",2017,"Proceedings of the …","openaccess.thecvf.com","http://openaccess.thecvf.com/content_cvpr_2017/html/Spampinato_Deep_Learning_Human_CVPR_2017_paper.html","https://scholar.google.com/scholar?cites=11732910083342518458&as_sdt=2005&sciodt=2007&hl=en",467,"2025-12-14 08:01:17","","","","",,,,,367,45.88,92,4,8,"What if we could effectively read the mind and transfer human visual capabilities to computer vision methods? In this paper, we aim at addressing this question by developing the first …","http://openaccess.thecvf.com/content_cvpr_2017/papers/Spampinato_Deep_Learning_Human_CVPR_2017_paper.pdf","https://scholar.google.com/scholar?q=related:usg6o46r06IJ:scholar.google.com/&scioq=guitar%7C%22electric+guitar%22+%22artificial+intelligence%22%7C%22machine+learning%22%7C%22deep+learning%22%7C%22audio+analysis%22+feedback%7C%22performance+analysis%22%7Cevaluation%7Cexpressivity&hl=en&as_sdt=2007"
3,"X Isabel, E Campbell, L Olivier, G Gagné, ...","BioPoint: Enhancing Human-Computer Interaction through Single-Site, Multi-Sensor Gesture Recognition",2024,"2024 46th Annual …","ieeexplore.ieee.org","https://ieeexplore.ieee.org/abstract/document/10781656/","https://scholar.google.com/scholar?cites=15310800362458757122&as_sdt=2005&sciodt=2007&hl=en",468,"2025-12-14 08:01:17","","","","",,,,,3,3.00,1,5,1,"… interaction (HCI) and machine learning are seen as key … online evaluation environment inspired by “Guitar Hero.” “Myo … systems, enhancing the evaluation process’s appeal and …","https://drive.google.com/file/d/1KnnTK2bMc6mWLOyFgtVr5qLdB_DndK-e/view","https://scholar.google.com/scholar?q=related:ArhGP8_jetQJ:scholar.google.com/&scioq=guitar%7C%22electric+guitar%22+%22artificial+intelligence%22%7C%22machine+learning%22%7C%22deep+learning%22%7C%22audio+analysis%22+feedback%7C%22performance+analysis%22%7Cevaluation%7Cexpressivity&hl=en&as_sdt=2007"
62,"KM Ahmed, A Imteaj, MH Amini","Federated deep learning for heterogeneous edge computing",2021,"… on machine learning and …","ieeexplore.ieee.org","https://ieeexplore.ieee.org/abstract/document/9680096/","https://scholar.google.com/scholar?cites=17577529214785160129&as_sdt=2005&sciodt=2007&hl=en",469,"2025-12-14 08:01:17","","","","",,,,,62,15.50,21,3,4,"… More formally, it is a machine learning technique where a … For example, a person who can play guitar can learn faster to play … followed by the performance evaluation of the experiment. …","","https://scholar.google.com/scholar?q=related:wQNS7LDt7_MJ:scholar.google.com/&scioq=guitar%7C%22electric+guitar%22+%22artificial+intelligence%22%7C%22machine+learning%22%7C%22deep+learning%22%7C%22audio+analysis%22+feedback%7C%22performance+analysis%22%7Cevaluation%7Cexpressivity&hl=en&as_sdt=2007"
14,"F Fontana, R Paisa, R Ranon, S Serafin","Multisensory plucked instrument modeling in Unity3D: From Keytar to accurate string prototyping",2020,"Applied Sciences","mdpi.com","https://www.mdpi.com/2076-3417/10/4/1452","https://scholar.google.com/scholar?cites=15842655931338242030&as_sdt=2005&sciodt=2007&hl=en",470,"2025-12-14 08:01:17","HTML","","","",,,,,14,2.80,4,4,5,"… guitar simulation mockup developed with Unity3D that provides auditory, visual, and haptic feedback … plucked string interfaces or training machine learning algorithms with data about …","https://www.mdpi.com/2076-3417/10/4/1452","https://scholar.google.com/scholar?q=related:7rcmrqFr3NsJ:scholar.google.com/&scioq=guitar%7C%22electric+guitar%22+%22artificial+intelligence%22%7C%22machine+learning%22%7C%22deep+learning%22%7C%22audio+analysis%22+feedback%7C%22performance+analysis%22%7Cevaluation%7Cexpressivity&hl=en&as_sdt=2007"
2101,"A Garcia-Garcia, S Orts-Escolano, S Oprea, ...","A review on deep learning techniques applied to semantic segmentation",2017,"arXiv preprint arXiv …","arxiv.org","https://arxiv.org/abs/1704.06857","https://scholar.google.com/scholar?cites=9253955710098828384&as_sdt=2005&sciodt=2007&hl=en",471,"2025-12-14 08:01:17","","","","",,,,,2101,262.63,525,4,8,"… First of all, we will describe the most popular evaluation metrics that can be used to measure the performance of semantic segmentation systems from three aspects: execution time, …","https://arxiv.org/pdf/1704.06857","https://scholar.google.com/scholar?q=related:YGyjU7CnbIAJ:scholar.google.com/&scioq=guitar%7C%22electric+guitar%22+%22artificial+intelligence%22%7C%22machine+learning%22%7C%22deep+learning%22%7C%22audio+analysis%22+feedback%7C%22performance+analysis%22%7Cevaluation%7Cexpressivity&hl=en&as_sdt=2007"
40,"S Mekruksavanich, W Phaphan, N Hnoohom, ...","Attention-based hybrid deep learning network for human activity recognition using WiFi channel state information",2023,"Applied Sciences","mdpi.com","https://www.mdpi.com/2076-3417/13/15/8884","https://scholar.google.com/scholar?cites=6528672576532511065&as_sdt=2005&sciodt=2007&hl=en",472,"2025-12-14 08:01:17","HTML","","","",,,,,40,20.00,10,4,2,"… Furthermore, we perform a comparative evaluation by assessing the performance of five baseline deep learning models (CNN, LSTM, BiLSTM, GRU, and BiGRU), along with other …","https://www.mdpi.com/2076-3417/13/15/8884","https://scholar.google.com/scholar?q=related:WfkNMx6BmloJ:scholar.google.com/&scioq=guitar%7C%22electric+guitar%22+%22artificial+intelligence%22%7C%22machine+learning%22%7C%22deep+learning%22%7C%22audio+analysis%22+feedback%7C%22performance+analysis%22%7Cevaluation%7Cexpressivity&hl=en&as_sdt=2007"
5,"G Percival, N Bailey, G Tzanetakis","Physical modelling and supervised training of a virtual string quartet",2013,"Proceedings of the 21st ACM …","dl.acm.org","https://dl.acm.org/doi/abs/10.1145/2502081.2502101","https://scholar.google.com/scholar?cites=14982192134024055176&as_sdt=2005&sciodt=2007&hl=en",473,"2025-12-14 08:01:17","","10.1145/2502081.2502101","","",,,,,5,0.42,2,3,12,"… discrete excitation (eg, piano, guitar, drum), bowed string … models, we turned to machine learning to train the system to … The main contributions of this paper are: 1) an intelligent feedback …","https://www.researchgate.net/profile/George-Tzanetakis/publication/262320836_Physical_modelling_and_supervised_training_of_a_virtual_string_quartet/links/546f3a3e0cf216f8cfa9cbf4/Physical-modelling-and-supervised-training-of-a-virtual-string-quartet.pdf","https://scholar.google.com/scholar?q=related:iMkn6V1w688J:scholar.google.com/&scioq=guitar%7C%22electric+guitar%22+%22artificial+intelligence%22%7C%22machine+learning%22%7C%22deep+learning%22%7C%22audio+analysis%22+feedback%7C%22performance+analysis%22%7Cevaluation%7Cexpressivity&hl=en&as_sdt=2007"
7,"M Taenzer, SI Mimilakis, J Abeßer","Deep Learning-Based Music Instrument Recognition: Exploring Learned Feature Representations",2021,"International Symposium on Computer …","Springer","https://link.springer.com/chapter/10.1007/978-3-031-35382-6_4","https://scholar.google.com/scholar?cites=6050633860677927455&as_sdt=2005&sciodt=2007&hl=en",474,"2025-12-14 08:01:17","","10.1007/978-3-031-35382-6_4","","",,,,,7,1.75,2,3,4,"… Instead, we aim to show that deep learning approaches to AIR can substantially benefit from … best set of parameters based on the obtained evaluation score calculated in every iteration. …","https://cmmr2021.github.io/proceedings/pdffiles/cmmr2021_24.pdf","https://scholar.google.com/scholar?q=related:H4KoS3Ar-FMJ:scholar.google.com/&scioq=guitar%7C%22electric+guitar%22+%22artificial+intelligence%22%7C%22machine+learning%22%7C%22deep+learning%22%7C%22audio+analysis%22+feedback%7C%22performance+analysis%22%7Cevaluation%7Cexpressivity&hl=en&as_sdt=2007"
15,"NN Siphocly, ABM Salem, ...","Applications of computational intelligence in computer music composition",2021,"International Journal of …","ijicis.journals.ekb.eg","https://ijicis.journals.ekb.eg/article_156586.html","https://scholar.google.com/scholar?cites=18037489297891280589&as_sdt=2005&sciodt=2007&hl=en",475,"2025-12-14 08:01:17","","","","",,,,,15,3.75,5,3,4,"… Bass Guitar tracks generator that utilize deep learning. This … Music evaluation metrics require researchers to acquire music … evaluation, we refer the interested reader to their articles. …","https://ijicis.journals.ekb.eg/article_156586_a45730bfbcec74f268b8e6fd2d1f769d.pdf","https://scholar.google.com/scholar?q=related:zUa4IPMIUvoJ:scholar.google.com/&scioq=guitar%7C%22electric+guitar%22+%22artificial+intelligence%22%7C%22machine+learning%22%7C%22deep+learning%22%7C%22audio+analysis%22+feedback%7C%22performance+analysis%22%7Cevaluation%7Cexpressivity&hl=en&as_sdt=2007"
30,"T Woo, WT Kuo, V Komma","System and method for generating emoji mashups with machine learning",2020,"US Patent 10,593,087","Google Patents","https://patents.google.com/patent/US10593087B2/en","https://scholar.google.com/scholar?cites=18372498035584167305&as_sdt=2005&sciodt=2007&hl=en",476,"2025-12-14 08:01:17","","","","",,,,,30,6.00,10,3,5,"… the guitar emoji 504 and star emoji 506 were presented in response to high data points that may have been determined from the initial training by the machine learning … and feedback is …","https://patentimages.storage.googleapis.com/fb/d7/57/1bc896041d7b00/US10593087.pdf","https://scholar.google.com/scholar?q=related:iW2OJ585-P4J:scholar.google.com/&scioq=guitar%7C%22electric+guitar%22+%22artificial+intelligence%22%7C%22machine+learning%22%7C%22deep+learning%22%7C%22audio+analysis%22+feedback%7C%22performance+analysis%22%7Cevaluation%7Cexpressivity&hl=en&as_sdt=2007"
5,"MA Martínez Ramírez","Deep learning for audio effects modeling",2021,"","qmro.qmul.ac.uk","https://qmro.qmul.ac.uk/jspui/handle/123456789/70758","https://scholar.google.com/scholar?cites=11606940099525423093&as_sdt=2005&sciodt=2007&hl=en",477,"2025-12-14 08:01:17","","","","",,,,,5,1.25,5,1,4,"… we conduct a perceptual evaluation experiment and we also … instruments such as electric guitar, bass guitar, electric piano … , tube amplifiers and guitar pickup emulators. These effects …","https://qmro.qmul.ac.uk/xmlui/bitstream/handle/123456789/70758/Martinez-Ramirez_MA_160736823_EECS_PhD_final.pdf?sequence=1","https://scholar.google.com/scholar?q=related:9S9zOYYiFKEJ:scholar.google.com/&scioq=guitar%7C%22electric+guitar%22+%22artificial+intelligence%22%7C%22machine+learning%22%7C%22deep+learning%22%7C%22audio+analysis%22+feedback%7C%22performance+analysis%22%7Cevaluation%7Cexpressivity&hl=en&as_sdt=2007"
12,"F Ding, Y Cui","MuseFlow: music accompaniment generation based on flow",2023,"Applied Intelligence","search.proquest.com","https://search.proquest.com/openview/b8ae04cefb9724a2c7bed86d372d652e/1?pq-origsite=gscholar&cbl=326365","https://scholar.google.com/scholar?cites=16503948185894558280&as_sdt=2005&sciodt=2007&hl=en",478,"2025-12-14 08:01:17","","","","",,,,,12,6.00,6,2,2,"… deep learning model, the flow model, to generate music accompaniment including drums, guitar… In our evaluation, we calculated the pitch histogram and note duration histogram metrics …","","https://scholar.google.com/scholar?q=related:SJqy827NCeUJ:scholar.google.com/&scioq=guitar%7C%22electric+guitar%22+%22artificial+intelligence%22%7C%22machine+learning%22%7C%22deep+learning%22%7C%22audio+analysis%22+feedback%7C%22performance+analysis%22%7Cevaluation%7Cexpressivity&hl=en&as_sdt=2007"
3,"T Vanhatalo, P Legrand, M Desainte-Catherine, ...","Neural Network-Based Virtual Analog Modeling",2022,"… Conference on Artificial …","Springer","https://link.springer.com/chapter/10.1007/978-3-031-42616-2_5","https://scholar.google.com/scholar?cites=15195270659236786460&as_sdt=2005&sciodt=2007&hl=en",479,"2025-12-14 08:01:17","","10.1007/978-3-031-42616-2_5","","",,,,,3,1.00,1,4,3,"… A recent rise in machine learning has lead to the ubiquity of … others in objective and subjective evaluation. Their follow-up … Almost all of the data used comprises clean guitar Direct Input …","","https://scholar.google.com/scholar?q=related:HHG5FShy4NIJ:scholar.google.com/&scioq=guitar%7C%22electric+guitar%22+%22artificial+intelligence%22%7C%22machine+learning%22%7C%22deep+learning%22%7C%22audio+analysis%22+feedback%7C%22performance+analysis%22%7Cevaluation%7Cexpressivity&hl=en&as_sdt=2007"
1081,"Y Xu, T Fan, M Xu, L Zeng, ...","Spidercnn: Deep learning on point sets with parameterized convolutional filters",2018,"Proceedings of the …","openaccess.thecvf.com","http://openaccess.thecvf.com/content_ECCV_2018/html/Yifan_Xu_SpiderCNN_Deep_Learning_ECCV_2018_paper.html","https://scholar.google.com/scholar?cites=11043116005156708707&as_sdt=2005&sciodt=2007&hl=en",480,"2025-12-14 08:01:17","","","","",,,,,1081,154.43,216,5,7,"… Second, we give a partial overview of geometric deep learning. Point clouds as input: PointNet [15] … The mIoU is used as the evaluation metric, computed by taking the average of all part …","https://openaccess.thecvf.com/content_ECCV_2018/papers/Yifan_Xu_SpiderCNN_Deep_Learning_ECCV_2018_paper.pdf","https://scholar.google.com/scholar?q=related:Y-HLbH8HQZkJ:scholar.google.com/&scioq=guitar%7C%22electric+guitar%22+%22artificial+intelligence%22%7C%22machine+learning%22%7C%22deep+learning%22%7C%22audio+analysis%22+feedback%7C%22performance+analysis%22%7Cevaluation%7Cexpressivity&hl=en&as_sdt=2007"
2,"Y Matsunaga, A Naofumi, Y Dobashi, ...","A Black Box Modeling Technique for Distortion Stomp Boxes Using LSTM Neural Networks",2020,"… Artificial Intelligence in …","ieeexplore.ieee.org","https://ieeexplore.ieee.org/abstract/document/9065277/","https://scholar.google.com/scholar?cites=16062181482757651100&as_sdt=2005&sciodt=2007&hl=en",481,"2025-12-14 08:01:17","","","","",,,,,2,0.40,1,4,5,"… For the evaluation after the training process, we simulated the output signal for each stomp box by using the LSTM neural network with clean guitar sound as its input signal. The input …","","https://scholar.google.com/scholar?q=related:nHqgHfVU6N4J:scholar.google.com/&scioq=guitar%7C%22electric+guitar%22+%22artificial+intelligence%22%7C%22machine+learning%22%7C%22deep+learning%22%7C%22audio+analysis%22+feedback%7C%22performance+analysis%22%7Cevaluation%7Cexpressivity&hl=en&as_sdt=2007"
21,"HV Koops, WB de Haas, J Bransen, A Volk","Automatic chord label personalization through deep learning of shared harmonic interval profiles",2020,"Neural Computing and …","Springer","https://link.springer.com/article/10.1007/s00521-018-3703-y","https://scholar.google.com/scholar?cites=5952153113147689355&as_sdt=2005&sciodt=2007&hl=en",482,"2025-12-14 08:01:17","HTML","10.1007/s00521-018-3703-y","","",,,,,21,4.20,5,4,5,"… We use the standard MIREX chord label evaluation methods that are introduced in Sect. 2.2 to compare the output of our system with the reference annotation from an annotator [25]. …","https://link.springer.com/article/10.1007/s00521-018-3703-y","https://scholar.google.com/scholar?q=related:i0nndbhLmlIJ:scholar.google.com/&scioq=guitar%7C%22electric+guitar%22+%22artificial+intelligence%22%7C%22machine+learning%22%7C%22deep+learning%22%7C%22audio+analysis%22+feedback%7C%22performance+analysis%22%7Cevaluation%7Cexpressivity&hl=en&as_sdt=2007"
10,"X Wang","Deep learning-based personalized learning recommendation system design for"" T++"" Guzheng Pedagogy",2024,"International Journal of Information Technology","Springer","https://link.springer.com/article/10.1007/s41870-024-01871-5","https://scholar.google.com/scholar?cites=17620447387829092433&as_sdt=2005&sciodt=2007&hl=en",483,"2025-12-14 08:01:17","","10.1007/s41870-024-01871-5","","",,,,,10,10.00,10,1,1,"… of deep learning in education. We will present our methodology for data collection, deep learning model … of our recommendation system, we will employ the following evaluation metrics: …","","https://scholar.google.com/scholar?q=related:UUADx4pniPQJ:scholar.google.com/&scioq=guitar%7C%22electric+guitar%22+%22artificial+intelligence%22%7C%22machine+learning%22%7C%22deep+learning%22%7C%22audio+analysis%22+feedback%7C%22performance+analysis%22%7Cevaluation%7Cexpressivity&hl=en&as_sdt=2007"
5,"J Gregorio, YE Kim","Evaluation of Timbre-Based Control of a Parametric Synthesizer",2021,"NIME 2021","researchgate.net","https://www.researchgate.net/profile/Youngmoo-Kim-2/publication/353365264_Evaluation_of_Timbre-Based_Control_of_a_Parametric_Synthesizer/links/65045eedca19e8355c94123b/Evaluation-of-Timbre-Based-Control-of-a-Parametric-Synthesizer.pdf","https://scholar.google.com/scholar?cites=6765522700053422974&as_sdt=2005&sciodt=2007&hl=en",484,"2025-12-14 08:01:17","PDF","","","",,,,,5,1.25,3,2,4,"… to music making, thus a number of machine learning systems have been proposed to replace … guitar was like the first electric instrument I played so like I was like, “oh, it's like a guitar …","https://www.researchgate.net/profile/Youngmoo-Kim-2/publication/353365264_Evaluation_of_Timbre-Based_Control_of_a_Parametric_Synthesizer/links/65045eedca19e8355c94123b/Evaluation-of-Timbre-Based-Control-of-a-Parametric-Synthesizer.pdf","https://scholar.google.com/scholar?q=related:fqOG6Az3410J:scholar.google.com/&scioq=guitar%7C%22electric+guitar%22+%22artificial+intelligence%22%7C%22machine+learning%22%7C%22deep+learning%22%7C%22audio+analysis%22+feedback%7C%22performance+analysis%22%7Cevaluation%7Cexpressivity&hl=en&as_sdt=2007"
65,"BD Man, B Leonard, R King, JD Reiss","An analysis and evaluation of audio features for multitrack music mixtures",2014,"","qmro.qmul.ac.uk","https://qmro.qmul.ac.uk/xmlui/bitstream/handle/123456789/12588/De%20Man%20AN%20ANALYSIS%20AND%20EVALUATION%202014%20Published.pdf?sequence=2","https://scholar.google.com/scholar?cites=10777350721765416989&as_sdt=2005&sciodt=2007&hl=en",485,"2025-12-14 08:01:17","PDF","","","",,,,,65,5.91,16,4,11,"… Furthermore, some research has been done on machine learning systems for balancing … case part bowed) while the other half had a bass guitar for the bass part. For the purpose of this …","https://qmro.qmul.ac.uk/xmlui/bitstream/handle/123456789/12588/De%20Man%20AN%20ANALYSIS%20AND%20EVALUATION%202014%20Published.pdf?sequence=2","https://scholar.google.com/scholar?q=related:HaCgbmHXkJUJ:scholar.google.com/&scioq=guitar%7C%22electric+guitar%22+%22artificial+intelligence%22%7C%22machine+learning%22%7C%22deep+learning%22%7C%22audio+analysis%22+feedback%7C%22performance+analysis%22%7Cevaluation%7Cexpressivity&hl=en&as_sdt=2007"
8,"A Carson, V Välimäki, A Wright, ...","Resampling filter design for multirate neural audio effect processing",2025,"IEEE Transactions on …","ieeexplore.ieee.org","https://ieeexplore.ieee.org/abstract/document/11023200/","https://scholar.google.com/scholar?cites=7076998761300579730&as_sdt=2005&sciodt=2007&hl=en",486,"2025-12-14 08:01:17","","","","",,,,,8,8.00,2,4,1,"… Thank you to the anonymous reviewers for their feedback on this article. … analog modelling of guitar amplifiers and other audio effects, and machine learning for audio applications. …","https://arxiv.org/pdf/2501.18470","https://scholar.google.com/scholar?q=related:klUzu-CMNmIJ:scholar.google.com/&scioq=guitar%7C%22electric+guitar%22+%22artificial+intelligence%22%7C%22machine+learning%22%7C%22deep+learning%22%7C%22audio+analysis%22+feedback%7C%22performance+analysis%22%7Cevaluation%7Cexpressivity&hl=en&as_sdt=2007"
6,"A Jagannathan, B Chandrasekaran, ...","Original music generation using recurrent neural networks with self-attention",2022,"… Artificial Intelligence …","ieeexplore.ieee.org","https://ieeexplore.ieee.org/abstract/document/9898140/","https://scholar.google.com/scholar?cites=16699251397355947425&as_sdt=2005&sciodt=2007&hl=en",487,"2025-12-14 08:01:17","","","","",,,,,6,2.00,2,3,3,"… We provide a systematic evaluation of state-of-the-art models used in generative deep learning … For instance, a sample can have the piano and guitar combo. Each musical instrument …","","https://scholar.google.com/scholar?q=related:ocVYYquov-cJ:scholar.google.com/&scioq=guitar%7C%22electric+guitar%22+%22artificial+intelligence%22%7C%22machine+learning%22%7C%22deep+learning%22%7C%22audio+analysis%22+feedback%7C%22performance+analysis%22%7Cevaluation%7Cexpressivity&hl=en&as_sdt=2007"
189,"E Formisano, F De Martino, G Valente","Multivariate analysis of fMRI time series: classification and regression of brain responses using machine learning",2008,"Magnetic resonance imaging","Elsevier","https://www.sciencedirect.com/science/article/pii/S0730725X08000775","https://scholar.google.com/scholar?cites=2160672526741657103&as_sdt=2005&sciodt=2007&hl=en",488,"2025-12-14 08:01:17","","","","",,,,,189,11.12,63,3,17,"Machine learning and pattern recognition techniques are … mathematical foundations of machine learning applications in … challenges of using machine learning algorithms in the context …","https://cris.maastrichtuniversity.nl/files/75777818/Formisano_2008_Multivariate_analysis_of_fMRI_time.pdf","https://scholar.google.com/scholar?q=related:D9ZhIDdA_B0J:scholar.google.com/&scioq=guitar%7C%22electric+guitar%22+%22artificial+intelligence%22%7C%22machine+learning%22%7C%22deep+learning%22%7C%22audio+analysis%22+feedback%7C%22performance+analysis%22%7Cevaluation%7Cexpressivity&hl=en&as_sdt=2007"
84,"A Lerch","An introduction to audio content analysis: Music Information Retrieval tasks and applications",2022,"","books.google.com","https://books.google.com/books?hl=en&lr=&id=J46dEAAAQBAJ&oi=fnd&pg=PR17&dq=guitar%7C%22electric+guitar%22+%22artificial+intelligence%22%7C%22machine+learning%22%7C%22deep+learning%22%7C%22audio+analysis%22+feedback%7C%22performance+analysis%22%7Cevaluation%7Cexpressivity&ots=ip3Z3XmRzE&sig=Djpy4Ifx6EjpSx7vqDFNwKljOrA","https://scholar.google.com/scholar?cites=14829078268325533919&as_sdt=2005&sciodt=2007&hl=en",489,"2025-12-14 08:01:17","BOOK","","","",,,,,84,28.00,84,1,3,"… signal processing and machine learning approaches can be … audio signal processing and machine learning, showing how … Inspired by the feedback received from readers of the first …","","https://scholar.google.com/scholar?q=related:3xgCAh54y80J:scholar.google.com/&scioq=guitar%7C%22electric+guitar%22+%22artificial+intelligence%22%7C%22machine+learning%22%7C%22deep+learning%22%7C%22audio+analysis%22+feedback%7C%22performance+analysis%22%7Cevaluation%7Cexpressivity&hl=en&as_sdt=2007"
13,"S Giraldo, R Ramírez","Performance to score sequence matching for automatic ornament detection in jazz music",2015,"… Conference of New Music Concepts ICMNC","mtg.upf.edu","http://mtg.upf.edu/system/files/publications/ICNMC_Giraldo_2015.pdf","https://scholar.google.com/scholar?cites=305912574625120079&as_sdt=2005&sciodt=2007&hl=en",490,"2025-12-14 08:01:17","PDF","","","",,,,,13,1.30,7,2,10,"… jazz guitar context are obtained using machine learning techniques… inexpressive scores using machine learning techniques. … In Table IV we present the evaluation for each expert. From …","http://mtg.upf.edu/system/files/publications/ICNMC_Giraldo_2015.pdf","https://scholar.google.com/scholar?q=related:T__apt3RPgQJ:scholar.google.com/&scioq=guitar%7C%22electric+guitar%22+%22artificial+intelligence%22%7C%22machine+learning%22%7C%22deep+learning%22%7C%22audio+analysis%22+feedback%7C%22performance+analysis%22%7Cevaluation%7Cexpressivity&hl=en&as_sdt=2007"
268,"W Liu, J Sun, W Li, T Hu, P Wang","Deep learning on point clouds and its application: A survey",2019,"Sensors","mdpi.com","https://www.mdpi.com/1424-8220/19/19/4188","https://scholar.google.com/scholar?cites=7533619294370820286&as_sdt=2005&sciodt=2007&hl=en",491,"2025-12-14 08:01:17","HTML","","","",,,,,268,44.67,54,5,6,"… cloud as the input for deep learning. The latter first employs a … feeds these representations into deep learning models. Their … , and the datasets and evaluation metrics are also collected. …","https://www.mdpi.com/1424-8220/19/19/4188","https://scholar.google.com/scholar?q=related:vnAAWtXKjGgJ:scholar.google.com/&scioq=guitar%7C%22electric+guitar%22+%22artificial+intelligence%22%7C%22machine+learning%22%7C%22deep+learning%22%7C%22audio+analysis%22+feedback%7C%22performance+analysis%22%7Cevaluation%7Cexpressivity&hl=en&as_sdt=2007"
38,"F Esqueda, B Kuznetsov, ...","Differentiable white-box virtual analog modeling",2021,"2021 24th International …","ieeexplore.ieee.org","https://ieeexplore.ieee.org/abstract/document/9768272/","https://scholar.google.com/scholar?cites=17069139645497030317&as_sdt=2005&sciodt=2007&hl=en",492,"2025-12-14 08:01:17","","","","",,,,,38,9.50,13,3,4,"… on the use of standard deep-learning architectures, such as … into a larger deep learning-based guitar amplifier modeling system… filter with clipping diodes in the feedback loop. In order to …","https://www.dafx.de/paper-archive/2021/proceedings/papers/DAFx20in21_paper_39.pdf","https://scholar.google.com/scholar?q=related:rTZjRxLE4ewJ:scholar.google.com/&scioq=guitar%7C%22electric+guitar%22+%22artificial+intelligence%22%7C%22machine+learning%22%7C%22deep+learning%22%7C%22audio+analysis%22+feedback%7C%22performance+analysis%22%7Cevaluation%7Cexpressivity&hl=en&as_sdt=2007"
4,"X Han, X Chen, H Deng, P Wan, J Li","Point cloud deep learning network based on local domain multi-level feature",2023,"Applied Sciences","mdpi.com","https://www.mdpi.com/2076-3417/13/19/10804","https://scholar.google.com/scholar?cites=15274083636857899801&as_sdt=2005&sciodt=2007&hl=en",493,"2025-12-14 08:01:17","HTML","","","",,,,,4,2.00,1,5,2,"… evaluation … guitar by the PointNet and DGCNN methods. Although the RS-CNN and proposed method keep a few points on the head that do not belong to this part, the head of the guitar …","https://www.mdpi.com/2076-3417/13/19/10804","https://scholar.google.com/scholar?q=related:GYuFZCRy-NMJ:scholar.google.com/&scioq=guitar%7C%22electric+guitar%22+%22artificial+intelligence%22%7C%22machine+learning%22%7C%22deep+learning%22%7C%22audio+analysis%22+feedback%7C%22performance+analysis%22%7Cevaluation%7Cexpressivity&hl=en&as_sdt=2007"
14,"TP Van, NTN Quang, TM Thanh","Deep learning approach for singer voice classification of Vietnamese popular music",2019,"Proceedings of the 10th International …","dl.acm.org","https://dl.acm.org/doi/abs/10.1145/3368926.3369700","https://scholar.google.com/scholar?cites=9269397790049074358&as_sdt=2005&sciodt=2007&hl=en",494,"2025-12-14 08:01:17","","10.1145/3368926.3369700","","",,,,,14,2.33,5,3,6,"… ) from the mixture sound mixing together drums, guitar, background music, and so on. This is … We use F1-score for this evaluation. Our goal leaves more to be desired. For starter, we can …","https://arxiv.org/pdf/2102.12111","https://scholar.google.com/scholar?q=related:tnyqvS2Eo4AJ:scholar.google.com/&scioq=guitar%7C%22electric+guitar%22+%22artificial+intelligence%22%7C%22machine+learning%22%7C%22deep+learning%22%7C%22audio+analysis%22+feedback%7C%22performance+analysis%22%7Cevaluation%7Cexpressivity&hl=en&as_sdt=2007"
2,"DN Charitou","Automatic Music Synthesis using Neural Networks and Machine Learning Techniques",2023,"","dspace.lib.ntua.gr","https://dspace.lib.ntua.gr/xmlui/bitstream/handle/123456789/56926/Charitou_Thesis_Final.pdf?sequence=1","https://scholar.google.com/scholar?cites=903182909832417368&as_sdt=2005&sciodt=2007&hl=en",495,"2025-12-14 08:01:17","PDF","","","",,,,,2,1.00,2,1,2,"… inevitable inclusion of Artificial Intelligence into our everyday … of the procedure that an Artificial Intelligence model follows in … conducted in the context of subjective evaluation. In this way, …","https://dspace.lib.ntua.gr/xmlui/bitstream/handle/123456789/56926/Charitou_Thesis_Final.pdf?sequence=1","https://scholar.google.com/scholar?q=related:WNDDOxLAiAwJ:scholar.google.com/&scioq=guitar%7C%22electric+guitar%22+%22artificial+intelligence%22%7C%22machine+learning%22%7C%22deep+learning%22%7C%22audio+analysis%22+feedback%7C%22performance+analysis%22%7Cevaluation%7Cexpressivity&hl=en&as_sdt=2007"
6,"R Savery, G Weinberg","Robotics: fast and curious: a cnn for ethical deep learning musical generation",2022,"Artificial intelligence and music ecosystem","taylorfrancis.com","https://www.taylorfrancis.com/chapters/edit/10.4324/9780429356797-7/robotics-richard-savery-gil-weinberg","https://scholar.google.com/scholar?cites=2130076651510986210&as_sdt=2005&sciodt=2007&hl=en",496,"2025-12-14 08:01:17","","10.4324/9780429356797-7","","",,,,,6,2.00,3,2,3,"… This work has been covered in many performances, from responding to guitar cue … Our evaluation framework did not include the ethical goals we set out above. We believe …","","https://scholar.google.com/scholar?q=related:4nWqzW2Njx0J:scholar.google.com/&scioq=guitar%7C%22electric+guitar%22+%22artificial+intelligence%22%7C%22machine+learning%22%7C%22deep+learning%22%7C%22audio+analysis%22+feedback%7C%22performance+analysis%22%7Cevaluation%7Cexpressivity&hl=en&as_sdt=2007"
16,"M Ackermann, D Iren, Y Yao","Explainable machine learning for predicting the mechanical properties in bainitic steels",2023,"Materials &Design","Elsevier","https://www.sciencedirect.com/science/article/pii/S0264127523003611","https://scholar.google.com/scholar?cites=10341586132448735252&as_sdt=2005&sciodt=2007&hl=en",497,"2025-12-14 08:01:17","HTML","","","",,,,,16,8.00,5,3,2,"… In this study, we use a machine learning approach to correlate the most important morphological features, retrieved from segmented Martensite-Austenite (M−A) islands in microscopy …","https://www.sciencedirect.com/science/article/pii/S0264127523003611","https://scholar.google.com/scholar?q=related:FHC2nsuxhI8J:scholar.google.com/&scioq=guitar%7C%22electric+guitar%22+%22artificial+intelligence%22%7C%22machine+learning%22%7C%22deep+learning%22%7C%22audio+analysis%22+feedback%7C%22performance+analysis%22%7Cevaluation%7Cexpressivity&hl=en&as_sdt=2007"
24,"TH Pohle","Extraction of audio descriptors and their evaluation in music classification tasks",2005,"","kluedo.ub.rptu.de","https://kluedo.ub.rptu.de/frontdoor/index/index/docId/1668","https://scholar.google.com/scholar?cites=10102990579551166926&as_sdt=2005&sciodt=2007&hl=en",498,"2025-12-14 08:01:17","","","","",,,,,24,1.20,24,1,20,"… In this masters thesis, mainly machine learning and digital signal processing … guitar”, according to the information on magnatune.com. The used excerpt is an overdriven electric guitar, …","https://kluedo.ub.rptu.de/files/1668/diplomarbeit.pdf","https://scholar.google.com/scholar?q=related:zuFDd2cINYwJ:scholar.google.com/&scioq=guitar%7C%22electric+guitar%22+%22artificial+intelligence%22%7C%22machine+learning%22%7C%22deep+learning%22%7C%22audio+analysis%22+feedback%7C%22performance+analysis%22%7Cevaluation%7Cexpressivity&hl=en&as_sdt=2007"
67,"C Frederick, S Villar, ZH Michalopoulou","Seabed classification using physics-based modeling and machine learning",2020,"The Journal of the Acoustical …","pubs.aip.org","https://pubs.aip.org/asa/jasa/article/148/2/859/959129","https://scholar.google.com/scholar?cites=3066830107304583692&as_sdt=2005&sciodt=2007&hl=en",499,"2025-12-14 08:01:17","HTML","","","",,,,,67,13.40,22,3,5,"… This enhances the training of machine learning models, as well as the evaluation of the … Our results indicate the promise of machine learning and deep learning for the difficult problem …","https://pubs.aip.org/asa/jasa/article/148/2/859/959129","https://scholar.google.com/scholar?q=related:DOJc3LuRjyoJ:scholar.google.com/&scioq=guitar%7C%22electric+guitar%22+%22artificial+intelligence%22%7C%22machine+learning%22%7C%22deep+learning%22%7C%22audio+analysis%22+feedback%7C%22performance+analysis%22%7Cevaluation%7Cexpressivity&hl=en&as_sdt=2007"
598,"V Buhrmester, D Münch, M Arens","Analysis of explainers of black box deep neural networks for computer vision: A survey",2021,"Machine Learning and Knowledge …","mdpi.com","https://www.mdpi.com/2504-4990/3/4/48","https://scholar.google.com/scholar?cites=12831685785980678852&as_sdt=2005&sciodt=2007&hl=en",500,"2025-12-14 08:01:17","HTML","","","",,,,,598,149.50,199,3,4,"Deep Learning is a state-of-the-art technique to make inference on extensive or complex … Explainers try to give insight into the inner structure of machine learning black boxes by …","https://www.mdpi.com/2504-4990/3/4/48","https://scholar.google.com/scholar?q=related:xLLOtjxOE7IJ:scholar.google.com/&scioq=guitar%7C%22electric+guitar%22+%22artificial+intelligence%22%7C%22machine+learning%22%7C%22deep+learning%22%7C%22audio+analysis%22+feedback%7C%22performance+analysis%22%7Cevaluation%7Cexpressivity&hl=en&as_sdt=2007"
31,"A Wright, V Valimaki","Grey-box modelling of dynamic range compression",2022,"… of the 25th International Conference on …","research.ed.ac.uk","https://www.research.ed.ac.uk/en/publications/grey-box-modelling-of-dynamic-range-compression","https://scholar.google.com/scholar?cites=10219995510565728439&as_sdt=2005&sciodt=2007&hl=en",501,"2025-12-14 08:01:17","","","","",,,,,31,10.33,16,2,3,"… signal processing techniques and machine learning. The main … applied to guitar amplifiers and distortion effects [23]. It con- … Future work should involve subjective evaluation so that the …","https://www.research.ed.ac.uk/files/409084490/DAFx20in22_paper_35.pdf","https://scholar.google.com/scholar?q=related:t3Bb3cS31I0J:scholar.google.com/&scioq=guitar%7C%22electric+guitar%22+%22artificial+intelligence%22%7C%22machine+learning%22%7C%22deep+learning%22%7C%22audio+analysis%22+feedback%7C%22performance+analysis%22%7Cevaluation%7Cexpressivity&hl=en&as_sdt=2007"
649,"J Bell","Machine learning: hands-on for developers and technical professionals",2020,"","books.google.com","https://books.google.com/books?hl=en&lr=&id=-p_ODwAAQBAJ&oi=fnd&pg=PR27&dq=guitar%7C%22electric+guitar%22+%22artificial+intelligence%22%7C%22machine+learning%22%7C%22deep+learning%22%7C%22audio+analysis%22+feedback%7C%22performance+analysis%22%7Cevaluation%7Cexpressivity&ots=mMgwlpXaz5&sig=Cj7_eQqJl3WopQl2ESM8w04GqD4","https://scholar.google.com/scholar?cites=10820773169169476393&as_sdt=2005&sciodt=2007&hl=en",502,"2025-12-14 08:01:17","BOOK","","","",,,,,649,129.80,649,1,5,"… “Jason Bell learned to play bass guitar on Saturday afternoons while pretending to work in a … With the use of alphabeta evaluation pruning (eliminating nodes that do not need evaluating…","","https://scholar.google.com/scholar?q=related:Katsz90bK5YJ:scholar.google.com/&scioq=guitar%7C%22electric+guitar%22+%22artificial+intelligence%22%7C%22machine+learning%22%7C%22deep+learning%22%7C%22audio+analysis%22+feedback%7C%22performance+analysis%22%7Cevaluation%7Cexpressivity&hl=en&as_sdt=2007"
24,"C Dewi, RC Chen","Combination of resnet and spatial pyramid pooling for musical instrument identification",2022,"Cybern. Inf. Technol","sciendo.com","https://sciendo.com/pdf/10.2478/cait-2022-0007","https://scholar.google.com/scholar?cites=12384692051998906066&as_sdt=2005&sciodt=2007&hl=en",503,"2025-12-14 08:01:17","PDF","10.2478/cait-2022-0007","","",,,,,24,8.00,12,2,3,"… Nevertheless, as shown in Figure 1, the violin, cello, and guitar all have a similar basic shape. … Additionally, we intend to include Explainable Artificial Intelligence (XAI) into our future …","https://sciendo.com/pdf/10.2478/cait-2022-0007","https://scholar.google.com/scholar?q=related:0pb_681D36sJ:scholar.google.com/&scioq=guitar%7C%22electric+guitar%22+%22artificial+intelligence%22%7C%22machine+learning%22%7C%22deep+learning%22%7C%22audio+analysis%22+feedback%7C%22performance+analysis%22%7Cevaluation%7Cexpressivity&hl=en&as_sdt=2007"
131,"A Rouditchenko, H Zhao, C Gan, ...","Self-supervised audio-visual co-segmentation",2019,"ICASSP 2019-2019 …","ieeexplore.ieee.org","https://ieeexplore.ieee.org/abstract/document/8682467/","https://scholar.google.com/scholar?cites=9459370698809145867&as_sdt=2005&sciodt=2007&hl=en",504,"2025-12-14 08:01:17","","","","",,,,,131,21.83,33,4,6,"… Here we aim to use the image analysis network and audio analysis network independently after … Here, for evaluation purposes, we simply use the channel corresponding to the video’s …","https://arxiv.org/pdf/1904.09013","https://scholar.google.com/scholar?q=related:C_pBXYhvRoMJ:scholar.google.com/&scioq=guitar%7C%22electric+guitar%22+%22artificial+intelligence%22%7C%22machine+learning%22%7C%22deep+learning%22%7C%22audio+analysis%22+feedback%7C%22performance+analysis%22%7Cevaluation%7Cexpressivity&hl=en&as_sdt=2007"
4,"V Lyberatos, S Kantarelis, E Kaldeli, S Bekiaris, ...","Employing crowdsourcing for enriching a music knowledge base in higher education",2023,"… on Artificial Intelligence …","Springer","https://link.springer.com/chapter/10.1007/978-981-99-7947-9_17","https://scholar.google.com/scholar?cites=1601466134526055034&as_sdt=2005&sciodt=2007&hl=en",505,"2025-12-14 08:01:17","","10.1007/978-981-99-7947-9_17","","",,,,,4,2.00,1,5,2,"… Secondly, we aimed to collect feedback about the CrowdHeritage platform as a tool for … the CrowdHeritage platform as a means to express their perceptions and provide feedback. …","https://arxiv.org/pdf/2306.07310","https://scholar.google.com/scholar?q=related:elI-5PaMORYJ:scholar.google.com/&scioq=guitar%7C%22electric+guitar%22+%22artificial+intelligence%22%7C%22machine+learning%22%7C%22deep+learning%22%7C%22audio+analysis%22+feedback%7C%22performance+analysis%22%7Cevaluation%7Cexpressivity&hl=en&as_sdt=2007"
82,"R Brzustowicz","From ChatGPT to CatGPT: The implications of artificial intelligence on library cataloging",2023,"Information Technology and Libraries","ital.corejournals.org","https://ital.corejournals.org/index.php/ital/article/view/16295","https://scholar.google.com/scholar?cites=16962629891612792646&as_sdt=2005&sciodt=2007&hl=en",506,"2025-12-14 08:01:17","","","","",,,,,82,41.00,82,1,2,"… Regular monitoring and evaluation of the model are necessary to detect any potential biases or … As with any machine learning model, though, there is a risk of bias that needs to be …","https://ital.corejournals.org/index.php/ital/article/download/16295/11874","https://scholar.google.com/scholar?q=related:RtcAugNeZ-sJ:scholar.google.com/&scioq=guitar%7C%22electric+guitar%22+%22artificial+intelligence%22%7C%22machine+learning%22%7C%22deep+learning%22%7C%22audio+analysis%22+feedback%7C%22performance+analysis%22%7Cevaluation%7Cexpressivity&hl=en&as_sdt=2007"
13,"AR Bargum, S Serafin, C Erkut","Reimagining speech: a scoping review of deep learning-based methods for non-parallel voice conversion",2024,"Frontiers in signal processing","frontiersin.org","https://www.frontiersin.org/journals/signal-processing/articles/10.3389/frsip.2024.1339159/full","https://scholar.google.com/scholar?cites=17149241445945919644&as_sdt=2005&sciodt=2007&hl=en",507,"2025-12-14 08:01:17","HTML","10.3389/frsip.2024.1339159","","",,,,,13,13.00,4,3,1,"… current state of the art in the field of deep learning-based VC, 2) identify the commonly used tools, techniques, and evaluation methods in deep learning-based VC research, and 3) gain …","https://www.frontiersin.org/journals/signal-processing/articles/10.3389/frsip.2024.1339159/full","https://scholar.google.com/scholar?q=related:nEgDCTxY_u0J:scholar.google.com/&scioq=guitar%7C%22electric+guitar%22+%22artificial+intelligence%22%7C%22machine+learning%22%7C%22deep+learning%22%7C%22audio+analysis%22+feedback%7C%22performance+analysis%22%7Cevaluation%7Cexpressivity&hl=en&as_sdt=2007"
45,"L Barrington, D Turnbull, G Lanckriet","Game-powered machine learning",2012,"Proceedings of the National …","pnas.org","https://www.pnas.org/doi/abs/10.1073/pnas.1014748109","https://scholar.google.com/scholar?cites=3357611443462949202&as_sdt=2005&sciodt=2007&hl=en",508,"2025-12-14 08:01:17","","10.1073/pnas.1014748109","","",,,,,45,3.46,15,3,13,"… coupling annotation games with machine learning provides a reliable and … feedback loop, the game focuses on collecting data that most effectively improves future machine learning …","https://www.pnas.org/doi/full/10.1073/pnas.1014748109","https://scholar.google.com/scholar?q=related:UkllhdGhmC4J:scholar.google.com/&scioq=guitar%7C%22electric+guitar%22+%22artificial+intelligence%22%7C%22machine+learning%22%7C%22deep+learning%22%7C%22audio+analysis%22+feedback%7C%22performance+analysis%22%7Cevaluation%7Cexpressivity&hl=en&as_sdt=2007"
6,"P Knebel, C Appold, A Guldner, M Horbach, Y Juncker, ...","An artificial intelligence of things based method for early detection of bark beetle infested trees",2022,"EnviroInfo 2022","dl.gi.de","https://dl.gi.de/items/af5790dc-f4c6-4918-8c82-0036396d337e","https://scholar.google.com/scholar?cites=15206870277781923766&as_sdt=2005&sciodt=2007&hl=en",509,"2025-12-14 08:01:17","","","","",,,,,6,2.00,1,6,3,"… our work on the design and evaluation of an Artificial intelligence of things (AIoT) based micro… , normally intended for DIX-electronics as an acoustic guitar-pickup4, which we encase in a …","https://dl.gi.de/bitstreams/92386848-1770-4336-b2e6-707e2a05f902/download","https://scholar.google.com/scholar?q=related:tiejvPKnCdMJ:scholar.google.com/&scioq=guitar%7C%22electric+guitar%22+%22artificial+intelligence%22%7C%22machine+learning%22%7C%22deep+learning%22%7C%22audio+analysis%22+feedback%7C%22performance+analysis%22%7Cevaluation%7Cexpressivity&hl=en&as_sdt=2007"
3,"A Mouakher, S Chatry, ...","A multi-criteria evaluation framework for facial expression recognition models",2023,"2023 20th ACS/IEEE …","ieeexplore.ieee.org","https://ieeexplore.ieee.org/abstract/document/10479285/","https://scholar.google.com/scholar?cites=6849920828552255394&as_sdt=2005&sciodt=2007&hl=en",510,"2025-12-14 08:01:17","","","","",,,,,3,1.50,1,3,2,"… evaluation that prioritizes the crucial aspect of explainable artificial intelligence (XAI). In … as a robust validation of the proposed evaluation criteria, further reinforcing our approach. …","","https://scholar.google.com/scholar?q=related:ohdofbPOD18J:scholar.google.com/&scioq=guitar%7C%22electric+guitar%22+%22artificial+intelligence%22%7C%22machine+learning%22%7C%22deep+learning%22%7C%22audio+analysis%22+feedback%7C%22performance+analysis%22%7Cevaluation%7Cexpressivity&hl=en&as_sdt=2007"
22,"S Canning, A Betrus","The culture of deep learning in esports: An insider's perspective",2017,"Educational Technology","JSTOR","https://www.jstor.org/stable/44430527","https://scholar.google.com/scholar?cites=1764451826227020893&as_sdt=2005&sciodt=2007&hl=en",511,"2025-12-14 08:01:17","","","","",,,,,22,2.75,11,2,8,"… Identify what the pros do and try to mimic them, just like one would learn ""Smoke on the Water"" when learning guitar. After … Switches can be interchanged for different feedback. …","","https://scholar.google.com/scholar?q=related:XQSNZZaXfBgJ:scholar.google.com/&scioq=guitar%7C%22electric+guitar%22+%22artificial+intelligence%22%7C%22machine+learning%22%7C%22deep+learning%22%7C%22audio+analysis%22+feedback%7C%22performance+analysis%22%7Cevaluation%7Cexpressivity&hl=en&as_sdt=2007"
205,"EJ Humphrey, JP Bello","Rethinking automatic chord recognition with convolutional neural networks",2012,"… Conference on Machine Learning and …","ieeexplore.ieee.org","https://ieeexplore.ieee.org/abstract/document/6406762/","https://scholar.google.com/scholar?cites=14433443479843615206&as_sdt=2005&sciodt=2007&hl=en",512,"2025-12-14 08:01:17","","","","",,,,,205,15.77,103,2,13,"… – strumming a root-position C major on guitar, for instance – real music is typically characterized … over the validation set are used for final evaluation; overall results are given in Table III. …","","https://scholar.google.com/scholar?q=related:5rHBjV_kTcgJ:scholar.google.com/&scioq=guitar%7C%22electric+guitar%22+%22artificial+intelligence%22%7C%22machine+learning%22%7C%22deep+learning%22%7C%22audio+analysis%22+feedback%7C%22performance+analysis%22%7Cevaluation%7Cexpressivity&hl=en&as_sdt=2007"
259,"I Mierswa, K Morik","Automatic feature extraction for classifying audio data",2005,"Machine learning","Springer","https://link.springer.com/article/10.1007/s10994-005-5824-7","https://scholar.google.com/scholar?cites=15497351590734503662&as_sdt=2005&sciodt=2007&hl=en",513,"2025-12-14 08:01:17","","10.1007/s10994-005-5824-7","","",,,,,259,12.95,130,2,20,"… the accuracy and provide a fitness value (fitness evaluation). Further details are explained in … User 1 selected positive examples from rock music with a dominating electric guitar. User 2 …","https://link.springer.com/content/pdf/10.1007/s10994-005-5824-7.pdf","https://scholar.google.com/scholar?q=related:7p4QzSmnEdcJ:scholar.google.com/&scioq=guitar%7C%22electric+guitar%22+%22artificial+intelligence%22%7C%22machine+learning%22%7C%22deep+learning%22%7C%22audio+analysis%22+feedback%7C%22performance+analysis%22%7Cevaluation%7Cexpressivity&hl=en&as_sdt=2007"
1,"R Bhagyalakshmi, ...","Machine Learning Approaches for Musical Instrument Recognition using Distinctive Audio Features",2025,"… Conference on Intelligent …","ieeexplore.ieee.org","https://ieeexplore.ieee.org/abstract/document/10934658/","https://scholar.google.com/scholar?cites=15782372482630600010&as_sdt=2005&sciodt=2007&hl=en",514,"2025-12-14 08:01:17","","","","",,,,,1,1.00,1,2,1,"… work mainly focuses on classifying an instrument into the right category and neglects the difference between false positive and false negative, accuracy was chosen as the evaluation …","","https://scholar.google.com/scholar?q=related:SsUYhCdABtsJ:scholar.google.com/&scioq=guitar%7C%22electric+guitar%22+%22artificial+intelligence%22%7C%22machine+learning%22%7C%22deep+learning%22%7C%22audio+analysis%22+feedback%7C%22performance+analysis%22%7Cevaluation%7Cexpressivity&hl=en&as_sdt=2007"
41,"AC Popescu, I Mocanu, B Cramariuc","Fusion mechanisms for human activity recognition using automated machine learning",2020,"IEEE Access","ieeexplore.ieee.org","https://ieeexplore.ieee.org/abstract/document/9153764/","https://scholar.google.com/scholar?cites=902135631498777900&as_sdt=2005&sciodt=2007&hl=en",515,"2025-12-14 08:01:17","","","","",,,,,41,8.20,14,3,5,"… this is how the system knows that the object “guitar” points to the activity “playing the guitar”. … We also performed training and evaluation on videos from both datasets (…","https://ieeexplore.ieee.org/iel7/6287639/6514899/09153764.pdf","https://scholar.google.com/scholar?q=related:LBW1vpMHhQwJ:scholar.google.com/&scioq=guitar%7C%22electric+guitar%22+%22artificial+intelligence%22%7C%22machine+learning%22%7C%22deep+learning%22%7C%22audio+analysis%22+feedback%7C%22performance+analysis%22%7Cevaluation%7Cexpressivity&hl=en&as_sdt=2007"
319,"ELM Law, L Von Ahn, RB Dannenberg, M Crawford","TagATune: A Game for Music and Sound Annotation.",2007,"ISMIR","cs.cmu.edu","https://www.cs.cmu.edu/afs/cs.cmu.edu/Web/People/rbd/papers/ISMIR2007_p361_law.pdf","https://scholar.google.com/scholar?cites=1671173316171482247&as_sdt=2005&sciodt=2007&hl=en",516,"2025-12-14 08:01:17","PDF","","","",,,,,319,17.72,80,4,18,"… sound databases, provide data for system evaluation, and generate training data for machine … Likewise, for a mellow guitar solo, common colors such as “green” and “yellow” were used. …","https://www.cs.cmu.edu/afs/cs.cmu.edu/Web/People/rbd/papers/ISMIR2007_p361_law.pdf","https://scholar.google.com/scholar?q=related:h0SD3EYzMRcJ:scholar.google.com/&scioq=guitar%7C%22electric+guitar%22+%22artificial+intelligence%22%7C%22machine+learning%22%7C%22deep+learning%22%7C%22audio+analysis%22+feedback%7C%22performance+analysis%22%7Cevaluation%7Cexpressivity&hl=en&as_sdt=2007"
22,"N Malik, PV Singh","Deep learning in computer vision: Methods, interpretation, causation, and fairness",2019,"… Research &Management Science in the …","pubsonline.informs.org","https://pubsonline.informs.org/doi/abs/10.1287/educ.2019.0201","https://scholar.google.com/scholar?cites=12655299076546878708&as_sdt=2005&sciodt=2007&hl=en",517,"2025-12-14 08:01:17","","10.1287/educ.2019.0201","","",,,,,22,3.67,11,2,6,"… large deep learning models have been able to utilize tremendous amounts of unstructured data to attain artificial intelligence on par with humans. At their core, deep learning models …","https://papers.ssrn.com/sol3/Delivery.cfm?abstractid=3395476","https://scholar.google.com/scholar?q=related:9Nznn3WnoK8J:scholar.google.com/&scioq=guitar%7C%22electric+guitar%22+%22artificial+intelligence%22%7C%22machine+learning%22%7C%22deep+learning%22%7C%22audio+analysis%22+feedback%7C%22performance+analysis%22%7Cevaluation%7Cexpressivity&hl=en&as_sdt=2007"
4,"T Magnusson, C Kiefer, H Ulfarsson","Reflexions upon feedback: A study of feedback musicianship terminology",2022,"","sussex.figshare.com","https://sussex.figshare.com/articles/conference_contribution/Reflexions_upon_feedback_a_study_of_feedback_musicianship_terminology/23488508","https://scholar.google.com/scholar?cites=1784625227961125432&as_sdt=2005&sciodt=2007&hl=en",518,"2025-12-14 08:01:17","","","","",,,,,4,1.33,1,3,3,"… ’s guitar, to the systems design of David Tudor or Nic Collins, we find the origins of feedback … This is part of the interaction and interface design, and the addition of machine learning and …","https://sussex.figshare.com/articles/conference_contribution/Reflexions_upon_feedback_a_study_of_feedback_musicianship_terminology/23488508/1/files/41197091.pdf","https://scholar.google.com/scholar?q=related:OMrSgTBDxBgJ:scholar.google.com/&scioq=guitar%7C%22electric+guitar%22+%22artificial+intelligence%22%7C%22machine+learning%22%7C%22deep+learning%22%7C%22audio+analysis%22+feedback%7C%22performance+analysis%22%7Cevaluation%7Cexpressivity&hl=en&as_sdt=2007"
66,"P Singh, A Manure","Learn TensorFlow 2.0: Implement machine learning and deep learning models with Python",2019,"","books.google.com","https://books.google.com/books?hl=en&lr=&id=3_rEDwAAQBAJ&oi=fnd&pg=PR5&dq=guitar%7C%22electric+guitar%22+%22artificial+intelligence%22%7C%22machine+learning%22%7C%22deep+learning%22%7C%22audio+analysis%22+feedback%7C%22performance+analysis%22%7Cevaluation%7Cexpressivity&ots=ib96fOiel3&sig=KlJZpZH-Prb4KArFZgEk3eZ0E5U","https://scholar.google.com/scholar?cites=5123769021713356054&as_sdt=2005&sciodt=2007&hl=en",519,"2025-12-14 08:01:17","BOOK","","","",,,,,66,11.00,33,2,6,"… As Google’s TensorFlow team took the feedback of the TensorFlow community seriously, it … it one of the best available options to perform machine learning and deep learning today. …","","https://scholar.google.com/scholar?q=related:FhVgQsdIG0cJ:scholar.google.com/&scioq=guitar%7C%22electric+guitar%22+%22artificial+intelligence%22%7C%22machine+learning%22%7C%22deep+learning%22%7C%22audio+analysis%22+feedback%7C%22performance+analysis%22%7Cevaluation%7Cexpressivity&hl=en&as_sdt=2007"
33,"X Zhu, H Duan, Y Cao, Y Zhu, Y Zhu, J Liu, ...","Perceptual quality assessment of omnidirectional audio-visual signals",2023,"… on Artificial Intelligence","Springer","https://link.springer.com/chapter/10.1007/978-981-99-9119-8_46","https://scholar.google.com/scholar?cites=6692486858158383226&as_sdt=2005&sciodt=2007&hl=en",520,"2025-12-14 08:01:17","","10.1007/978-981-99-9119-8_46","","",,,,,33,16.50,5,7,2,"… The ODV contents include acappella chorus, shopping, guitar playing, restaurant ordering, … The optimal weights depend on the used single-mode A/V quality evaluation models and we …","https://arxiv.org/pdf/2307.10813","https://scholar.google.com/scholar?q=related:eiCA1FZ94FwJ:scholar.google.com/&scioq=guitar%7C%22electric+guitar%22+%22artificial+intelligence%22%7C%22machine+learning%22%7C%22deep+learning%22%7C%22audio+analysis%22+feedback%7C%22performance+analysis%22%7Cevaluation%7Cexpressivity&hl=en&as_sdt=2007"
9,"A Liapis","Artificial intelligence for designing games",2021,"Artificial Intelligence and the Arts: Computational …","Springer","https://link.springer.com/content/pdf/10.1007/978-3-030-59475-6_11.pdf","https://scholar.google.com/scholar?cites=5725080243135191466&as_sdt=2005&sciodt=2007&hl=en",521,"2025-12-14 08:01:17","","10.1007/978-3-030-59475-6_11","","",,,,,9,2.25,9,1,4,"… s Sky were largely towards the expressivity of its generators [115… Evolutionary computation, machine learning, constraint … include rhythm games such as Guitar Hero [57] where the music …","https://antoniosliapis.com/papers/chapter_ai_for_designing_games.pdf","https://scholar.google.com/scholar?q=related:qhmu-iWSc08J:scholar.google.com/&scioq=guitar%7C%22electric+guitar%22+%22artificial+intelligence%22%7C%22machine+learning%22%7C%22deep+learning%22%7C%22audio+analysis%22+feedback%7C%22performance+analysis%22%7Cevaluation%7Cexpressivity&hl=en&as_sdt=2007"
121,"A Ghimire, S Thapa, AK Jha, ...","Accelerating business growth with big data and artificial intelligence",2020,"… conference on I …","ieeexplore.ieee.org","https://ieeexplore.ieee.org/abstract/document/9243318/","https://scholar.google.com/scholar?cites=759818285570251350&as_sdt=2005&sciodt=2007&hl=en",522,"2025-12-14 08:01:17","","","","",,,,,121,24.20,30,4,5,"… artificial intelligence and machine learning systems to display individualized and personalized advertisements. A person that is interested in guitar is … of machine learning, deep learning …","https://www.researchgate.net/profile/Avinash-Jha-12/publication/346395680_Accelerating_Business_Growth_with_Big_Data_and_Artificial_Intelligence/links/603cc607299bf1cc26fc3361/Accelerating-Business-Growth-with-Big-Data-and-Artificial-Intelligence.pdf","https://scholar.google.com/scholar?q=related:VtpCfbRqiwoJ:scholar.google.com/&scioq=guitar%7C%22electric+guitar%22+%22artificial+intelligence%22%7C%22machine+learning%22%7C%22deep+learning%22%7C%22audio+analysis%22+feedback%7C%22performance+analysis%22%7Cevaluation%7Cexpressivity&hl=en&as_sdt=2007"
12,"S Hossain, K Deb, S Sakib, IH Sarker","A hybrid deep learning framework for daily living human activity recognition with cluster-based video summarization",2025,"Multimedia Tools and Applications","Springer","https://link.springer.com/article/10.1007/s11042-024-19022-0","https://scholar.google.com/scholar?cites=7584907737874885145&as_sdt=2005&sciodt=2007&hl=en",523,"2025-12-14 08:01:17","","10.1007/s11042-024-19022-0","","",,,,,12,12.00,3,4,1,"… the dataset description, evaluation of different frameworks, and several performance metrics, the experimental configuration is detailed in Section 4. The performance evaluation of each …","","https://scholar.google.com/scholar?q=related:GeokqmYBQ2kJ:scholar.google.com/&scioq=guitar%7C%22electric+guitar%22+%22artificial+intelligence%22%7C%22machine+learning%22%7C%22deep+learning%22%7C%22audio+analysis%22+feedback%7C%22performance+analysis%22%7Cevaluation%7Cexpressivity&hl=en&as_sdt=2007"
81,"L Wang, Z Zhao, H Liu, J Pang, Y Qin, Q Wu","A review of intelligent music generation systems",2024,"Neural Computing and …","Springer","https://link.springer.com/article/10.1007/s00521-024-09418-2","https://scholar.google.com/scholar?cites=16429337982632794216&as_sdt=2005&sciodt=2007&hl=en",524,"2025-12-14 08:01:17","","10.1007/s00521-024-09418-2","","",,,,,81,81.00,14,6,1,"… in music evaluation. Briot et al. [4] introduced algorithms based on deep learning based … of instrument timbres such as cello, violin and electric guitar. In addition, Coconet [36] used a …","https://arxiv.org/pdf/2211.09124","https://scholar.google.com/scholar?q=related:aBipTdm7AOQJ:scholar.google.com/&scioq=guitar%7C%22electric+guitar%22+%22artificial+intelligence%22%7C%22machine+learning%22%7C%22deep+learning%22%7C%22audio+analysis%22+feedback%7C%22performance+analysis%22%7Cevaluation%7Cexpressivity&hl=en&as_sdt=2007"
2,"AF Redoy, MA Hossain","Depression detection from social media textual data using natural language processing and machine learning techniques",2023,"","researchgate.net","https://www.researchgate.net/profile/Farhan-Redoy/publication/373295255_Depression_Detection_From_Social_Media_Textual_Data_Using_Natural_Language_Processing_and_Machine_Learning_Techniques/links/64e500d30453074fbda78bf0/Depression-Detection-From-Social-Media-Textual-Data-Using-Natural-Language-Processing-and-Machine-Learning-Techniques.pdf","https://scholar.google.com/scholar?cites=7410450942122327857&as_sdt=2005&sciodt=2007&hl=en",525,"2025-12-14 08:01:17","PDF","","","",,,,,2,1.00,1,2,2,"… An alternative machine learning evaluation statistic called F1 score examines a model's … I can draw yes and play the guitar but I honestly feel like am stuck in the past, my taste in music …","https://www.researchgate.net/profile/Farhan-Redoy/publication/373295255_Depression_Detection_From_Social_Media_Textual_Data_Using_Natural_Language_Processing_and_Machine_Learning_Techniques/links/64e500d30453074fbda78bf0/Depression-Detection-From-Social-Media-Textual-Data-Using-Natural-Language-Processing-and-Machine-Learning-Techniques.pdf","https://scholar.google.com/scholar?q=related:Mf-ont4112YJ:scholar.google.com/&scioq=guitar%7C%22electric+guitar%22+%22artificial+intelligence%22%7C%22machine+learning%22%7C%22deep+learning%22%7C%22audio+analysis%22+feedback%7C%22performance+analysis%22%7Cevaluation%7Cexpressivity&hl=en&as_sdt=2007"
3,"MT Khan, S Khalid","Paradigmatic and syntagmatic rule extraction for lifelong machine learning topic models",2017,"2017 6th International Conference on …","ieeexplore.ieee.org","https://ieeexplore.ieee.org/abstract/document/8312442/","https://scholar.google.com/scholar?cites=11638827133353719135&as_sdt=2005&sciodt=2007&hl=en",526,"2025-12-14 08:01:17","","","","",,,,,3,0.38,2,2,8,"… Abstract—Lifelong Machine Learning (LML) based topic models are designed with an … Generally the learning procedure consists of an evaluation criterion that measures the confidence …","https://www.researchgate.net/profile/Taimoor-Khan-10/publication/323822813_Paradigmatic_and_syntagmatic_rule_extraction_for_lifelong_machine_learning_topic_models/links/5ab34459aca272171001d05e/Paradigmatic-and-syntagmatic-rule-extraction-for-lifelong-machine-learning-topic-models.pdf","https://scholar.google.com/scholar?q=related:X_W51ZxrhaEJ:scholar.google.com/&scioq=guitar%7C%22electric+guitar%22+%22artificial+intelligence%22%7C%22machine+learning%22%7C%22deep+learning%22%7C%22audio+analysis%22+feedback%7C%22performance+analysis%22%7Cevaluation%7Cexpressivity&hl=en&as_sdt=2007"
4,"CR Lekshmi, R Rajan","Compact convolutional transformers for multiple predominant instrument recognition in polyphonic music",2024,"2024 9th International Conference on …","ieeexplore.ieee.org","https://ieeexplore.ieee.org/abstract/document/10860152/","https://scholar.google.com/scholar?cites=1500950896046748542&as_sdt=2005&sciodt=2007&hl=en",527,"2025-12-14 08:01:17","","","","",,,,,4,4.00,2,2,1,"… Most recent work has concentrated on sophisticated deep learning and transformer … To ensure a fair evaluation, we implemented a consistent experimental framework using …","","https://scholar.google.com/scholar?q=related:frMrOONy1BQJ:scholar.google.com/&scioq=guitar%7C%22electric+guitar%22+%22artificial+intelligence%22%7C%22machine+learning%22%7C%22deep+learning%22%7C%22audio+analysis%22+feedback%7C%22performance+analysis%22%7Cevaluation%7Cexpressivity&hl=en&as_sdt=2007"
4,"CC Chen, P Hung, E Eğrioğlu, KL Hsiao","Deep Learning in Adaptive Learning: Educational Behavior and Strategy",2022,"","books.google.com","https://books.google.com/books?hl=en&lr=&id=okiJEAAAQBAJ&oi=fnd&pg=PP1&dq=guitar%7C%22electric+guitar%22+%22artificial+intelligence%22%7C%22machine+learning%22%7C%22deep+learning%22%7C%22audio+analysis%22+feedback%7C%22performance+analysis%22%7Cevaluation%7Cexpressivity&ots=XYJZaeLlQq&sig=1b8S8EfZHDpulKa153aJMaA5-IQ","https://scholar.google.com/scholar?cites=17911389620424549001&as_sdt=2005&sciodt=2007&hl=en",528,"2025-12-14 08:01:17","BOOK","","","",,,,,4,1.33,1,4,3,"… Additionally, it can extract the tones of the instrument to construct a new digital music evaluation … The effectiveness of the evaluation model depends on the tone analysis algorithm. Thus, …","","https://scholar.google.com/scholar?q=related:iSIGD_YJkvgJ:scholar.google.com/&scioq=guitar%7C%22electric+guitar%22+%22artificial+intelligence%22%7C%22machine+learning%22%7C%22deep+learning%22%7C%22audio+analysis%22+feedback%7C%22performance+analysis%22%7Cevaluation%7Cexpressivity&hl=en&as_sdt=2007"
22,"M Al-Faris, J Chiverton, D Ndzi, AI Ahmed","Vision based dynamic thermal comfort control using fuzzy logic and deep learning",2021,"Applied Sciences","mdpi.com","https://www.mdpi.com/2076-3417/11/10/4626","https://scholar.google.com/scholar?cites=8646378058248440686&as_sdt=2005&sciodt=2007&hl=en",529,"2025-12-14 08:01:17","HTML","","","",,,,,22,5.50,6,4,4,"… The evaluation showed that the ATHB model performed well for naturally ventilated and air … Deep learning and fuzzy logic techniques are selected in this work because they can …","https://www.mdpi.com/2076-3417/11/10/4626","https://scholar.google.com/scholar?q=related:bkuhkwgb_ncJ:scholar.google.com/&scioq=guitar%7C%22electric+guitar%22+%22artificial+intelligence%22%7C%22machine+learning%22%7C%22deep+learning%22%7C%22audio+analysis%22+feedback%7C%22performance+analysis%22%7Cevaluation%7Cexpressivity&hl=en&as_sdt=2007"
5,"S Wu","Research on the automatic music creation system based on the human-computer interaction and artificial intelligence",2016,"2016 2nd International Conference on Social Science …","atlantis-press.com","https://www.atlantis-press.com/proceedings/icsste-16/25852746","https://scholar.google.com/scholar?cites=17390770199635302003&as_sdt=2005&sciodt=2007&hl=en",530,"2025-12-14 08:01:17","","","","",,,,,5,0.56,5,1,9,"… Pop music mainly includes piano, drums, guitar, etc., this … has to face the artificial intelligence and the unsolved problems… from the output layer to input layer feedback loop. (3) Expert …","https://www.atlantis-press.com/article/25852746.pdf","https://scholar.google.com/scholar?q=related:cxa2N1ttWPEJ:scholar.google.com/&scioq=guitar%7C%22electric+guitar%22+%22artificial+intelligence%22%7C%22machine+learning%22%7C%22deep+learning%22%7C%22audio+analysis%22+feedback%7C%22performance+analysis%22%7Cevaluation%7Cexpressivity&hl=en&as_sdt=2007"
55,"X Zheng, W Chen, M Li, T Zhang, Y You, ...","Decoding human brain activity with deep learning",2020,"… Signal Processing and …","Elsevier","https://www.sciencedirect.com/science/article/pii/S1746809419303118","https://scholar.google.com/scholar?cites=11048647458647996065&as_sdt=2005&sciodt=2007&hl=en",531,"2025-12-14 08:01:17","","","","",,,,,55,11.00,9,6,5,"Decoding human brain activity with deep learning - ScienceDirect … Decoding human brain activity with deep learning …","","https://scholar.google.com/scholar?q=related:oXY8TVOuVJkJ:scholar.google.com/&scioq=guitar%7C%22electric+guitar%22+%22artificial+intelligence%22%7C%22machine+learning%22%7C%22deep+learning%22%7C%22audio+analysis%22+feedback%7C%22performance+analysis%22%7Cevaluation%7Cexpressivity&hl=en&as_sdt=2007"
153,"K Choi, G Fazekas, K Cho, M Sandler","A tutorial on deep learning for music information retrieval",2017,"arXiv preprint arXiv:1709.04396","arxiv.org","https://arxiv.org/abs/1709.04396","https://scholar.google.com/scholar?cites=3821767707962148785&as_sdt=2005&sciodt=2007&hl=en",532,"2025-12-14 08:01:17","","","","",,,,,153,19.13,38,4,8,"… the context of deep learning. Since deep learning is a subset of machine learning, we also assume readers have understanding of the basic machine learning concepts, eg, data splitting…","https://arxiv.org/pdf/1709.04396","https://scholar.google.com/scholar?q=related:sYckV3ulCTUJ:scholar.google.com/&scioq=guitar%7C%22electric+guitar%22+%22artificial+intelligence%22%7C%22machine+learning%22%7C%22deep+learning%22%7C%22audio+analysis%22+feedback%7C%22performance+analysis%22%7Cevaluation%7Cexpressivity&hl=en&as_sdt=2007"
11,"P Wiriyachaiporn, K Chanasit, A Suchato, ...","Algorithmic music composition comparison",2018,"… Joint Conference on …","ieeexplore.ieee.org","https://ieeexplore.ieee.org/abstract/document/8457397/","https://scholar.google.com/scholar?cites=13934950732242204286&as_sdt=2005&sciodt=2007&hl=en",533,"2025-12-14 08:01:17","","","","",,,,,11,1.57,3,4,7,"… presents the application of Machine Learning (ML) algorithm … Evaluation and discussion will be in section V and finally, … sound and feeling of rock but electric guitar, electric bass, and …","","https://scholar.google.com/scholar?q=related:frbdRdzjYsEJ:scholar.google.com/&scioq=guitar%7C%22electric+guitar%22+%22artificial+intelligence%22%7C%22machine+learning%22%7C%22deep+learning%22%7C%22audio+analysis%22+feedback%7C%22performance+analysis%22%7Cevaluation%7Cexpressivity&hl=en&as_sdt=2007"
18,"S Dadman, BA Bremdal, B Bang, R Dalmo","Toward interactive music generation: A position paper",2022,"IEEE Access","ieeexplore.ieee.org","https://ieeexplore.ieee.org/abstract/document/9966445/","https://scholar.google.com/scholar?cites=11561973187174931260&as_sdt=2005&sciodt=2007&hl=en",534,"2025-12-14 08:01:17","","","","",,,,,18,6.00,5,4,3,"… in deep learning methods for music generation in the symbolic domain. We further outline different evaluation … Examples of single-track polyphony instruments are the piano and guitar. …","https://ieeexplore.ieee.org/iel7/6287639/6514899/09966445.pdf","https://scholar.google.com/scholar?q=related:PBsnFFthdKAJ:scholar.google.com/&scioq=guitar%7C%22electric+guitar%22+%22artificial+intelligence%22%7C%22machine+learning%22%7C%22deep+learning%22%7C%22audio+analysis%22+feedback%7C%22performance+analysis%22%7Cevaluation%7Cexpressivity&hl=en&as_sdt=2007"
147,"PF Moshiri, R Shahbazian, M Nabati, SA Ghorashi","A CSI-based human activity recognition using deep learning",2021,"Sensors","mdpi.com","https://www.mdpi.com/1424-8220/21/21/7225","https://scholar.google.com/scholar?cites=473530282656916811&as_sdt=2005&sciodt=2007&hl=en",535,"2025-12-14 08:01:17","HTML","","","",,,,,147,36.75,37,4,4,"… We also perform a deep evaluation by implementing two other algorithms, including 1D-CNN and LSTM, and compare our results with four different models used for HAR, including …","https://www.mdpi.com/1424-8220/21/21/7225","https://scholar.google.com/scholar?q=related:S-UngEhRkgYJ:scholar.google.com/&scioq=guitar%7C%22electric+guitar%22+%22artificial+intelligence%22%7C%22machine+learning%22%7C%22deep+learning%22%7C%22audio+analysis%22+feedback%7C%22performance+analysis%22%7Cevaluation%7Cexpressivity&hl=en&as_sdt=2007"
28639,"MT Ribeiro, S Singh, C Guestrin",""" Why should i trust you?"" Explaining the predictions of any classifier",2016,"Proceedings of the 22nd ACM …","dl.acm.org","https://dl.acm.org/doi/abs/10.1145/2939672.2939778","https://scholar.google.com/scholar?cites=16724302923321127943&as_sdt=2005&sciodt=2007&hl=en",536,"2025-12-14 08:01:17","","10.1145/2939672.2939778","","",,,,,28639,3182.11,9546,3,9,"… Development and evaluation of a classification model often … insight as to why acoustic guitar was predicted to be electric: … recreate three scenarios in machine learning that require trust …","https://dl.acm.org/doi/pdf/10.1145/2939672.2939778?.","https://scholar.google.com/scholar?q=related:BzSVTOaoGOgJ:scholar.google.com/&scioq=guitar%7C%22electric+guitar%22+%22artificial+intelligence%22%7C%22machine+learning%22%7C%22deep+learning%22%7C%22audio+analysis%22+feedback%7C%22performance+analysis%22%7Cevaluation%7Cexpressivity&hl=en&as_sdt=2007"
14,"A Tsouktakou, A Hamouroudis, A Horti","The use of artificial intelligence in the education of people with visual impairment",2024,"World Journal of Advanced …","academia.edu","https://www.academia.edu/download/120666135/WJAETS_2024_0481_1_.pdf","https://scholar.google.com/scholar?cites=10854193477041548088&as_sdt=2005&sciodt=2007&hl=en",537,"2025-12-14 08:01:17","PDF","","","",,,,,14,14.00,5,3,1,"… is artificial intelligence. Research has shown that the effective application of artificial intelligence is … Evaluation and comparison of artificial intelligence vision aids: Orcam my eye 1 and …","https://www.academia.edu/download/120666135/WJAETS_2024_0481_1_.pdf","https://scholar.google.com/scholar?q=related:OGtsmnXXoZYJ:scholar.google.com/&scioq=guitar%7C%22electric+guitar%22+%22artificial+intelligence%22%7C%22machine+learning%22%7C%22deep+learning%22%7C%22audio+analysis%22+feedback%7C%22performance+analysis%22%7Cevaluation%7Cexpressivity&hl=en&as_sdt=2007"
174,"A Holzapfel, MEP Davies, JR Zapata, ...","Selective sampling for beat tracking evaluation",2012,"… on Audio, Speech …","ieeexplore.ieee.org","https://ieeexplore.ieee.org/abstract/document/6220849/","https://scholar.google.com/scholar?cites=12973528079300105&as_sdt=2005&sciodt=2007&hl=en",538,"2025-12-14 08:01:17","","","","",,,,,174,13.38,44,4,13,"… Our method, motivated by the machine learning method “selective sampling”, is based on … evaluation measures. Using our approach we demonstrate how to compile a new evaluation …","https://www.diva-portal.org/smash/get/diva2:1040421/FULLTEXT01.pdf","https://scholar.google.com/scholar?q=related:CXam5FoXLgAJ:scholar.google.com/&scioq=guitar%7C%22electric+guitar%22+%22artificial+intelligence%22%7C%22machine+learning%22%7C%22deep+learning%22%7C%22audio+analysis%22+feedback%7C%22performance+analysis%22%7Cevaluation%7Cexpressivity&hl=en&as_sdt=2007"
6,"S Sheik, R Mohammed, K Teeparthi, ...","Machine learning-based prediction of intergranular corrosion resistance in austenitic stainless steels exposed to various heat treatments",2025,"Journal of The Institution …","Springer","https://link.springer.com/article/10.1007/s40033-024-00675-y","https://scholar.google.com/scholar?cites=14992931577512922638&as_sdt=2005&sciodt=2007&hl=en",539,"2025-12-14 08:01:17","","10.1007/s40033-024-00675-y","","",,,,,6,6.00,2,4,1,"… the data analytic tool, ie machine learning. These ML algorithms also … To overcome the above problem, the machine learning … the experimental evaluation and machine learning-based …","","https://scholar.google.com/scholar?q=related:Dg5lc9WXEdAJ:scholar.google.com/&scioq=guitar%7C%22electric+guitar%22+%22artificial+intelligence%22%7C%22machine+learning%22%7C%22deep+learning%22%7C%22audio+analysis%22+feedback%7C%22performance+analysis%22%7Cevaluation%7Cexpressivity&hl=en&as_sdt=2007"
11,"J Summaira, X Li, AM Shoib, J Abdul","A review on methods and applications in multimodal deep learning",2022,"arXiv preprint arXiv:2202.09195","arxiv.org","https://arxiv.org/abs/2202.09195","https://scholar.google.com/scholar?cites=8214590686303989305&as_sdt=2005&sciodt=2007&hl=en",540,"2025-12-14 08:01:17","","","","",,,,,11,3.67,3,4,3,"… MMDL methods and applications are categorized into multiple groups, and the impact of feature extractor, deep learning architecture, datasets, and evaluation metrics are analyzed for …","https://arxiv.org/pdf/2202.09195","https://scholar.google.com/scholar?q=related:Oa5h2LQWAHIJ:scholar.google.com/&scioq=guitar%7C%22electric+guitar%22+%22artificial+intelligence%22%7C%22machine+learning%22%7C%22deep+learning%22%7C%22audio+analysis%22+feedback%7C%22performance+analysis%22%7Cevaluation%7Cexpressivity&hl=en&as_sdt=2007"
10,"J Serra, TH Özaslan, JL Arcos","Note onset deviations as musical piece signatures",2013,"Plos One","journals.plos.org","https://journals.plos.org/plosone/article?id=10.1371/journal.pone.0069268","https://scholar.google.com/scholar?cites=7709149895053141258&as_sdt=2005&sciodt=2007&hl=en",541,"2025-12-14 08:01:17","HTML","","","",,,,,10,0.83,3,3,12,"… guitar pieces and follow a quantitative approach based on the combination of standard statistical tools and machine learning … of the sequences is kept as a parameter in our evaluation. …","https://journals.plos.org/plosone/article?id=10.1371/journal.pone.0069268","https://scholar.google.com/scholar?q=related:CuXhFvxm_GoJ:scholar.google.com/&scioq=guitar%7C%22electric+guitar%22+%22artificial+intelligence%22%7C%22machine+learning%22%7C%22deep+learning%22%7C%22audio+analysis%22+feedback%7C%22performance+analysis%22%7Cevaluation%7Cexpressivity&hl=en&as_sdt=2007"
297,"GE Poliner, DPW Ellis, AF Ehmann, ...","Melody transcription from music audio: Approaches and evaluation",2007,"… on Audio, Speech …","ieeexplore.ieee.org","https://ieeexplore.ieee.org/abstract/document/4156215/","https://scholar.google.com/scholar?cites=12547914295801410079&as_sdt=2005&sciodt=2007&hl=en",542,"2025-12-14 08:01:17","","10.7916/D8NC69RK","","",,,,,297,16.50,74,4,18,"… to let the machine learning algorithm figure this out … Guitar samples appears to provide a low degree of discriminability and is largely uncorrelated with the overall results of the evaluation…","https://academiccommons.columbia.edu/doi/10.7916/D8NC69RK/download","https://scholar.google.com/scholar?q=related:H_JJAZIlI64J:scholar.google.com/&scioq=guitar%7C%22electric+guitar%22+%22artificial+intelligence%22%7C%22machine+learning%22%7C%22deep+learning%22%7C%22audio+analysis%22+feedback%7C%22performance+analysis%22%7Cevaluation%7Cexpressivity&hl=en&as_sdt=2007"
21,"S Kolahdouz-Rahimi, K Lano, C Lin","Requirement formalisation using natural language processing and machine learning: A systematic review",2023,"arXiv preprint arXiv:2303.13365","arxiv.org","https://arxiv.org/abs/2303.13365","https://scholar.google.com/scholar?cites=623528632299132241&as_sdt=2005&sciodt=2007&hl=en",543,"2025-12-14 08:01:17","","","","",,,,,21,10.50,7,3,2,"… • To evaluate the results of applying RF approaches to the evaluation cases, we provide tools to (i) compare the formalized models produced by an approach to manually constructed …","https://arxiv.org/pdf/2303.13365","https://scholar.google.com/scholar?q=related:UZV5y_w3pwgJ:scholar.google.com/&scioq=guitar%7C%22electric+guitar%22+%22artificial+intelligence%22%7C%22machine+learning%22%7C%22deep+learning%22%7C%22audio+analysis%22+feedback%7C%22performance+analysis%22%7Cevaluation%7Cexpressivity&hl=en&as_sdt=2007"
1011,"JK Eshraghian, M Ward, EO Neftci, ...","Training spiking neural networks using lessons from deep learning",2023,"Proceedings of the …","ieeexplore.ieee.org","https://ieeexplore.ieee.org/abstract/document/10242251/","https://scholar.google.com/scholar?cites=11400624748008174299&as_sdt=2005&sciodt=2007&hl=en",544,"2025-12-14 08:01:17","","","","",,,,,1011,505.50,253,4,2,"… machine learning. To be fair, none of the authors can emulate the style of Shakespeare or write up musical guitar tabs … For example, feedback connections are observed in most places …","https://ieeexplore.ieee.org/iel7/5/10251702/10242251.pdf","https://scholar.google.com/scholar?q=related:2_KNIs4nN54J:scholar.google.com/&scioq=guitar%7C%22electric+guitar%22+%22artificial+intelligence%22%7C%22machine+learning%22%7C%22deep+learning%22%7C%22audio+analysis%22+feedback%7C%22performance+analysis%22%7Cevaluation%7Cexpressivity&hl=en&as_sdt=2007"
83,"M Poesio, MA Kabadjov","A general-purpose, off-the-shelf anaphora resolution module: Implementation and preliminary evaluation.",2004,"LREC","lrec.elra.info","http://lrec.elra.info/proceedings/lrec2004/pdf/559.pdf","https://scholar.google.com/scholar?cites=10423262621499689779&as_sdt=2005&sciodt=2007&hl=en",545,"2025-12-14 08:01:17","PDF","","","",,,,,83,3.95,42,2,21,"… For the development and evaluation of GuiTAR we have been using the GNOME corpus (Poesio, 2004), a corpus featuring texts from three different domains annotated with anaphoric …","http://lrec.elra.info/proceedings/lrec2004/pdf/559.pdf","https://scholar.google.com/scholar?q=related:M4sYIyHeppAJ:scholar.google.com/&scioq=guitar%7C%22electric+guitar%22+%22artificial+intelligence%22%7C%22machine+learning%22%7C%22deep+learning%22%7C%22audio+analysis%22+feedback%7C%22performance+analysis%22%7Cevaluation%7Cexpressivity&hl=en&as_sdt=2007"
4,"O Mikkonen, A Wright, V Välimäki","Sampling the user controls in neural modeling of audio devices",2024,"… Journal on Audio, Speech, and Music …","Springer","https://link.springer.com/article/10.1186/s13636-024-00347-5","https://scholar.google.com/scholar?cites=12617777989358994117&as_sdt=2005&sciodt=2007&hl=en",546,"2025-12-14 08:01:17","HTML","10.1186/s13636-024-00347-5","","",,,,,4,4.00,1,3,1,"… Based on objective and subjective evaluation of the trained … in related subjects, suggested using machine learning. … The audio was divided into 1 min of guitar and 1 min of bass …","https://link.springer.com/article/10.1186/s13636-024-00347-5","https://scholar.google.com/scholar?q=related:xUJ8vjpaG68J:scholar.google.com/&scioq=guitar%7C%22electric+guitar%22+%22artificial+intelligence%22%7C%22machine+learning%22%7C%22deep+learning%22%7C%22audio+analysis%22+feedback%7C%22performance+analysis%22%7Cevaluation%7Cexpressivity&hl=en&as_sdt=2007"
1,"M Eichhoff, C Weihs","Recognition of musical instruments in intervals and chords",2013,"… , Machine Learning and Knowledge Discovery","Springer","https://link.springer.com/chapter/10.1007/978-3-319-01595-8_36","https://scholar.google.com/scholar?cites=10761165327461575334&as_sdt=2005&sciodt=2007&hl=en",547,"2025-12-14 08:01:17","","10.1007/978-3-319-01595-8_36","","",,,,,1,0.08,1,2,12,"… Guitar, P = Piano, S = Strings, W = Wind). From this table one can calculate the percentage of features for guitar… Table 5 shows the evaluation results for intervals with reduced blocks for …","https://www.academia.edu/download/62604649/_Springer__Data_Analysis__Machine_Learning_and_knowledge_Discovery20200331-65180-q77io2.pdf#page=333","https://scholar.google.com/scholar?q=related:puqYqNlWV5UJ:scholar.google.com/&scioq=guitar%7C%22electric+guitar%22+%22artificial+intelligence%22%7C%22machine+learning%22%7C%22deep+learning%22%7C%22audio+analysis%22+feedback%7C%22performance+analysis%22%7Cevaluation%7Cexpressivity&hl=en&as_sdt=2007"
14,"J Li, Y Huang, Y Lu, L Wang, Y Ren, ...","Sentiment Analysis Using E-Commerce Review Keyword-Generated Image with a Hybrid Machine Learning-Based Model.",2024,"… , Materials &Continua","search.ebscohost.com","https://search.ebscohost.com/login.aspx?direct=true&profile=ehost&scope=site&authtype=crawler&jrnl=15462218&AN=178740951&h=PjUnLVmdO%2FizGy%2B0jM2XgW3jFGOkNWcOQDLoBqeA29GP0WvrCqPgd1MAauplZMQ79q2C%2FBm3rd%2BYc1z3tXA2Gw%3D%3D&crl=c","https://scholar.google.com/scholar?cites=11612633961441887849&as_sdt=2005&sciodt=2007&hl=en",548,"2025-12-14 08:01:17","","","","",,,,,14,14.00,2,6,1,"… The performance evaluation is presented by the confusion … We can also employ them to calculate the typical evaluation … an optimal scenario across various evaluation metrics. That is …","","https://scholar.google.com/scholar?q=related:aYZhwg9dKKEJ:scholar.google.com/&scioq=guitar%7C%22electric+guitar%22+%22artificial+intelligence%22%7C%22machine+learning%22%7C%22deep+learning%22%7C%22audio+analysis%22+feedback%7C%22performance+analysis%22%7Cevaluation%7Cexpressivity&hl=en&as_sdt=2007"
8,"CJ Steinmetz, T Walther, JD Reiss","High-fidelity noise reduction with differentiable signal processing",2023,"arXiv preprint arXiv:2310.11364","arxiv.org","https://arxiv.org/abs/2310.11364","https://scholar.google.com/scholar?cites=8233012182920154682&as_sdt=2005&sciodt=2007&hl=en",549,"2025-12-14 08:01:17","","","","",,,,,8,4.00,3,3,2,"… signal processing and deep learning approach that is … evaluation along with a subjective listening test and found that our proposed approach performed on par with strong deep learning …","https://arxiv.org/pdf/2310.11364","https://scholar.google.com/scholar?q=related:Ok5rwvWIQXIJ:scholar.google.com/&scioq=guitar%7C%22electric+guitar%22+%22artificial+intelligence%22%7C%22machine+learning%22%7C%22deep+learning%22%7C%22audio+analysis%22+feedback%7C%22performance+analysis%22%7Cevaluation%7Cexpressivity&hl=en&as_sdt=2007"
30,"A Senapati, U Garain","Guitar-based pronominal anaphora resolution in bengali",2013,"Proceedings of the 51st Annual Meeting of …","aclanthology.org","https://aclanthology.org/P13-2023.pdf","https://scholar.google.com/scholar?cites=16669871928645189418&as_sdt=2005&sciodt=2007&hl=en",550,"2025-12-14 08:01:17","PDF","","","",,,,,30,2.50,15,2,12,"… Training and test datasets were provided, both the machine learning (WEKA and … in GuiTAR resolves only personal pronouns, we have used only these personal pronouns for evaluation…","https://aclanthology.org/P13-2023.pdf","https://scholar.google.com/scholar?q=related:Kv8mxjJIV-cJ:scholar.google.com/&scioq=guitar%7C%22electric+guitar%22+%22artificial+intelligence%22%7C%22machine+learning%22%7C%22deep+learning%22%7C%22audio+analysis%22+feedback%7C%22performance+analysis%22%7Cevaluation%7Cexpressivity&hl=en&as_sdt=2007"
13,"A Wędołowska, D Weber, B Kostek","Predicting emotion from color present in images and video excerpts by machine learning",2023,"IEEE Access","ieeexplore.ieee.org","https://ieeexplore.ieee.org/abstract/document/10163789/","https://scholar.google.com/scholar?cites=10265699568650300260&as_sdt=2005&sciodt=2007&hl=en",551,"2025-12-14 08:01:17","","","","",,,,,13,6.50,4,3,2,"… in the feedback loop regarding the activity performed [4… it to the current emotional state in an affective feedback loop [5… The subject of the engineering thesis concerned the guitar sound …","https://ieeexplore.ieee.org/iel7/6287639/10005208/10163789.pdf","https://scholar.google.com/scholar?q=related:ZCtIIF4Xd44J:scholar.google.com/&scioq=guitar%7C%22electric+guitar%22+%22artificial+intelligence%22%7C%22machine+learning%22%7C%22deep+learning%22%7C%22audio+analysis%22+feedback%7C%22performance+analysis%22%7Cevaluation%7Cexpressivity&hl=en&as_sdt=2007"
1467,"E Agirre, C Banea, D Cer, M Diab, ...","Semeval-2016 task 1: Semantic textual similarity, monolingual and cross-lingual evaluation",2016,"… semantic evaluation …","aclanthology.org","https://aclanthology.org/S16-1081.pdf","https://scholar.google.com/scholar?cites=947794178468914539&as_sdt=2005&sciodt=2007&hl=en",552,"2025-12-14 08:01:17","PDF","","","",,,,,1467,163.00,293,5,9,"… The young lady enjoys listening to the guitar. La mujer está tocando el violın. The … evaluation strategy is motivated by a desire to maximize the flexibility in the design of machine learning …","https://aclanthology.org/S16-1081.pdf","https://scholar.google.com/scholar?q=related:a6XSn8g9Jw0J:scholar.google.com/&scioq=guitar%7C%22electric+guitar%22+%22artificial+intelligence%22%7C%22machine+learning%22%7C%22deep+learning%22%7C%22audio+analysis%22+feedback%7C%22performance+analysis%22%7Cevaluation%7Cexpressivity&hl=en&as_sdt=2007"
23,"C Dewi, APS Chen, HJ Christanto","Recognizing similar musical instruments with YOLO models",2023,"Big Data and Cognitive Computing","mdpi.com","https://www.mdpi.com/2504-2289/7/2/94","https://scholar.google.com/scholar?cites=1804044910158310085&as_sdt=2005&sciodt=2007&hl=en",553,"2025-12-14 08:01:17","HTML","","","",,,,,23,11.50,8,3,2,"… the fields of machine learning and artificial intelligence have … However, as can be seen in Figure 1, the designs of the guitar… a performance and provide feedback for improvement. Lastly, …","https://www.mdpi.com/2504-2289/7/2/94","https://scholar.google.com/scholar?q=related:xWrWnElBCRkJ:scholar.google.com/&scioq=guitar%7C%22electric+guitar%22+%22artificial+intelligence%22%7C%22machine+learning%22%7C%22deep+learning%22%7C%22audio+analysis%22+feedback%7C%22performance+analysis%22%7Cevaluation%7Cexpressivity&hl=en&as_sdt=2007"
1,"M Ahmed, S Fadel, ME Helal, ...","Arabic music genre identification",2024,"Journal of Advanced …","uhra.herts.ac.uk","https://uhra.herts.ac.uk/id/eprint/11148/","https://scholar.google.com/scholar?cites=2562746148353093831&as_sdt=2005&sciodt=2007&hl=en",554,"2025-12-14 08:01:17","","","","",,,,,1,1.00,0,4,1,"… Different Machine Learning techniques are utilised to … This research presents an evaluation of machine learning … well as string instruments like the guitar and the charango. Going more …","https://uhra.herts.ac.uk/id/eprint/11148/2/ARASETV46_N1_PP187_200A.pdf","https://scholar.google.com/scholar?q=related:xzAWPgu0kCMJ:scholar.google.com/&scioq=guitar%7C%22electric+guitar%22+%22artificial+intelligence%22%7C%22machine+learning%22%7C%22deep+learning%22%7C%22audio+analysis%22+feedback%7C%22performance+analysis%22%7Cevaluation%7Cexpressivity&hl=en&as_sdt=2007"
3,"T Rönnberg","Classification of heavy metal subgenres with machine learning",2020,"","doria.fi","https://www.doria.fi/handle/10024/176237","https://scholar.google.com/scholar?cites=14867555920522109495&as_sdt=2005&sciodt=2007&hl=en",555,"2025-12-14 08:01:17","","","","",,,,,3,0.60,3,1,5,"… -evaluation concerning the application of machine learning for … Guitar solos are essential, while a wide range of electronic … enhanced by the electronic bass guitar, which performs a …","https://www.doria.fi/bitstream/handle/10024/176237/ronnberg_thomas.pdf?sequence=2","https://scholar.google.com/scholar?q=related:N-L5iFYrVM4J:scholar.google.com/&scioq=guitar%7C%22electric+guitar%22+%22artificial+intelligence%22%7C%22machine+learning%22%7C%22deep+learning%22%7C%22audio+analysis%22+feedback%7C%22performance+analysis%22%7Cevaluation%7Cexpressivity&hl=en&as_sdt=2007"
25,"M Buffa, E Cabrio, M Fell, F Gandon, A Giboin, ...","The WASABI dataset: Cultural, lyrics and audio analysis metadata about 2 million popular commercially released songs",2021,"European Semantic …","Springer","https://link.springer.com/chapter/10.1007/978-3-030-77385-4_31","https://scholar.google.com/scholar?cites=9627902113089743465&as_sdt=2005&sciodt=2007&hl=en",556,"2025-12-14 08:01:17","","10.1007/978-3-030-77385-4_31","","",,,,,25,6.25,4,6,4,"… Some MIDI content was used in WASABI during the evaluation of the chord extraction. … distinct values among which 16 different types of guitar) and equipment types (eg microphone, …","https://hal.science/hal-03282619v1/file/camera_ready.pdf","https://scholar.google.com/scholar?q=related:aWryBvYtnYUJ:scholar.google.com/&scioq=guitar%7C%22electric+guitar%22+%22artificial+intelligence%22%7C%22machine+learning%22%7C%22deep+learning%22%7C%22audio+analysis%22+feedback%7C%22performance+analysis%22%7Cevaluation%7Cexpressivity&hl=en&as_sdt=2007"
2,"FN Persaud","In Search of Computer Music Analysis: Music Information Retrieval, Optimization, and Machine Learning from 2000-2016",2018,"","ruor.uottawa.ca","https://ruor.uottawa.ca/items/9dc3ae2f-822a-408b-b087-85cc1b1bdbb4","https://scholar.google.com/scholar?cites=5965833982005770282&as_sdt=2005&sciodt=2007&hl=en",557,"2025-12-14 08:01:17","","","","",,,,,2,0.29,2,1,7,"My thesis aims to critically examine three methods in the current state of Computer Music Analysis. I will concentrate on Music Information Retrieval, Optimization, and Machine Learning…","https://ruor.uottawa.ca/bitstreams/4a4f509e-d08c-4f66-b426-44ea012a6b0a/download","https://scholar.google.com/scholar?q=related:Knho9mXmylIJ:scholar.google.com/&scioq=guitar%7C%22electric+guitar%22+%22artificial+intelligence%22%7C%22machine+learning%22%7C%22deep+learning%22%7C%22audio+analysis%22+feedback%7C%22performance+analysis%22%7Cevaluation%7Cexpressivity&hl=en&as_sdt=2007"
11,"A Nogales, S Donaher, A Garcia-Tejedor","A deep learning framework for audio restoration using Convolutional/Deconvolutional Deep Autoencoders",2023,"Expert Systems with Applications","Elsevier","https://www.sciencedirect.com/science/article/pii/S0957417423010886","https://scholar.google.com/scholar?cites=17711268475637623847&as_sdt=2005&sciodt=2007&hl=en",558,"2025-12-14 08:01:17","","","","",,,,,11,5.50,4,3,2,"… This paper shows how deep learning techniques are used to restore audio files that simulate situations of background noise and loss of signal. Its main distinguishing feature is the …","","https://scholar.google.com/scholar?q=related:J2z0G9cQy_UJ:scholar.google.com/&scioq=guitar%7C%22electric+guitar%22+%22artificial+intelligence%22%7C%22machine+learning%22%7C%22deep+learning%22%7C%22audio+analysis%22+feedback%7C%22performance+analysis%22%7Cevaluation%7Cexpressivity&hl=en&as_sdt=2007"
58,"WT Nash, CJ Powell, T Drummond, N Birbilis","Automated corrosion detection using crowdsourced training for deep learning",2020,"Corrosion","content.ampp.org","https://content.ampp.org/corrosion/article/76/2/135/2036","https://scholar.google.com/scholar?cites=5737157531662390859&as_sdt=2005&sciodt=2007&hl=en",559,"2025-12-14 08:01:17","","","","",,,,,58,11.60,15,4,5,"… set was used for all classification accuracy evaluation. The AI model accuracy was reported as … Man marching with guitar in front of weathering steel; this image was voted to contain any …","https://arxiv.org/pdf/1908.02548","https://scholar.google.com/scholar?q=related:S5Yx12B6nk8J:scholar.google.com/&scioq=guitar%7C%22electric+guitar%22+%22artificial+intelligence%22%7C%22machine+learning%22%7C%22deep+learning%22%7C%22audio+analysis%22+feedback%7C%22performance+analysis%22%7Cevaluation%7Cexpressivity&hl=en&as_sdt=2007"
9,"O Take, K Watanabe, T Nakatsuka, T Cheng, ...","Audio effect chain estimation and dry signal recovery from multi-effect-processed musical signals",2024,"Proc. Int. Conf. Digital …","staff.aist.go.jp","https://staff.aist.go.jp/m.goto/PAPER/DAFX2024take.pdf","https://scholar.google.com/scholar?cites=1430291914032142322&as_sdt=2005&sciodt=2007&hl=en",560,"2025-12-14 08:01:17","PDF","","","",,,,,9,9.00,2,5,1,"… Our experiments on guitar phrase recordings with various AFX chains demonstrate the validity of … For this evaluation, we need to determine the stop criteria (the threshold for M(s, u)). We …","https://staff.aist.go.jp/m.goto/PAPER/DAFX2024take.pdf","https://scholar.google.com/scholar?q=related:8tf_9Opq2RMJ:scholar.google.com/&scioq=guitar%7C%22electric+guitar%22+%22artificial+intelligence%22%7C%22machine+learning%22%7C%22deep+learning%22%7C%22audio+analysis%22+feedback%7C%22performance+analysis%22%7Cevaluation%7Cexpressivity&hl=en&as_sdt=2007"
43,"D Eck, T Bertin-Mahieux, P Lamere","Autotagging Music Using Supervised Machine Learning.",2007,"ISMIR","researchgate.net","https://www.researchgate.net/profile/Paul-Lamere/publication/220723249_Autotagging_Music_Using_Supervised_Machine_Learning/links/0c96053bffb4e1be45000000/Autotagging-Music-Using-Supervised-Machine-Learning.pdf","https://scholar.google.com/scholar?cites=14878801627789459397&as_sdt=2005&sciodt=2007&hl=en",561,"2025-12-14 08:01:17","PDF","","","",,,,,43,2.39,14,3,18,"… Specifically we introduce a machine learning algorithm that … might also serve to dampen feedback loops which occur when … “energetic” some songs as “guitar” and some songs as “punk…","https://www.researchgate.net/profile/Paul-Lamere/publication/220723249_Autotagging_Music_Using_Supervised_Machine_Learning/links/0c96053bffb4e1be45000000/Autotagging-Music-Using-Supervised-Machine-Learning.pdf","https://scholar.google.com/scholar?q=related:xf_kyz8ffM4J:scholar.google.com/&scioq=guitar%7C%22electric+guitar%22+%22artificial+intelligence%22%7C%22machine+learning%22%7C%22deep+learning%22%7C%22audio+analysis%22+feedback%7C%22performance+analysis%22%7Cevaluation%7Cexpressivity&hl=en&as_sdt=2007"
5,"JP Lalor","Learning latent characteristics of data and models using item response theory",2024,"","scholarworks.umass.edu","https://scholarworks.umass.edu/items/2829bb9a-75ad-4f87-9d58-22b1b492036a","https://scholar.google.com/scholar?cites=8598394906375617287&as_sdt=2005&sciodt=2007&hl=en",562,"2025-12-14 08:01:17","","","","",,,,,5,5.00,5,1,1,"… In this dissertation we introduce new methods for test set construction and model evaluation for the machine learning and natural language processing community. In addition, we …","https://scholarworks.umass.edu/bitstreams/4df6e9a0-3c18-4a0c-abf5-233f901af286/download","https://scholar.google.com/scholar?q=related:B_sLcZyiU3cJ:scholar.google.com/&scioq=guitar%7C%22electric+guitar%22+%22artificial+intelligence%22%7C%22machine+learning%22%7C%22deep+learning%22%7C%22audio+analysis%22+feedback%7C%22performance+analysis%22%7Cevaluation%7Cexpressivity&hl=en&as_sdt=2007"
1371,"J Mueller, A Thyagarajan","Siamese recurrent architectures for learning sentence similarity",2016,"… the AAAI conference on artificial intelligence","ojs.aaai.org","https://ojs.aaai.org/index.php/AAAI/article/view/10350","https://scholar.google.com/scholar?cites=7393466935379636447&as_sdt=2005&sciodt=2007&hl=en",563,"2025-12-14 08:01:17","","","","",,,,,1371,152.33,686,2,9,"We present a siamese adaptation of the Long Short-Term Memory (LSTM) network for labeled data comprised of pairs of variable-length sequences. Our model is applied to assess …","https://ojs.aaai.org/index.php/AAAI/article/view/10350/10209","https://scholar.google.com/scholar?q=related:3zDmZQHfmmYJ:scholar.google.com/&scioq=guitar%7C%22electric+guitar%22+%22artificial+intelligence%22%7C%22machine+learning%22%7C%22deep+learning%22%7C%22audio+analysis%22+feedback%7C%22performance+analysis%22%7Cevaluation%7Cexpressivity&hl=en&as_sdt=2007"
30,"SO Folorunso, SA Afolabi, AB Owodeyi","Dissecting the genre of Nigerian music with machine learning models",2022,"Journal of King Saud University …","Elsevier","https://www.sciencedirect.com/science/article/pii/S1319157821001762","https://scholar.google.com/scholar?cites=18227728300968680784&as_sdt=2005&sciodt=2007&hl=en",564,"2025-12-14 08:01:17","HTML","","","",,,,,30,10.00,10,3,3,"… Highlife is played with guitar, horns, saxophone and trumpets. Apala is another music genre that originated in the 1930s among the Yorubas during the colonial era. It is played with …","https://www.sciencedirect.com/science/article/pii/S1319157821001762","https://scholar.google.com/scholar?q=related:UJ2SqVDm9fwJ:scholar.google.com/&scioq=guitar%7C%22electric+guitar%22+%22artificial+intelligence%22%7C%22machine+learning%22%7C%22deep+learning%22%7C%22audio+analysis%22+feedback%7C%22performance+analysis%22%7Cevaluation%7Cexpressivity&hl=en&as_sdt=2007"
21,"J Imort, G Fabbro, MAM Ramírez, S Uhlich, ...","Distortion audio effects: Learning how to recover the clean signal",2022,"arXiv preprint arXiv …","arxiv.org","https://arxiv.org/abs/2202.01664","https://scholar.google.com/scholar?cites=15410585187327175702&as_sdt=2005&sciodt=2007&hl=en",565,"2025-12-14 08:01:17","","","","",,,,,21,7.00,4,5,3,"… distortion audio effects applied to guitar tracks in music production… stress the usefulness of multiple evaluation metrics to assess … We include this model in our evaluation as a standard fre…","https://arxiv.org/pdf/2202.01664","https://scholar.google.com/scholar?q=related:FmyIP5Rl3dUJ:scholar.google.com/&scioq=guitar%7C%22electric+guitar%22+%22artificial+intelligence%22%7C%22machine+learning%22%7C%22deep+learning%22%7C%22audio+analysis%22+feedback%7C%22performance+analysis%22%7Cevaluation%7Cexpressivity&hl=en&as_sdt=2007"
15,"G Nodalo, JM Santiago III, J Valenzuela, ...","On building design guidelines for an interactive machine learning sandbox application",2019,"Proceedings of the 5th …","dl.acm.org","https://dl.acm.org/doi/abs/10.1145/3328243.3328253","https://scholar.google.com/scholar?cites=3351800865846688763&as_sdt=2005&sciodt=2007&hl=en",566,"2025-12-14 08:01:17","","10.1145/3328243.3328253","","",,,,,15,2.50,4,4,6,"… we can improve the efficiency and speed of the current machine learning systems being used today. … which limits user feedback for users that are not well-versed in machine learning. …","https://www.researchgate.net/profile/Jordan-Aiko-Deja/publication/331500941_On_Building_Design_Guidelines_For_An_Interactive_Machine_Learning_Sandbox_Application/links/5c7d5ed692851c695054b6fd/On-Building-Design-Guidelines-For-An-Interactive-Machine-Learning-Sandbox-Application.pdf","https://scholar.google.com/scholar?q=related:-3uj_iD9gy4J:scholar.google.com/&scioq=guitar%7C%22electric+guitar%22+%22artificial+intelligence%22%7C%22machine+learning%22%7C%22deep+learning%22%7C%22audio+analysis%22+feedback%7C%22performance+analysis%22%7Cevaluation%7Cexpressivity&hl=en&as_sdt=2007"
17,"J Abeßer, S Balke, K Frieler, M Pfleiderer, ...","Deep learning for jazz walking bass transcription",2017,"Audio Engineering Society …","aes.org","https://www.aes.org/e-lib/download.cfm?ID=18762","https://scholar.google.com/scholar?cites=13719690775342950394&as_sdt=2005&sciodt=2007&hl=en",567,"2025-12-14 08:01:17","","","","",,,,,17,2.13,3,5,8,"… But a reliable polyphonic transcription of the piano or guitar from ensemble recordings can still be considered an unsolved problem [1]. To mitigate this problem, walking bass lines …","https://www.audiolabs-erlangen.de/content/05_fau/assistant/00_balke/01_publications/2017_AbesserBFPM_JazzWalkingBass_AES.pdf","https://scholar.google.com/scholar?q=related:-ieF9BEiZr4J:scholar.google.com/&scioq=guitar%7C%22electric+guitar%22+%22artificial+intelligence%22%7C%22machine+learning%22%7C%22deep+learning%22%7C%22audio+analysis%22+feedback%7C%22performance+analysis%22%7Cevaluation%7Cexpressivity&hl=en&as_sdt=2007"
15983,"C Shorten, TM Khoshgoftaar","A survey on image data augmentation for deep learning",2019,"Journal of big data","Springer","https://link.springer.com/article/10.1186/s40537-019-0197-0?code=b33ae7db-07a1-485c-ac3b-4f409f373507","https://scholar.google.com/scholar?cites=4041041901496425203&as_sdt=2005&sciodt=2007&hl=en",568,"2025-12-14 08:01:17","HTML","10.1186/s40537-019-0197-0","","",,,,,15983,2663.83,7992,2,6,"… Many aspects of Deep Learning and neural network models draw … guitar, and one already knows how to play the piano, it seems likely that the piano-player will learn to play the guitar …","https://link.springer.com/article/10.1186/s40537-019-0197-0?code=b33ae7db-07a1-485c-ac3b-4f409f373507","https://scholar.google.com/scholar?q=related:89op9TKqFDgJ:scholar.google.com/&scioq=guitar%7C%22electric+guitar%22+%22artificial+intelligence%22%7C%22machine+learning%22%7C%22deep+learning%22%7C%22audio+analysis%22+feedback%7C%22performance+analysis%22%7Cevaluation%7Cexpressivity&hl=en&as_sdt=2007"
15,"KR Venugopal, KG Srinivasa, LM Patnaik","Algorithms for web personalization",2009,"Soft Computing for Data Mining …","Springer","https://link.springer.com/chapter/10.1007/978-3-642-00193-2_10","https://scholar.google.com/scholar?cites=8309469882978870142&as_sdt=2005&sciodt=2007&hl=en",569,"2025-12-14 08:01:17","","10.1007/978-3-642-00193-2_10","","",,,,,15,0.94,5,3,16,"… queries and provide feedback on the search results. The … it belongs to the Artificial Intelligence domain the top ranked … on original queries Pattern Recognition, Guitar and Piano in Figure …","","https://scholar.google.com/scholar?q=related:fiPDRtUqUXMJ:scholar.google.com/&scioq=guitar%7C%22electric+guitar%22+%22artificial+intelligence%22%7C%22machine+learning%22%7C%22deep+learning%22%7C%22audio+analysis%22+feedback%7C%22performance+analysis%22%7Cevaluation%7Cexpressivity&hl=en&as_sdt=2007"
77,"R Gove, J Faytong","Machine learning and event-based software testing: classifiers for identifying infeasible GUI event sequences",2012,"Advances in computers","Elsevier","https://www.sciencedirect.com/science/article/pii/B9780123965356000041","https://scholar.google.com/scholar?cites=14370576371074581369&as_sdt=2005&sciodt=2007&hl=en",570,"2025-12-14 08:01:17","","","","",,,,,77,5.92,39,2,13,"… machine learning to solve many problems. In this chapter we present an overview of machine learning … We also present our work using machine learning to augment automatic model-…","","https://scholar.google.com/scholar?q=related:ecOFJxKLbscJ:scholar.google.com/&scioq=guitar%7C%22electric+guitar%22+%22artificial+intelligence%22%7C%22machine+learning%22%7C%22deep+learning%22%7C%22audio+analysis%22+feedback%7C%22performance+analysis%22%7Cevaluation%7Cexpressivity&hl=en&as_sdt=2007"
34,"MQ Alnabhan, P Branco","Fake news detection using deep learning: A systematic literature review",2024,"IEEe Access","ieeexplore.ieee.org","https://ieeexplore.ieee.org/abstract/document/10614154/","https://scholar.google.com/scholar?cites=4486760670836776967&as_sdt=2005&sciodt=2007&hl=en",571,"2025-12-14 08:01:17","","","","",,,,,34,34.00,17,2,1,"… One person has no prior musical training, whereas the other plays the guitar and has a … The absence of benchmark datasets, evaluation metrics, and protocols makes it challenging …","https://ieeexplore.ieee.org/iel8/6287639/6514899/10614154.pdf","https://scholar.google.com/scholar?q=related:B2Br6Q4tRD4J:scholar.google.com/&scioq=guitar%7C%22electric+guitar%22+%22artificial+intelligence%22%7C%22machine+learning%22%7C%22deep+learning%22%7C%22audio+analysis%22+feedback%7C%22performance+analysis%22%7Cevaluation%7Cexpressivity&hl=en&as_sdt=2007"
36,"CJ Steinmetz, JD Reiss","Efficient neural networks for real-time analog audio effect modeling",2021,"arXiv preprint arXiv:2102.06200","researchgate.net","https://www.researchgate.net/profile/Christian-Steinmetz-5/publication/349234676_Efficient_Neural_Networks_for_Real-time_Analog_Audio_Effect_Modeling/links/602ac38ca6fdcc37a82bffa0/Efficient-Neural-Networks-for-Real-time-Analog-Audio-Effect-Modeling.pdf","https://scholar.google.com/scholar?cites=14915432805858534558&as_sdt=2005&sciodt=2007&hl=en",572,"2025-12-14 08:01:17","PDF","","","",,,,,36,9.00,18,2,4,"… network and employ modern deep learning methods to learn … in the case of modeling guitar amplifiers and distortion effects… , build larger models with greater expressivity, and train for a …","https://www.researchgate.net/profile/Christian-Steinmetz-5/publication/349234676_Efficient_Neural_Networks_for_Real-time_Analog_Audio_Effect_Modeling/links/602ac38ca6fdcc37a82bffa0/Efficient-Neural-Networks-for-Real-time-Analog-Audio-Effect-Modeling.pdf","https://scholar.google.com/scholar?q=related:nuRnkBxD_s4J:scholar.google.com/&scioq=guitar%7C%22electric+guitar%22+%22artificial+intelligence%22%7C%22machine+learning%22%7C%22deep+learning%22%7C%22audio+analysis%22+feedback%7C%22performance+analysis%22%7Cevaluation%7Cexpressivity&hl=en&as_sdt=2007"
15,"MAM Ramírez, E Benetos, ...","Modeling plate and spring reverberation using a dsp-informed deep neural network",2020,"ICASSP 2020-2020 IEEE …","ieeexplore.ieee.org","https://ieeexplore.ieee.org/abstract/document/9053093/","https://scholar.google.com/scholar?cites=2611611756799833123&as_sdt=2005&sciodt=2007&hl=en",573,"2025-12-14 08:01:17","","","","",,,,,15,3.00,5,3,5,"… , we conduct a perceptual evaluation experiment and we also … We explore whether a deep learning architecture is able to … We use raw and plate reverb notes from the bass guitar …","https://arxiv.org/pdf/1910.10105","https://scholar.google.com/scholar?q=related:I7RJTw5PPiQJ:scholar.google.com/&scioq=guitar%7C%22electric+guitar%22+%22artificial+intelligence%22%7C%22machine+learning%22%7C%22deep+learning%22%7C%22audio+analysis%22+feedback%7C%22performance+analysis%22%7Cevaluation%7Cexpressivity&hl=en&as_sdt=2007"
5,"R Diaz, CDLV Martin, M Sandler","Towards efficient modelling of string dynamics: A comparison of state space and koopman based deep learning methods",2024,"arXiv preprint arXiv:2408.16650","arxiv.org","https://arxiv.org/abs/2408.16650","https://scholar.google.com/scholar?cites=11129639431195230532&as_sdt=2005&sciodt=2007&hl=en",574,"2025-12-14 08:01:17","","","","",,,,,5,5.00,2,3,1,"This paper presents an examination of State Space Models (SSM) and Koopman-based deep learning methods for modelling the dynamics of both linear and non-linear stiff strings. …","https://arxiv.org/pdf/2408.16650","https://scholar.google.com/scholar?q=related:RIGSZhhsdJoJ:scholar.google.com/&scioq=guitar%7C%22electric+guitar%22+%22artificial+intelligence%22%7C%22machine+learning%22%7C%22deep+learning%22%7C%22audio+analysis%22+feedback%7C%22performance+analysis%22%7Cevaluation%7Cexpressivity&hl=en&as_sdt=2007"
14,"C Zhang, M Van Der Baan","Signal processing using dictionaries, atoms, and deep learning: A common analysis-synthesis framework",2022,"Proceedings of the IEEE","ieeexplore.ieee.org","https://ieeexplore.ieee.org/abstract/document/9737132/","https://scholar.google.com/scholar?cites=11214173043296956765&as_sdt=2005&sciodt=2007&hl=en",575,"2025-12-14 08:01:17","","","","",,,,,14,4.67,7,2,3,"… For instance, if a guitar performance is masked by white noise, then the algorithms will seek the sparsest representation in terms of guitar notes, ignoring the white noise that is …","","https://scholar.google.com/scholar?q=related:XfF5t_e-oJsJ:scholar.google.com/&scioq=guitar%7C%22electric+guitar%22+%22artificial+intelligence%22%7C%22machine+learning%22%7C%22deep+learning%22%7C%22audio+analysis%22+feedback%7C%22performance+analysis%22%7Cevaluation%7Cexpressivity&hl=en&as_sdt=2007"
27,"E Martínez, Ò Celma Herrada, M Sordo, B De Jong, ...","Extending the folksonomies of freesound. org using content-based audio analysis",2009,"","repositori.upf.edu","https://repositori.upf.edu/items/a0785fff-c40c-4a3d-865b-8ff80b956123","https://scholar.google.com/scholar?cites=11453805023977157746&as_sdt=2005&sciodt=2007&hl=en",576,"2025-12-14 08:01:17","","","","",,,,,27,1.69,5,5,16,"… degree, audio related tags such as: pop, acoustic guitar, or female voice. It is clear that both … Then, the evaluation process is based on human assessment. Three subjects validated …","https://repositori.upf.edu/bitstreams/caabe922-3afc-4f54-abcc-fc40c9c0f913/download","https://scholar.google.com/scholar?q=related:cjS-BPwW9J4J:scholar.google.com/&scioq=guitar%7C%22electric+guitar%22+%22artificial+intelligence%22%7C%22machine+learning%22%7C%22deep+learning%22%7C%22audio+analysis%22+feedback%7C%22performance+analysis%22%7Cevaluation%7Cexpressivity&hl=en&as_sdt=2007"
19,"M Alaeddine, A Tannoury","Artificial intelligence in music composition",2021,"… Conference on Artificial Intelligence …","Springer","https://link.springer.com/chapter/10.1007/978-3-030-79150-6_31","https://scholar.google.com/scholar?cites=17686550710547235035&as_sdt=2005&sciodt=2007&hl=en",577,"2025-12-14 08:01:17","","10.1007/978-3-030-79150-6_31","","",,,,,19,4.75,10,2,4,"… An example that illustrates the use of technology in music is the use of artificial intelligence (AI… Dealing with an acoustic Jazz Guitar, however, produces a much less accurate result. If we …","https://inria.hal.science/hal-03287663/document","https://scholar.google.com/scholar?q=related:28AZ9ClAc_UJ:scholar.google.com/&scioq=guitar%7C%22electric+guitar%22+%22artificial+intelligence%22%7C%22machine+learning%22%7C%22deep+learning%22%7C%22audio+analysis%22+feedback%7C%22performance+analysis%22%7Cevaluation%7Cexpressivity&hl=en&as_sdt=2007"
43,"B Lehner, J Schlüter, G Widmer","Online, loudness-invariant vocal detection in mixed music signals",2018,"IEEE/ACM Transactions on …","ieeexplore.ieee.org","https://ieeexplore.ieee.org/abstract/document/8334252/","https://scholar.google.com/scholar?cites=12714781168964337957&as_sdt=2005&sciodt=2007&hl=en",578,"2025-12-14 08:01:17","","","","",,,,,43,6.14,14,3,7,"… In this paper, we present a machine learning approach that … In order to allow for such a thorough evaluation, we make a … In Section V, we will expose that the previous evaluation …","https://www.ofai.at/~jan.schlueter/pubs/2018_tasl.pdf","https://scholar.google.com/scholar?q=related:JQHyfBv6c7AJ:scholar.google.com/&scioq=guitar%7C%22electric+guitar%22+%22artificial+intelligence%22%7C%22machine+learning%22%7C%22deep+learning%22%7C%22audio+analysis%22+feedback%7C%22performance+analysis%22%7Cevaluation%7Cexpressivity&hl=en&as_sdt=2007"
55,"Y Zheng, Q Song, J Liu, Q Song, Q Yue","Research on motion pattern recognition of exoskeleton robot based on multimodal machine learning model",2020,"Neural Computing and …","Springer","https://link.springer.com/article/10.1007/s00521-019-04567-1","https://scholar.google.com/scholar?cites=11288782576801578436&as_sdt=2005&sciodt=2007&hl=en",579,"2025-12-14 08:01:17","","10.1007/s00521-019-04567-1","","",,,,,55,11.00,11,5,5,"… supervised learning because it receives feedback, but feedback is not necessary for … deep learning, multimodal machine learning has become a research hotspot of artificial intelligence. …","","https://scholar.google.com/scholar?q=related:xH3gbPHPqZwJ:scholar.google.com/&scioq=guitar%7C%22electric+guitar%22+%22artificial+intelligence%22%7C%22machine+learning%22%7C%22deep+learning%22%7C%22audio+analysis%22+feedback%7C%22performance+analysis%22%7Cevaluation%7Cexpressivity&hl=en&as_sdt=2007"
17,"YH Chen, YT Yeh, YC Cheng, JT Wu, YH Ho, ...","Towards zero-shot amplifier modeling: One-to-many amplifier modeling via tone embedding control",2024,"arXiv preprint arXiv …","arxiv.org","https://arxiv.org/abs/2407.10646","https://scholar.google.com/scholar?cites=6451871482517396923&as_sdt=2005&sciodt=2007&hl=en",580,"2025-12-14 08:01:17","","","","",,,,,17,17.00,3,6,1,"… interest driven by advances in deep learning [1–9]. … our evaluation, we use not only two additional guitar amps not seen during training time, but also self-recorded audio signals of guitar …","https://arxiv.org/pdf/2407.10646","https://scholar.google.com/scholar?q=related:ux3sC-6miVkJ:scholar.google.com/&scioq=guitar%7C%22electric+guitar%22+%22artificial+intelligence%22%7C%22machine+learning%22%7C%22deep+learning%22%7C%22audio+analysis%22+feedback%7C%22performance+analysis%22%7Cevaluation%7Cexpressivity&hl=en&as_sdt=2007"
73,"I Pereira, F Araújo, F Korzeniowski, R Vogl","Moisesdb: A dataset for source separation beyond 4-stems",2023,"arXiv preprint arXiv …","arxiv.org","https://arxiv.org/abs/2307.15913","https://scholar.google.com/scholar?cites=14195594088356741516&as_sdt=2005&sciodt=2007&hl=en",581,"2025-12-14 08:01:17","","","","",,,,,73,36.50,18,4,2,"… Section 4 introduces baseline performance evaluation … still be difficult to distinguish from “guitar” tracks if trained solely on … allows fast integration with machine learning libraries. Overall, …","https://arxiv.org/pdf/2307.15913","https://scholar.google.com/scholar?q=related:jIEjpJzhAMUJ:scholar.google.com/&scioq=guitar%7C%22electric+guitar%22+%22artificial+intelligence%22%7C%22machine+learning%22%7C%22deep+learning%22%7C%22audio+analysis%22+feedback%7C%22performance+analysis%22%7Cevaluation%7Cexpressivity&hl=en&as_sdt=2007"
129,"T Mäki-Patola, J Laitinen, A Kanerva, ...","Experiments with virtual reality instruments",2005,"Proceedings of the 2005 …","nime.org","https://www.nime.org/proceedings/2005/nime2005_011.pdf","https://scholar.google.com/scholar?cites=2321885832364865365&as_sdt=2005&sciodt=2007&hl=en",582,"2025-12-14 08:01:17","PDF","","","",,,,,129,6.45,32,4,20,"… We suspect that the visual feedback is of considerable help … like real guitar playing, we implemented a guitar control language… visualization based on audio analysis is gaining increased …","https://www.nime.org/proceedings/2005/nime2005_011.pdf","https://scholar.google.com/scholar?q=related:Vbce19z-OCAJ:scholar.google.com/&scioq=guitar%7C%22electric+guitar%22+%22artificial+intelligence%22%7C%22machine+learning%22%7C%22deep+learning%22%7C%22audio+analysis%22+feedback%7C%22performance+analysis%22%7Cevaluation%7Cexpressivity&hl=en&as_sdt=2007"
56,"YN Hung, I Chiang, YA Chen, YH Yang","Musical composition style transfer via disentangled timbre representations",2019,"arXiv preprint arXiv …","arxiv.org","https://arxiv.org/abs/1905.13567","https://scholar.google.com/scholar?cites=5503828572208566806&as_sdt=2005&sciodt=2007&hl=en",583,"2025-12-14 08:01:17","","","","",,,,,56,9.33,14,4,6,"… our knowledge, the first deep learning models for rearranging … , this work presents the first deep learning models that realize … work, we report comprehensive evaluation of the models, em…","https://arxiv.org/pdf/1905.13567","https://scholar.google.com/scholar?q=related:FhIjB-2GYUwJ:scholar.google.com/&scioq=guitar%7C%22electric+guitar%22+%22artificial+intelligence%22%7C%22machine+learning%22%7C%22deep+learning%22%7C%22audio+analysis%22+feedback%7C%22performance+analysis%22%7Cevaluation%7Cexpressivity&hl=en&as_sdt=2007"
124,"H Dang, J Weisz, PK Allen","Blind grasping: Stable robotic grasping using tactile feedback and hand kinematics",2011,"2011 ieee international conference …","ieeexplore.ieee.org","https://ieeexplore.ieee.org/abstract/document/5979679/","https://scholar.google.com/scholar?cites=4835517046970938634&as_sdt=2005&sciodt=2007&hl=en",584,"2025-12-14 08:01:17","","","","",,,,,124,8.86,41,3,14,"… machine learning approach to the perception of a stable robotic grasp based on tactile feedback … We first discuss a method for simulating tactile feedback using a soft finger contact …","http://webcluster.cs.columbia.edu/~allen/PAPERS/hao_icra_2011.pdf","https://scholar.google.com/scholar?q=related:CnUMciI1G0MJ:scholar.google.com/&scioq=guitar%7C%22electric+guitar%22+%22artificial+intelligence%22%7C%22machine+learning%22%7C%22deep+learning%22%7C%22audio+analysis%22+feedback%7C%22performance+analysis%22%7Cevaluation%7Cexpressivity&hl=en&as_sdt=2007"
30,"F Moradi, H Mohammadi, M Rezaei, P Sariaslani, ...","A novel method for sleep-stage classification based on sonification of sleep electroencephalogram signals using wavelet transform and recurrent neural network",2020,"European …","karger.com","https://karger.com/ene/article-abstract/83/5/468/126504","https://scholar.google.com/scholar?cites=14817723041497985772&as_sdt=2005&sciodt=2007&hl=en",585,"2025-12-14 08:01:17","","","","",,,,,30,6.00,6,5,5,"… as a feedback tool for … Guitar and Kurdish Makam Database The rationality of musical structures is critical to the development of informative musical pieces when artificial intelligence …","https://www.kums.ac.ir/kums_content/media/image/2021/03/155023_orig.pdf","https://scholar.google.com/scholar?q=related:7LKbPJkgo80J:scholar.google.com/&scioq=guitar%7C%22electric+guitar%22+%22artificial+intelligence%22%7C%22machine+learning%22%7C%22deep+learning%22%7C%22audio+analysis%22+feedback%7C%22performance+analysis%22%7Cevaluation%7Cexpressivity&hl=en&as_sdt=2007"
71,"P Hamel, M Davies, K Yoshii, M Goto","Transfer learning in MIR: Sharing learned latent representations for music audio classification and similarity",2013,"","repositorio.inesctec.pt","http://repositorio.inesctec.pt/bitstream/123456789/4228/1/P-00G-6KC.pdf","https://scholar.google.com/scholar?cites=4875877618814940217&as_sdt=2005&sciodt=2007&hl=en",586,"2025-12-14 08:01:17","PDF","","","",,,,,71,5.92,18,4,12,"… beneficial in many domains of machine learning, but has yet to … that wants to learn to play guitar. The musician already has … and perform a qualitative evaluation. Some typical examples …","http://repositorio.inesctec.pt/bitstream/123456789/4228/1/P-00G-6KC.pdf","https://scholar.google.com/scholar?q=related:OfS9XdyYqkMJ:scholar.google.com/&scioq=guitar%7C%22electric+guitar%22+%22artificial+intelligence%22%7C%22machine+learning%22%7C%22deep+learning%22%7C%22audio+analysis%22+feedback%7C%22performance+analysis%22%7Cevaluation%7Cexpressivity&hl=en&as_sdt=2007"
20,"N Davanzo, F Avanzini","A dimension space for the evaluation of accessible digital musical instruments",2020,"… of the International Conference on New …","air.unimi.it","https://air.unimi.it/handle/2434/774163","https://scholar.google.com/scholar?cites=15686980160346522973&as_sdt=2005&sciodt=2007&hl=en",587,"2025-12-14 08:01:17","","","","",,,,,20,4.00,10,2,5,"… [13] targeted hand-controlled guitar effects for live music and … to using interactive machine learning techniques in order for … in which various supervised machine learning approaches are …","https://air.unimi.it/bitstream/2434/774163/2/davanzo_nime20.pdf","https://scholar.google.com/scholar?q=related:XQUOuFdZs9kJ:scholar.google.com/&scioq=guitar%7C%22electric+guitar%22+%22artificial+intelligence%22%7C%22machine+learning%22%7C%22deep+learning%22%7C%22audio+analysis%22+feedback%7C%22performance+analysis%22%7Cevaluation%7Cexpressivity&hl=en&as_sdt=2007"
8,"C Ames","Two pieces for amplified guitar",1986,"Journal of New Music Research","Taylor &Francis","https://www.tandfonline.com/doi/abs/10.1080/09298218608570472","https://scholar.google.com/scholar?cites=2585910423699615758&as_sdt=2005&sciodt=2007&hl=en",588,"2025-12-14 08:01:17","","10.1080/09298218608570472","","",,,,,8,0.21,8,1,39,"… stimulated by the guitar pieces are a highly general method of statistical feedback and an … '85 in Tsukuba, Japan - an exhibit highlighting American innovation in artificial intelligence. …","","https://scholar.google.com/scholar?q=related:DnCYYdT_4iMJ:scholar.google.com/&scioq=guitar%7C%22electric+guitar%22+%22artificial+intelligence%22%7C%22machine+learning%22%7C%22deep+learning%22%7C%22audio+analysis%22+feedback%7C%22performance+analysis%22%7Cevaluation%7Cexpressivity&hl=en&as_sdt=2007"
24,"S Ansari, KA Alnajjar, T Khater, S Mahmoud, ...","A robust hybrid neural network architecture for blind source separation of speech signals exploiting deep learning",2023,"Ieee …","ieeexplore.ieee.org","https://ieeexplore.ieee.org/abstract/document/10247035/","https://scholar.google.com/scholar?cites=17619593387515299528&as_sdt=2005&sciodt=2007&hl=en",589,"2025-12-14 08:01:17","","","","",,,,,24,12.00,5,5,2,"… ground music, vocal performances, or guitar solos. Moreover, the … evaluation is conducted in a noisy environment, and the correlation coefficient matrix is employed as the evaluation …","https://ieeexplore.ieee.org/iel7/6287639/6514899/10247035.pdf","https://scholar.google.com/scholar?q=related:yMarVdVehfQJ:scholar.google.com/&scioq=guitar%7C%22electric+guitar%22+%22artificial+intelligence%22%7C%22machine+learning%22%7C%22deep+learning%22%7C%22audio+analysis%22+feedback%7C%22performance+analysis%22%7Cevaluation%7Cexpressivity&hl=en&as_sdt=2007"
29,"NJW Thelle, P Pasquier","Spire muse: A virtual musical partner for creative brainstorming",2021,"","researchgate.net","https://www.researchgate.net/profile/Notto-Thelle/publication/352439650_Spire_Muse_A_Virtual_Musical_Partner_for_Creative_Brainstorming/links/60c9c263299bf108abdd8e07/Spire-Muse-A-Virtual-Musical-Partner-for-Creative-Brainstorming.pdf","https://scholar.google.com/scholar?cites=17236782078051737091&as_sdt=2005&sciodt=2007&hl=en",590,"2025-12-14 08:01:17","PDF","","","",,,,,29,7.25,15,2,4,"… collective improvisation through positive feedback—a mutual … main experiments with an acoustic guitar corpus, we used a … planning to implement machine learning algorithms that can …","https://www.researchgate.net/profile/Notto-Thelle/publication/352439650_Spire_Muse_A_Virtual_Musical_Partner_for_Creative_Brainstorming/links/60c9c263299bf108abdd8e07/Spire-Muse-A-Virtual-Musical-Partner-for-Creative-Brainstorming.pdf","https://scholar.google.com/scholar?q=related:A94XwflZNe8J:scholar.google.com/&scioq=guitar%7C%22electric+guitar%22+%22artificial+intelligence%22%7C%22machine+learning%22%7C%22deep+learning%22%7C%22audio+analysis%22+feedback%7C%22performance+analysis%22%7Cevaluation%7Cexpressivity&hl=en&as_sdt=2007"
6,"M Elshazly, MH Haggag, SA Ehssan","A depression detection model using deep learning and textual entailment",2021,"International Journal of …","researchgate.net","https://www.researchgate.net/profile/Manar-Elshazly/publication/357869198_A_Depression_Detection_Model_using_Deep_Learning_and_Textual_Entailment/links/61e411bdc5e31033759c2946/A-Depression-Detection-Model-using-Deep-Learning-and-Textual-Entailment.pdf","https://scholar.google.com/scholar?cites=12352220038646031427&as_sdt=2005&sciodt=2007&hl=en",591,"2025-12-14 08:01:17","PDF","","","",,,,,6,1.50,2,3,4,"… Finally our evaluation of the deep learning step in the proposed model is mentioned in … best evaluation splitting as mentioned before 90% for training ,5% testing, and also 5% validation. …","https://www.researchgate.net/profile/Manar-Elshazly/publication/357869198_A_Depression_Detection_Model_using_Deep_Learning_and_Textual_Entailment/links/61e411bdc5e31033759c2946/A-Depression-Detection-Model-using-Deep-Learning-and-Textual-Entailment.pdf","https://scholar.google.com/scholar?q=related:Q2T1Jq7ma6sJ:scholar.google.com/&scioq=guitar%7C%22electric+guitar%22+%22artificial+intelligence%22%7C%22machine+learning%22%7C%22deep+learning%22%7C%22audio+analysis%22+feedback%7C%22performance+analysis%22%7Cevaluation%7Cexpressivity&hl=en&as_sdt=2007"
2,"X Hu","Application of artificial intelligence in arrangement creation",2021,"International Conference on Machine Learning and Big …","Springer","https://link.springer.com/chapter/10.1007/978-3-030-89508-2_1","https://scholar.google.com/scholar?cites=8502574961578295130&as_sdt=2005&sciodt=2007&hl=en",592,"2025-12-14 08:01:17","","10.1007/978-3-030-89508-2_1","","",,,,,2,0.50,2,1,4,"… LSTM belongs to the category of feedback neural network. It not only has its own … instruments such as intelligent piano, intelligent guitar and intelligent drummer, and also develops …","","https://scholar.google.com/scholar?q=related:Wj8BBeE2_3UJ:scholar.google.com/&scioq=guitar%7C%22electric+guitar%22+%22artificial+intelligence%22%7C%22machine+learning%22%7C%22deep+learning%22%7C%22audio+analysis%22+feedback%7C%22performance+analysis%22%7Cevaluation%7Cexpressivity&hl=en&as_sdt=2007"
67,"Z Chen, Q Gao, LS Moss","NeuralLog: Natural language inference with joint neural and logical reasoning",2021,"arXiv preprint arXiv:2105.14167","arxiv.org","https://arxiv.org/abs/2105.14167","https://scholar.google.com/scholar?cites=4022734188296212651&as_sdt=2005&sciodt=2007&hl=en",593,"2025-12-14 08:01:17","","","","",,,,,67,16.75,22,3,4,"… As the evaluation results show, our model achieves the state-… The result also proves our hypothesis that deep learning … man is playing a guitar, H: A man is not playing a guitar has gold-…","https://arxiv.org/pdf/2105.14167","https://scholar.google.com/scholar?q=related:qxA3T26f0zcJ:scholar.google.com/&scioq=guitar%7C%22electric+guitar%22+%22artificial+intelligence%22%7C%22machine+learning%22%7C%22deep+learning%22%7C%22audio+analysis%22+feedback%7C%22performance+analysis%22%7Cevaluation%7Cexpressivity&hl=en&as_sdt=2007"
33,"K Roy, P Goyal, M Pandey","Attribute value generation from product title using language models",2021,"Proceedings of The 4th Workshop on …","aclanthology.org","https://aclanthology.org/2021.ecnlp-1.2/","https://scholar.google.com/scholar?cites=4762235011535814222&as_sdt=2005&sciodt=2007&hl=en",594,"2025-12-14 08:01:17","","","","",,,,,33,8.25,11,3,4,"… employed multiple types of machine learning models, each of … We want to generate the value “Electric Guitar” for the at… and F1 score as our evaluation measure which are denoted as P, …","https://aclanthology.org/2021.ecnlp-1.2.pdf","https://scholar.google.com/scholar?q=related:Tj6F94LbFkIJ:scholar.google.com/&scioq=guitar%7C%22electric+guitar%22+%22artificial+intelligence%22%7C%22machine+learning%22%7C%22deep+learning%22%7C%22audio+analysis%22+feedback%7C%22performance+analysis%22%7Cevaluation%7Cexpressivity&hl=en&as_sdt=2007"
20,"C Jin, T Wang, S Liu, Y Tie, J Li, X Li, ...","A transformer-based model for multi-track music generation",2020,"International Journal of …","igi-global.com","https://www.igi-global.com/article/a-transformer-based-model-for-multi-track-music-generation/265540","https://scholar.google.com/scholar?cites=6388315879309296357&as_sdt=2005&sciodt=2007&hl=en",595,"2025-12-14 08:01:17","","","","",,,,,20,4.00,3,7,5,"… of piano, guitar, and … , guitar, and drum. To verify the effectiveness of the proposed model, related experiments are conducted on a pair of comparative subjective and objective evaluation…","https://drive.google.com/file/d/15tiaqQUIBVV2WCsUdyoifcpW4RofDxGp/view","https://scholar.google.com/scholar?q=related:5cI3C3Lbp1gJ:scholar.google.com/&scioq=guitar%7C%22electric+guitar%22+%22artificial+intelligence%22%7C%22machine+learning%22%7C%22deep+learning%22%7C%22audio+analysis%22+feedback%7C%22performance+analysis%22%7Cevaluation%7Cexpressivity&hl=en&as_sdt=2007"
56,"JS Gómez, J Abeßer, E Cano","Jazz Solo Instrument Classification with Convolutional Neural Networks, Source Separation, and Transfer Learning.",2018,"ISMIR","archives.ismir.net","https://archives.ismir.net/ismir2018/paper/000145.pdf","https://scholar.google.com/scholar?cites=5230328376640717081&as_sdt=2005&sciodt=2007&hl=en",596,"2025-12-14 08:01:17","PDF","","","",,,,,56,8.00,19,3,7,"… Novel deep learning algorithms, particularly convolutional … AIR methods based on deep learning were recently proposed … we were able to reproduce the evaluation results reported in [28…","https://archives.ismir.net/ismir2018/paper/000145.pdf","https://scholar.google.com/scholar?q=related:GcFQdPLblUgJ:scholar.google.com/&scioq=guitar%7C%22electric+guitar%22+%22artificial+intelligence%22%7C%22machine+learning%22%7C%22deep+learning%22%7C%22audio+analysis%22+feedback%7C%22performance+analysis%22%7Cevaluation%7Cexpressivity&hl=en&as_sdt=2007"
112,"L Barrington, D O'Malley, D Turnbull, ...","User-centered design of a social game to tag music",2009,"Proceedings of the acm …","dl.acm.org","https://dl.acm.org/doi/abs/10.1145/1600150.1600152","https://scholar.google.com/scholar?cites=9992932826309769499&as_sdt=2005&sciodt=2007&hl=en",597,"2025-12-14 08:01:17","","10.1145/1600150.1600152","","",,,,,112,7.00,28,4,16,"… This data can be used to build machine learning models that … rock songs that feature distorted electric guitar riffs”. Before … song and also creates a feedback loop that maximizes data …","https://www.cs.swarthmore.edu/~turnbull/Papers/Barrington-UserCenteredGameDesign_HCOMP09.pdf","https://scholar.google.com/scholar?q=related:G7mI8HUHrooJ:scholar.google.com/&scioq=guitar%7C%22electric+guitar%22+%22artificial+intelligence%22%7C%22machine+learning%22%7C%22deep+learning%22%7C%22audio+analysis%22+feedback%7C%22performance+analysis%22%7Cevaluation%7Cexpressivity&hl=en&as_sdt=2007"
46,"M Avanzo, J Stancanello, G Pirrone, A Drigo, A Retico","The evolution of artificial intelligence in medical imaging: from computer science to machine and deep learning",2024,"Cancers","mdpi.com","https://www.mdpi.com/2072-6694/16/21/3702","https://scholar.google.com/scholar?cites=4911434934174002475&as_sdt=2005&sciodt=2007&hl=en",598,"2025-12-14 08:01:17","HTML","","","",,,,,46,46.00,9,5,1,"… Artificial intelligence (AI), the wide spectrum of technologies … Soon after, in the 1950s and 1960s, machine learning … facilitated the adoption of deep learning by researchers and clinicians…","https://www.mdpi.com/2072-6694/16/21/3702","https://scholar.google.com/scholar?q=related:K63i_AzsKEQJ:scholar.google.com/&scioq=guitar%7C%22electric+guitar%22+%22artificial+intelligence%22%7C%22machine+learning%22%7C%22deep+learning%22%7C%22audio+analysis%22+feedback%7C%22performance+analysis%22%7Cevaluation%7Cexpressivity&hl=en&as_sdt=2007"
83,"T Wilmering, D Moffat, A Milo, MB Sandler","A history of audio effects",2020,"Applied Sciences","mdpi.com","https://www.mdpi.com/2076-3417/10/3/791","https://scholar.google.com/scholar?cites=9043621922866088840&as_sdt=2005&sciodt=2007&hl=en",599,"2025-12-14 08:01:17","HTML","","","",,,,,83,16.60,21,4,5,"… music information retrieval and machine learning. In order to … a rhythm guitar at half speed while recording a guitar solo on … He attributed the high-pitched guitar sound to guitars of small …","https://www.mdpi.com/2076-3417/10/3/791","https://scholar.google.com/scholar?q=related:iEteQzlmgX0J:scholar.google.com/&scioq=guitar%7C%22electric+guitar%22+%22artificial+intelligence%22%7C%22machine+learning%22%7C%22deep+learning%22%7C%22audio+analysis%22+feedback%7C%22performance+analysis%22%7Cevaluation%7Cexpressivity&hl=en&as_sdt=2007"
6,"M Gori, S Melacci","Collectionless artificial intelligence",2023,"arXiv preprint arXiv:2309.06938","arxiv.org","https://arxiv.org/abs/2309.06938","https://scholar.google.com/scholar?cites=15051948220655150388&as_sdt=2005&sciodt=2007&hl=en",600,"2025-12-14 08:01:17","","","","",,,,,6,3.00,3,2,2,"… This suggests how a massive online active evaluation, opened to a wide audience, can be … guitar, the agent can be asked to generate music coming either from a piano or form a guitar …","https://arxiv.org/pdf/2309.06938","https://scholar.google.com/scholar?q=related:NCW5dShD49AJ:scholar.google.com/&scioq=guitar%7C%22electric+guitar%22+%22artificial+intelligence%22%7C%22machine+learning%22%7C%22deep+learning%22%7C%22audio+analysis%22+feedback%7C%22performance+analysis%22%7Cevaluation%7Cexpressivity&hl=en&as_sdt=2007"
11,"DG Loy","Preface to the special issue on parallel distributed processing and neural networks",1989,"Computer Music Journal","JSTOR","https://www.jstor.org/stable/3680008","https://scholar.google.com/scholar?cites=15901217149609967375&as_sdt=2005&sciodt=2007&hl=en",601,"2025-12-14 08:01:17","","","","",,,,,11,0.31,11,1,36,"… be leveled at traditional artificial intelligence, so we should … evaluation of connectionist ideas, as is evidenced by a careful … Sayegh convincingly demonstrates that guitar fingering fits …","","https://scholar.google.com/scholar?q=related:D__Z0r94rNwJ:scholar.google.com/&scioq=guitar%7C%22electric+guitar%22+%22artificial+intelligence%22%7C%22machine+learning%22%7C%22deep+learning%22%7C%22audio+analysis%22+feedback%7C%22performance+analysis%22%7Cevaluation%7Cexpressivity&hl=en&as_sdt=2007"
305,"I Vasilev, D Slater, G Spacagna, P Roelants, V Zocca","Python deep learning",2019,"","sciendo.com","https://sciendo.com/2/v2/download/chapter/9781837633456/10.0000/9781837633456-001.pdf?Token=eyJhbGciOiJIUzI1NiIsInR5cCI6IkpXVCJ9.eyJ1c2VycyI6W3sic3ViIjoyNTY3ODUxNywicHVicmVmIjoiNzY0NDg4IiwibmFtZSI6Ikdvb2dsZSBHb29nbGVib3QgLSBXZWIgQ3Jhd2xlciBTRU8iLCJ0eXBlIjoiaW5zdGl0dXRpb24iLCJsb2dvdXRfbGluayI6Imh0dHBzOi8vY29ubmVjdC5saWJseW54LmNvbS9sb2dvdXQvNjgxM2UwZDBmMjBiOGFhOGQ2ZDkyYjBkN2FiYTI5NjciLCJhdXRoX21ldGhvZCI6ImlwIiwiaXAiOiI2Ni4yNDkuNzkuMyIsImNvdW50ZXJwYXJ0eV9pZCI6Ijc2NDQ4OCJ9XSwiaWF0IjoxNzQ2MTM0ODM1LCJleHAiOjE3NDczNDQ0MzV9.PUljvEaXnhqxVfKmb0nQ32PtAuT6f1_VXpN2_auROu0","https://scholar.google.com/scholar?cites=11706063220643551313&as_sdt=2005&sciodt=2007&hl=en",602,"2025-12-14 08:01:17","BOOK","10.0000/9781837633456-001","","",,,,,305,50.83,61,5,6,"… part by introducing you to basic machine learning theory and concepts. Then, we’ll follow with a thorough introduction to neural networks – a special type of machine learning algorithm. …","https://sciendo.com/2/v2/download/chapter/9781837633456/10.0000/9781837633456-001.pdf?Token=eyJhbGciOiJIUzI1NiIsInR5cCI6IkpXVCJ9.eyJ1c2VycyI6W3sic3ViIjoyNTY3ODUxNywicHVicmVmIjoiNzY0NDg4IiwibmFtZSI6Ikdvb2dsZSBHb29nbGVib3QgLSBXZWIgQ3Jhd2xlciBTRU8iLCJ0eXBlIjoiaW5zdGl0dXRpb24iLCJsb2dvdXRfbGluayI6Imh0dHBzOi8vY29ubmVjdC5saWJseW54LmNvbS9sb2dvdXQvNjgxM2UwZDBmMjBiOGFhOGQ2ZDkyYjBkN2FiYTI5NjciLCJhdXRoX21ldGhvZCI6ImlwIiwiaXAiOiI2Ni4yNDkuNzkuMyIsImNvdW50ZXJwYXJ0eV9pZCI6Ijc2NDQ4OCJ9XSwiaWF0IjoxNzQ2MTM0ODM1LCJleHAiOjE3NDczNDQ0MzV9.PUljvEaXnhqxVfKmb0nQ32PtAuT6f1_VXpN2_auROu0","https://scholar.google.com/scholar?q=related:UVi5UHpKdKIJ:scholar.google.com/&scioq=guitar%7C%22electric+guitar%22+%22artificial+intelligence%22%7C%22machine+learning%22%7C%22deep+learning%22%7C%22audio+analysis%22+feedback%7C%22performance+analysis%22%7Cevaluation%7Cexpressivity&hl=en&as_sdt=2007"
2,"L Liu","Research on Piano Program Programming and Creative Optimization Methods Based on Big Data Technology",2025,"International Journal of High Speed Electronics and …","World Scientific","https://www.worldscientific.com/doi/abs/10.1142/S0129156424400901","https://scholar.google.com/scholar?cites=14749205885910625058&as_sdt=2005&sciodt=2007&hl=en",603,"2025-12-14 08:01:17","","10.1142/S0129156424400901","","",,,,,2,2.00,2,1,1,"… applying machine learning algorithms, intelligent evaluation … 6 that our guitar has a relatively strong jumping ability, and … This study applied machine learning algorithms to intelligently …","","https://scholar.google.com/scholar?q=related:IqvNzJu0r8wJ:scholar.google.com/&scioq=guitar%7C%22electric+guitar%22+%22artificial+intelligence%22%7C%22machine+learning%22%7C%22deep+learning%22%7C%22audio+analysis%22+feedback%7C%22performance+analysis%22%7Cevaluation%7Cexpressivity&hl=en&as_sdt=2007"
5,"D Davis","Compute and resonate: An ongoing experiment in creating acid music using accessible artificial intelligence and computer-based generative tools",2022,"Designing Interactions for Music and Sound","taylorfrancis.com","https://www.taylorfrancis.com/chapters/edit/10.4324/9781003140535-3/compute-resonate-dylan-davis","https://scholar.google.com/scholar?cites=9497799002161875412&as_sdt=2005&sciodt=2007&hl=en",604,"2025-12-14 08:01:17","","10.4324/9781003140535-3","","",,,,,5,1.67,5,1,3,"… Through reflective practice and evaluation of AI-generated works, as demonstrated in this chapter, it may be possible for electronic musicians to further evaluate and develop their own …","","https://scholar.google.com/scholar?q=related:1Anr9971zoMJ:scholar.google.com/&scioq=guitar%7C%22electric+guitar%22+%22artificial+intelligence%22%7C%22machine+learning%22%7C%22deep+learning%22%7C%22audio+analysis%22+feedback%7C%22performance+analysis%22%7Cevaluation%7Cexpressivity&hl=en&as_sdt=2007"
4,"M Prabu, R Naidu, P Asif","Combining Deep Learning Techniques for Enhanced Human Activity Recognition: A Hybrid CNN-LSTM Fusion Approach",2024,"2024 IEEE International Conference …","ieeexplore.ieee.org","https://ieeexplore.ieee.org/abstract/document/10649335/","https://scholar.google.com/scholar?cites=16083731447933016418&as_sdt=2005&sciodt=2007&hl=en",605,"2025-12-14 08:01:17","","","","",,,,,4,4.00,1,3,1,"… additional components for performance analysis and tracking … and a confusion matrix for performance analysis. Python was … activities, including playing the guitar, horseback riding, long …","","https://scholar.google.com/scholar?q=related:YpnTYInkNN8J:scholar.google.com/&scioq=guitar%7C%22electric+guitar%22+%22artificial+intelligence%22%7C%22machine+learning%22%7C%22deep+learning%22%7C%22audio+analysis%22+feedback%7C%22performance+analysis%22%7Cevaluation%7Cexpressivity&hl=en&as_sdt=2007"
7,"N Yalta, T Ogata, K Nakadai","Sequential deep learning for dancing motion generation",2016,"Proc. the 46th AI Challenge Study …","osaka-kyoiku.ac.jp","https://www.osaka-kyoiku.ac.jp/~challeng/SIG-Challenge-046/SIG-Challenge-046-08.pdf","https://scholar.google.com/scholar?cites=11662188912478838637&as_sdt=2005&sciodt=2007&hl=en",606,"2025-12-14 08:01:17","PDF","","","",,,,,7,0.78,2,3,9,"… robots to play an instrument eg a guitar. Also, a method which can … a system based on deep learning to generate motion posi… Also, we compared the evaluation of the processing time for …","https://www.osaka-kyoiku.ac.jp/~challeng/SIG-Challenge-046/SIG-Challenge-046-08.pdf","https://scholar.google.com/scholar?q=related:bd_M5wZr2KEJ:scholar.google.com/&scioq=guitar%7C%22electric+guitar%22+%22artificial+intelligence%22%7C%22machine+learning%22%7C%22deep+learning%22%7C%22audio+analysis%22+feedback%7C%22performance+analysis%22%7Cevaluation%7Cexpressivity&hl=en&as_sdt=2007"
8,"L Ritchie","Practice of praxis",2023,"Journal of Adult Learning, Knowledge and Innovation","akjournals.com","https://akjournals.com/view/journals/2059/6/1/article-p14.xml","https://scholar.google.com/scholar?cites=8242684684189271365&as_sdt=2005&sciodt=2007&hl=en",607,"2025-12-14 08:01:17","HTML","","","",,,,,8,4.00,8,1,2,"… encouraged deep learning through critical, respectful feedback. … aimed to explore how deep learning was executed and its … motion or cartooning, or a guitar chord fingering, or whatever …","https://akjournals.com/view/journals/2059/6/1/article-p14.xml","https://scholar.google.com/scholar?q=related:RYWndAzmY3IJ:scholar.google.com/&scioq=guitar%7C%22electric+guitar%22+%22artificial+intelligence%22%7C%22machine+learning%22%7C%22deep+learning%22%7C%22audio+analysis%22+feedback%7C%22performance+analysis%22%7Cevaluation%7Cexpressivity&hl=en&as_sdt=2007"
259,"B Li, X Liu, K Dinesh, Z Duan, ...","Creating a multitrack classical music performance dataset for multimodal music analysis: Challenges, insights, and applications",2018,"IEEE Transactions on …","ieeexplore.ieee.org","https://ieeexplore.ieee.org/abstract/document/8411155/","https://scholar.google.com/scholar?cites=1625821375643562247&as_sdt=2005&sciodt=2007&hl=en",608,"2025-12-14 08:01:17","","","","",,,,,259,37.00,52,5,7,"… supervised machine learning and the evaluation of proposed … Guitar dataset contains 10 audio-visual recordings of guitar … to capture the vibration of the guitar body and to attenuate the …","https://ieeexplore.ieee.org/ielaam/6046/8625851/8411155-aam.pdf","https://scholar.google.com/scholar?q=related:B7F4W-0TkBYJ:scholar.google.com/&scioq=guitar%7C%22electric+guitar%22+%22artificial+intelligence%22%7C%22machine+learning%22%7C%22deep+learning%22%7C%22audio+analysis%22+feedback%7C%22performance+analysis%22%7Cevaluation%7Cexpressivity&hl=en&as_sdt=2007"
45,"N Xu, A Liu, W Nie, Y Wong, F Li, Y Su","Multi-modal &multi-view &interactive benchmark dataset for human action recognition",2015,"Proceedings of the 23rd ACM …","dl.acm.org","https://dl.acm.org/doi/abs/10.1145/2733373.2806315","https://scholar.google.com/scholar?cites=13312537797945870362&as_sdt=2005&sciodt=2007&hl=en",609,"2025-12-14 08:01:17","","10.1145/2733373.2806315","","",,,,,45,4.50,8,6,10,"… areas in both computer vision and machine learning communities. Several methods for … evaluation of this task and will benefit advancing related computer vision and machine learning …","","https://scholar.google.com/scholar?q=related:GkiGKZiiv7gJ:scholar.google.com/&scioq=guitar%7C%22electric+guitar%22+%22artificial+intelligence%22%7C%22machine+learning%22%7C%22deep+learning%22%7C%22audio+analysis%22+feedback%7C%22performance+analysis%22%7Cevaluation%7Cexpressivity&hl=en&as_sdt=2007"
87,"X Xiao, Y Fang, X Xiao, J Xu, J Chen","Machine-learning-aided self-powered assistive physical therapy devices",2021,"ACS nano","ACS Publications","https://pubs.acs.org/doi/abs/10.1021/acsnano.1c10676","https://scholar.google.com/scholar?cites=17802770995355543382&as_sdt=2005&sciodt=2007&hl=en",610,"2025-12-14 08:01:17","","10.1021/acsnano.1c10676","","",,,,,87,21.75,17,5,4,"… self-powered sensors and optimized machine-learning algorithms will play innovative roles … In this Perspective, we provide an overview of the latest developments in machine-learning-…","https://www.researchgate.net/profile/Xiao_Xiao149/publication/357114072_Machine-Learning-Aided_Self-Powered_Assistive_Physical_Therapy_Devices/links/61bc16e763bbd932429bbf11/Machine-Learning-Aided-Self-Powered-Assistive-Physical-Therapy-Devices.pdf","https://scholar.google.com/scholar?q=related:VmfLq-UlEPcJ:scholar.google.com/&scioq=guitar%7C%22electric+guitar%22+%22artificial+intelligence%22%7C%22machine+learning%22%7C%22deep+learning%22%7C%22audio+analysis%22+feedback%7C%22performance+analysis%22%7Cevaluation%7Cexpressivity&hl=en&as_sdt=2007"
6,"D Zhang, X Li, D Lu, Y Tie, Y Gao, ...","Multitrack emotion-based music generation network using continuous symbolic features",2024,"2024 IEEE International …","ieeexplore.ieee.org","https://ieeexplore.ieee.org/abstract/document/10688343/","https://scholar.google.com/scholar?cites=7255987841165447766&as_sdt=2005&sciodt=2007&hl=en",611,"2025-12-14 08:01:17","","","","",,,,,6,6.00,1,6,1,"… In recent years, with the progress of deep learning, many … loss function, incorporating feedback states and paragraph reward … Guitar and piano chords often play chords at the same time, …","","https://scholar.google.com/scholar?q=related:VlI4Z39ysmQJ:scholar.google.com/&scioq=guitar%7C%22electric+guitar%22+%22artificial+intelligence%22%7C%22machine+learning%22%7C%22deep+learning%22%7C%22audio+analysis%22+feedback%7C%22performance+analysis%22%7Cevaluation%7Cexpressivity&hl=en&as_sdt=2007"
282,"E Law, K West, MI Mandel, M Bay, JS Downie","Evaluation of algorithms using games: The case of music tagging.",2009,"ISMIR","ismir2009.ismir.net","https://ismir2009.ismir.net/proceedings/OS5-5.pdf?ref=https://githubhelp.com","https://scholar.google.com/scholar?cites=10394255617419929029&as_sdt=2005&sciodt=2007&hl=en",612,"2025-12-14 08:01:17","PDF","","","",,,,,282,17.63,56,5,16,"… each round for evaluation, the game experience can be ruined by an algorithm that generates tags are contradictory (eg slow followed by fast, or guitar followed by no guitar) or redun…","https://ismir2009.ismir.net/proceedings/OS5-5.pdf?ref=https://githubhelp.com","https://scholar.google.com/scholar?q=related:xWXstGnQP5AJ:scholar.google.com/&scioq=guitar%7C%22electric+guitar%22+%22artificial+intelligence%22%7C%22machine+learning%22%7C%22deep+learning%22%7C%22audio+analysis%22+feedback%7C%22performance+analysis%22%7Cevaluation%7Cexpressivity&hl=en&as_sdt=2007"
2,"J Naren, V Ganesan, N Jayaseelan, ...","A Deep Learning Model for Investigation on Human Body Movements and Action",2020,"… on Emerging Trends …","Springer","https://link.springer.com/chapter/10.1007/978-981-15-8752-8_34","https://scholar.google.com/scholar?cites=17837788250251948526&as_sdt=2005&sciodt=2007&hl=en",613,"2025-12-14 08:01:17","","10.1007/978-981-15-8752-8_34","","",,,,,2,0.40,1,4,5,"… [4] propose a 3D CNN framework for pose evaluation for videos containing multiple people. The work, which is the first of the works which briefs about multi-… Strumming guitar and sit up …","","https://scholar.google.com/scholar?q=related:7nHnqueNjPcJ:scholar.google.com/&scioq=guitar%7C%22electric+guitar%22+%22artificial+intelligence%22%7C%22machine+learning%22%7C%22deep+learning%22%7C%22audio+analysis%22+feedback%7C%22performance+analysis%22%7Cevaluation%7Cexpressivity&hl=en&as_sdt=2007"
24,"JT Colonel, M Comunità, J Reiss","Reverse engineering memoryless distortion effects with differentiable waveshapers",2022,"Audio Engineering Society …","eecs.qmul.ac.uk","http://www.eecs.qmul.ac.uk/~josh/documents/2022/21955.pdf","https://scholar.google.com/scholar?cites=12524007915496848701&as_sdt=2005&sciodt=2007&hl=en",614,"2025-12-14 08:01:17","PDF","","","",,,,,24,8.00,8,3,3,"… of guitar distortion emulation software plugins and guitar … With the recent rise of machine learning the research community … performs best in a perceptual evaluation, and the proposed …","http://www.eecs.qmul.ac.uk/~josh/documents/2022/21955.pdf","https://scholar.google.com/scholar?q=related:Pb1eF9g2zq0J:scholar.google.com/&scioq=guitar%7C%22electric+guitar%22+%22artificial+intelligence%22%7C%22machine+learning%22%7C%22deep+learning%22%7C%22audio+analysis%22+feedback%7C%22performance+analysis%22%7Cevaluation%7Cexpressivity&hl=en&as_sdt=2007"
26,"SS Vinod Chandra, AS HAREENDRAN","Machine learning: a practitioner's approach",2021,"","books.google.com","https://books.google.com/books?hl=en&lr=&id=b_wdEAAAQBAJ&oi=fnd&pg=PP1&dq=guitar%7C%22electric+guitar%22+%22artificial+intelligence%22%7C%22machine+learning%22%7C%22deep+learning%22%7C%22audio+analysis%22+feedback%7C%22performance+analysis%22%7Cevaluation%7Cexpressivity&ots=3q8m7KP_KJ&sig=un8IBy4U1TKbYR-aTWRltYZ5w6Y","https://scholar.google.com/scholar?cites=524582366715967718&as_sdt=2005&sciodt=2007&hl=en",615,"2025-12-14 08:01:17","BOOK","","","",,,,,26,6.50,13,2,4,"… This text begins from an introduction to machine learning, and then lists timelines … machine learning research. We have chosen common problems to find solutions by machine learning …","","https://scholar.google.com/scholar?q=related:5viJF-KwRwcJ:scholar.google.com/&scioq=guitar%7C%22electric+guitar%22+%22artificial+intelligence%22%7C%22machine+learning%22%7C%22deep+learning%22%7C%22audio+analysis%22+feedback%7C%22performance+analysis%22%7Cevaluation%7Cexpressivity&hl=en&as_sdt=2007"
10,"A Sridharan, M Moh, TS Moh","Similarity estimation for classical indian music",2018,"… conference on machine learning …","ieeexplore.ieee.org","https://ieeexplore.ieee.org/abstract/document/8614155/","https://scholar.google.com/scholar?cites=9449476037750177663&as_sdt=2005&sciodt=2007&hl=en",616,"2025-12-14 08:01:17","","","","",,,,,10,1.43,3,3,7,"… Performance evaluation has been done using the accuracy score of scikit-learn. As a … The dataset contains piano and guitar files with a mix of various artists. Due to the difficulty in using …","","https://scholar.google.com/scholar?q=related:fz-qD2RII4MJ:scholar.google.com/&scioq=guitar%7C%22electric+guitar%22+%22artificial+intelligence%22%7C%22machine+learning%22%7C%22deep+learning%22%7C%22audio+analysis%22+feedback%7C%22performance+analysis%22%7Cevaluation%7Cexpressivity&hl=en&as_sdt=2007"
24,"K Avramidis, A Kratimenos, C Garoufis, ...","Deep convolutional and recurrent networks for polyphonic instrument classification from monophonic raw audio waveforms",2021,"ICASSP 2021-2021 …","ieeexplore.ieee.org","https://ieeexplore.ieee.org/abstract/document/9413479/","https://scholar.google.com/scholar?cites=4788053283862404872&as_sdt=2005&sciodt=2007&hl=en",617,"2025-12-14 08:01:17","","","","",,,,,24,6.00,6,4,4,"… their raw waveforms into deep learning models. Various … During the evaluation process, we partition each track into 1-… instruments, like piano or the electric guitar, benefit more from time-…","https://arxiv.org/pdf/2102.06930","https://scholar.google.com/scholar?q=related:CN9C7heVckIJ:scholar.google.com/&scioq=guitar%7C%22electric+guitar%22+%22artificial+intelligence%22%7C%22machine+learning%22%7C%22deep+learning%22%7C%22audio+analysis%22+feedback%7C%22performance+analysis%22%7Cevaluation%7Cexpressivity&hl=en&as_sdt=2007"
6,"HF Garcia, A Aguilar, E Manilow, D Vedenko, ...","Deep Learning Tools for Audacity: Helping Researchers Expand the Artist's Toolkit",2021,"arXiv preprint arXiv …","arxiv.org","https://arxiv.org/abs/2110.13323","https://scholar.google.com/scholar?cites=14704457281287618171&as_sdt=2005&sciodt=2007&hl=en",618,"2025-12-14 08:01:17","","","","",,,,,6,1.50,1,5,4,"… machine learning models for media creation will be able to put these models directly into the hands of the artists. We hope that this work will foster a virtuous feedback … , guitar amplifier …","https://arxiv.org/pdf/2110.13323","https://scholar.google.com/scholar?q=related:e_4NYv25EMwJ:scholar.google.com/&scioq=guitar%7C%22electric+guitar%22+%22artificial+intelligence%22%7C%22machine+learning%22%7C%22deep+learning%22%7C%22audio+analysis%22+feedback%7C%22performance+analysis%22%7Cevaluation%7Cexpressivity&hl=en&as_sdt=2007"
17,"AM Christodoulou, O Lartillot, AR Jensenius","Multimodal music datasets? Challenges and future goals in music processing",2024,"International Journal of …","Springer","https://link.springer.com/article/10.1007/s13735-024-00344-6","https://scholar.google.com/scholar?cites=7442086541556794273&as_sdt=2005&sciodt=2007&hl=en",619,"2025-12-14 08:01:17","HTML","10.1007/s13735-024-00344-6","","",,,,,17,17.00,6,3,1,"… in machine learning systems: “A machine learning task is … [75] introduced a dataset for evaluating algorithms related to guitar … and their instruments in guitar performance analysis. …","https://link.springer.com/article/10.1007/s13735-024-00344-6","https://scholar.google.com/scholar?q=related:oUM1mUeaR2cJ:scholar.google.com/&scioq=guitar%7C%22electric+guitar%22+%22artificial+intelligence%22%7C%22machine+learning%22%7C%22deep+learning%22%7C%22audio+analysis%22+feedback%7C%22performance+analysis%22%7Cevaluation%7Cexpressivity&hl=en&as_sdt=2007"
62,"JH Lee, HS Choi, K Lee","Audio query-based music source separation",2019,"arXiv preprint arXiv:1908.06593","arxiv.org","https://arxiv.org/abs/1908.06593","https://scholar.google.com/scholar?cites=9702462387878372829&as_sdt=2005&sciodt=2007&hl=en",620,"2025-12-14 08:01:17","","","","",,,,,62,10.33,21,3,6,"… Improvements in deep learning lead to a big progress in … of hi-hat, but we can see the guitar was removed considerably. The … to other methods with the evaluation result of the MUSDB18 …","https://arxiv.org/pdf/1908.06593","https://scholar.google.com/scholar?q=related:3SUUzCISpoYJ:scholar.google.com/&scioq=guitar%7C%22electric+guitar%22+%22artificial+intelligence%22%7C%22machine+learning%22%7C%22deep+learning%22%7C%22audio+analysis%22+feedback%7C%22performance+analysis%22%7Cevaluation%7Cexpressivity&hl=en&as_sdt=2007"
3,"M Comunità, CJ Steinmetz, JD Reiss","NablAFx: A framework for differentiable black-box and gray-box modeling of audio effects",2025,"arXiv preprint arXiv:2502.11668","arxiv.org","https://arxiv.org/abs/2502.11668","https://scholar.google.com/scholar?cites=811495169688284864&as_sdt=2005&sciodt=2007&hl=en",621,"2025-12-14 08:01:17","","","","",,,,,3,3.00,1,3,1,"… with the success of deep learning and differentiable digital signal … To retain TFiLM’s expressivity while reducing parameters and … Guitar effects recognition and parameter estimation with …","https://arxiv.org/pdf/2502.11668","https://scholar.google.com/scholar?q=related:wC43ro4CQwsJ:scholar.google.com/&scioq=guitar%7C%22electric+guitar%22+%22artificial+intelligence%22%7C%22machine+learning%22%7C%22deep+learning%22%7C%22audio+analysis%22+feedback%7C%22performance+analysis%22%7Cevaluation%7Cexpressivity&hl=en&as_sdt=2007"
8,"C Vear, S Benford, JM Avila, ...","Human-AI Musicking: A Framework for Designing AI for Music Co-creativity",2023,"AIMC …","nottingham-repository.worktribe.com","https://nottingham-repository.worktribe.com/OutputFile/26226255","https://scholar.google.com/scholar?cites=18185394076669224140&as_sdt=2005&sciodt=2007&hl=en",622,"2025-12-14 08:01:17","PDF","","","",,,,,8,4.00,2,4,2,"","https://nottingham-repository.worktribe.com/OutputFile/26226255","https://scholar.google.com/scholar?q=related:zKRc-I9_X_wJ:scholar.google.com/&scioq=guitar%7C%22electric+guitar%22+%22artificial+intelligence%22%7C%22machine+learning%22%7C%22deep+learning%22%7C%22audio+analysis%22+feedback%7C%22performance+analysis%22%7Cevaluation%7Cexpressivity&hl=en&as_sdt=2007"
41,"RC Maher","Principles of forensic audio analysis",2018,"","Springer","https://link.springer.com/content/pdf/10.1007/978-3-319-99453-6.pdf","https://scholar.google.com/scholar?cites=13163558287849189785&as_sdt=2005&sciodt=2007&hl=en",623,"2025-12-14 08:01:17","BOOK","10.1007/978-3-319-99453-6","","",,,,,41,5.86,41,1,7,"… Forensic science generally refers to evaluation of evidence that may ultimately be used in … If the sound source is oscillating, such as a loudspeaker cone moving in and out or a guitar …","http://ndl.ethernet.edu.et/bitstream/123456789/72997/1/259.pdf","https://scholar.google.com/scholar?q=related:mXFm74RarrYJ:scholar.google.com/&scioq=guitar%7C%22electric+guitar%22+%22artificial+intelligence%22%7C%22machine+learning%22%7C%22deep+learning%22%7C%22audio+analysis%22+feedback%7C%22performance+analysis%22%7Cevaluation%7Cexpressivity&hl=en&as_sdt=2007"
62,"R Vrskova, P Kamencay, R Hudec, P Sykora","A new deep-learning method for human activity recognition",2023,"Sensors","mdpi.com","https://www.mdpi.com/1424-8220/23/5/2816","https://scholar.google.com/scholar?cites=17148012972191134696&as_sdt=2005&sciodt=2007&hl=en",624,"2025-12-14 08:01:17","HTML","","","",,,,,62,31.00,16,4,2,"… To provide a more comprehensive evaluation of our network’s performance, we compared it to other available neural network architectures, such as 3D ResNet 50,101,152, ConvLSTM, …","https://www.mdpi.com/1424-8220/23/5/2816","https://scholar.google.com/scholar?q=related:6DM-s_H6-e0J:scholar.google.com/&scioq=guitar%7C%22electric+guitar%22+%22artificial+intelligence%22%7C%22machine+learning%22%7C%22deep+learning%22%7C%22audio+analysis%22+feedback%7C%22performance+analysis%22%7Cevaluation%7Cexpressivity&hl=en&as_sdt=2007"
29,"V Müller, U Lindenberger","Probing associations between interbrain synchronization and interpersonal action coordination during guitar playing",2022,"Annals of the New York Academy of …","Wiley Online Library","https://nyaspubs.onlinelibrary.wiley.com/doi/abs/10.1111/nyas.14689","https://scholar.google.com/scholar?cites=6062230926610772398&as_sdt=2005&sciodt=2007&hl=en",625,"2025-12-14 08:01:17","","10.1111/nyas.14689","","",,,,,29,9.67,15,2,3,"… Statistical evaluation of the time interval after play onset (0−200 ms) in the delta frequency … and data mining and training of artificial intelligence technologies or similar technologies. …","https://nyaspubs.onlinelibrary.wiley.com/doi/pdfdirect/10.1111/nyas.14689","https://scholar.google.com/scholar?q=related:rrEFn-heIVQJ:scholar.google.com/&scioq=guitar%7C%22electric+guitar%22+%22artificial+intelligence%22%7C%22machine+learning%22%7C%22deep+learning%22%7C%22audio+analysis%22+feedback%7C%22performance+analysis%22%7Cevaluation%7Cexpressivity&hl=en&as_sdt=2007"
39,"J Wang, C Xu, L Dai, J Zhang, ...","An unequal deep learning approach for 3-D point cloud segmentation",2020,"IEEE Transactions on …","ieeexplore.ieee.org","https://ieeexplore.ieee.org/abstract/document/9291415/","https://scholar.google.com/scholar?cites=15975482263697302292&as_sdt=2005&sciodt=2007&hl=en",626,"2025-12-14 08:01:17","","","","",,,,,39,7.80,8,5,5,"… 2) Deep learning methods are promising to segment objects from complex point clouds. … An inequivalence evaluation is a function discover problem modeling the relationship between …","","https://scholar.google.com/scholar?q=related:FCM7I3pQtN0J:scholar.google.com/&scioq=guitar%7C%22electric+guitar%22+%22artificial+intelligence%22%7C%22machine+learning%22%7C%22deep+learning%22%7C%22audio+analysis%22+feedback%7C%22performance+analysis%22%7Cevaluation%7Cexpressivity&hl=en&as_sdt=2007"
41,"M Farrokhmanesh, A Hamzeh","A novel method for malware detection using audio signal processing techniques",2016,"2016 Artificial Intelligence and …","ieeexplore.ieee.org","https://ieeexplore.ieee.org/abstract/document/7529495/","https://scholar.google.com/scholar?cites=11317868333104210196&as_sdt=2005&sciodt=2007&hl=en",627,"2025-12-14 08:01:17","","","","",,,,,41,4.56,21,2,9,"… the piano is 1 and the acoustic guitar is 25 [14]. Each … piano notes and another for guitar and third channel for violin… used some common perfonnance evaluation metrics such as …","","https://scholar.google.com/scholar?q=related:FKFRyUglEZ0J:scholar.google.com/&scioq=guitar%7C%22electric+guitar%22+%22artificial+intelligence%22%7C%22machine+learning%22%7C%22deep+learning%22%7C%22audio+analysis%22+feedback%7C%22performance+analysis%22%7Cevaluation%7Cexpressivity&hl=en&as_sdt=2007"
8,"V de Aguiar","Music and affectivity in the age of artificial intelligence",2024,"Topoi","Springer","https://link.springer.com/article/10.1007/s11245-024-10050-x","https://scholar.google.com/scholar?cites=15647759574536248820&as_sdt=2005&sciodt=2007&hl=en",628,"2025-12-14 08:01:17","HTML","10.1007/s11245-024-10050-x","","",,,,,8,8.00,8,1,1,"… From the perspective of the listener, examples of musical affective affordances are melodies, rhythmic patterns, guitar riffs, and grooves. However, musical affective affordances can …","https://link.springer.com/article/10.1007/s11245-024-10050-x","https://scholar.google.com/scholar?q=related:9F3zem0CKNkJ:scholar.google.com/&scioq=guitar%7C%22electric+guitar%22+%22artificial+intelligence%22%7C%22machine+learning%22%7C%22deep+learning%22%7C%22audio+analysis%22+feedback%7C%22performance+analysis%22%7Cevaluation%7Cexpressivity&hl=en&as_sdt=2007"
26,"SDS Pedro, ER Hruschka Jr","Conversing learning: Active learning and active social interaction for human supervision in never-ending learning systems",2012,"… Conference on Artificial Intelligence","Springer","https://link.springer.com/chapter/10.1007/978-3-642-34654-5_24","https://scholar.google.com/scholar?cites=18192632409323143801&as_sdt=2005&sciodt=2007&hl=en",629,"2025-12-14 08:01:17","","10.1007/978-3-642-34654-5_24","","",,,,,26,2.00,13,2,13,"… to help users to provide better feedback. This interaction between the learning system and the users aiming to allow human feedback in machine learning tasks is the main focus of CL. …","http://rtw.ml.cmu.edu/estevam/iberamia2012.pdf","https://scholar.google.com/scholar?q=related:eQL3nsk2efwJ:scholar.google.com/&scioq=guitar%7C%22electric+guitar%22+%22artificial+intelligence%22%7C%22machine+learning%22%7C%22deep+learning%22%7C%22audio+analysis%22+feedback%7C%22performance+analysis%22%7Cevaluation%7Cexpressivity&hl=en&as_sdt=2007"
3,"DR Vemula, SK Tripathi, NK Sharma, ...","Music generation using deep learning",2023,"Machine Vision and …","Springer","https://link.springer.com/chapter/10.1007/978-981-99-0189-0_47","https://scholar.google.com/scholar?cites=4491309379637944548&as_sdt=2005&sciodt=2007&hl=en",630,"2025-12-14 08:01:17","","10.1007/978-981-99-0189-0_47","","",,,,,3,1.50,1,4,2,"… in algorithm but shifted to machine learning and neural networks … He generated music of blues genre using guitar dataset by … After feeding the models with data, evaluation will be done …","https://www.researchgate.net/profile/Surya-Mahapatra-3/publication/370423328_An_Efficient_and_Secure_Cluster-Based_Cooperative_Data_Transmission_for_Wireless_Ad_Hoc_Networks_IOT_Environment/links/6458bbd2809a53502158d8f4/An-Efficient-and-Secure-Cluster-Based-Cooperative-Data-Transmission-for-Wireless-Ad-Hoc-Networks-IOT-Environment.pdf#page=582","https://scholar.google.com/scholar?q=related:5CCztRVWVD4J:scholar.google.com/&scioq=guitar%7C%22electric+guitar%22+%22artificial+intelligence%22%7C%22machine+learning%22%7C%22deep+learning%22%7C%22audio+analysis%22+feedback%7C%22performance+analysis%22%7Cevaluation%7Cexpressivity&hl=en&as_sdt=2007"
92,"S Gao, Z Chen, G Chen, W Wang, T Lu","Avsegformer: Audio-visual segmentation with transformer",2024,"… on artificial intelligence","ojs.aaai.org","https://ojs.aaai.org/index.php/AAAI/article/view/29104","https://scholar.google.com/scholar?cites=2196140563241686658&as_sdt=2005&sciodt=2007&hl=en",631,"2025-12-14 08:01:17","","","","",,,,,92,92.00,18,5,1,"… Additionally, in cases where multiple objects coexist within a single contextual frame (eg, two guitars or one person and one guitar), the vanilla dense segmentation method struggles to …","https://ojs.aaai.org/index.php/AAAI/article/view/29104/30087","https://scholar.google.com/scholar?q=related:gtbY5DRCeh4J:scholar.google.com/&scioq=guitar%7C%22electric+guitar%22+%22artificial+intelligence%22%7C%22machine+learning%22%7C%22deep+learning%22%7C%22audio+analysis%22+feedback%7C%22performance+analysis%22%7Cevaluation%7Cexpressivity&hl=en&as_sdt=2007"
14,"J Turian, J Shier, HR Khan, B Raj, ...","Hear 2021: Holistic evaluation of audio representations",2022,"arXiv preprint arXiv …","academia.edu","https://www.academia.edu/download/93507162/2203.03022v2.pdf","https://scholar.google.com/scholar?cites=13589747747776631386&as_sdt=2005&sciodt=2007&hl=en",632,"2025-12-14 08:01:17","PDF","","","",,,,,14,4.67,3,5,3,"… port good machine learning. And robust evaluation enables general representations. Broad … semantic objects (eg, cat vs dog or guitar vs piano) but are pitch agnostic. Interestingly, …","https://www.academia.edu/download/93507162/2203.03022v2.pdf","https://scholar.google.com/scholar?q=related:WhJkNZN7mLwJ:scholar.google.com/&scioq=guitar%7C%22electric+guitar%22+%22artificial+intelligence%22%7C%22machine+learning%22%7C%22deep+learning%22%7C%22audio+analysis%22+feedback%7C%22performance+analysis%22%7Cevaluation%7Cexpressivity&hl=en&as_sdt=2007"
153,"H Toba, ZY Ming, M Adriani, TS Chua","Discovering high quality answers in community question answering archives using a hierarchy of classifiers",2014,"Information Sciences","Elsevier","https://www.sciencedirect.com/science/article/pii/S0020025513007573","https://scholar.google.com/scholar?cites=3398987594919533007&as_sdt=2005&sciodt=2007&hl=en",633,"2025-12-14 08:01:17","","","","",,,,,153,13.91,38,4,11,"In community-based question answering (CQA) services where answers are generated by human, users may expect better answers than an automatic question answering system. …","https://www.academia.edu/download/32476249/1-s2.0-S0020025513007573-main.pdf","https://scholar.google.com/scholar?q=related:z1kjfzWhKy8J:scholar.google.com/&scioq=guitar%7C%22electric+guitar%22+%22artificial+intelligence%22%7C%22machine+learning%22%7C%22deep+learning%22%7C%22audio+analysis%22+feedback%7C%22performance+analysis%22%7Cevaluation%7Cexpressivity&hl=en&as_sdt=2007"
5,"A Senapati, A Poudyal, P Adhikary, ...","A machine learning approach to anaphora resolution in Nepali language",2020,"… Evaluation (ComPE)","ieeexplore.ieee.org","https://ieeexplore.ieee.org/abstract/document/9200135/","https://scholar.google.com/scholar?cites=5339921188985746152&as_sdt=2005&sciodt=2007&hl=en",634,"2025-12-14 08:01:17","","","","",,,,,5,1.00,1,4,5,"… a machine learning (ML) approach to Anaphora Resolution (AR) system in Nepali language. It is one of the pioneering approaches in anaphora resolution using machine learning in …","","https://scholar.google.com/scholar?q=related:6LITfgc2G0oJ:scholar.google.com/&scioq=guitar%7C%22electric+guitar%22+%22artificial+intelligence%22%7C%22machine+learning%22%7C%22deep+learning%22%7C%22audio+analysis%22+feedback%7C%22performance+analysis%22%7Cevaluation%7Cexpressivity&hl=en&as_sdt=2007"
1794,"L Jiao, F Zhang, F Liu, S Yang, L Li, Z Feng, ...","A survey of deep learning-based object detection",2019,"IEEE access","ieeexplore.ieee.org","https://ieeexplore.ieee.org/abstract/document/8825470/","https://scholar.google.com/scholar?cites=5669364687087032958&as_sdt=2005&sciodt=2007&hl=en",635,"2025-12-14 08:01:17","","","","",,,,,1794,299.00,256,7,6,"… With the rapid development of deep learning algorithms for detection tasks, the performance of object detectors has been greatly improved. In order to understand the main development …","https://ieeexplore.ieee.org/iel7/6287639/8600701/08825470.pdf","https://scholar.google.com/scholar?q=related:flr3MyWhrU4J:scholar.google.com/&scioq=guitar%7C%22electric+guitar%22+%22artificial+intelligence%22%7C%22machine+learning%22%7C%22deep+learning%22%7C%22audio+analysis%22+feedback%7C%22performance+analysis%22%7Cevaluation%7Cexpressivity&hl=en&as_sdt=2007"
4,"T Zoumpekas, G Molina, M Salamó, ...","Benchmarking deep learning models on point cloud segmentation",2021,"Artificial Intelligence …","ebooks.iospress.nl","https://ebooks.iospress.nl/doi/10.3233/FAIA210152","https://scholar.google.com/scholar?cites=6590785413007753560&as_sdt=2005&sciodt=2007&hl=en",636,"2025-12-14 08:01:17","","10.3233/FAIA210152","","",,,,,4,1.00,1,4,4,"… evaluation … our evaluation process is that the learning-related or system-related metrics if used in isolation do not provide clear instruction to a user on which is the best deep learning …","https://www.academia.edu/download/74932022/FAIA339.pdf#page=351","https://scholar.google.com/scholar?q=related:WEEn5Wksd1sJ:scholar.google.com/&scioq=guitar%7C%22electric+guitar%22+%22artificial+intelligence%22%7C%22machine+learning%22%7C%22deep+learning%22%7C%22audio+analysis%22+feedback%7C%22performance+analysis%22%7Cevaluation%7Cexpressivity&hl=en&as_sdt=2007"
6,"W Zhao, O Jun","Tracking the guitarist's fingers as well as recognizing pressed chords from a video sequence",2016,"Electronic Imaging","library.imaging.org","https://library.imaging.org/ei/articles/28/15/art00010","https://scholar.google.com/scholar?cites=3030577513533464310&as_sdt=2005&sciodt=2007&hl=en",637,"2025-12-14 08:01:17","","","","",,,,,6,0.67,3,2,9,"… The evaluation of guitar fingering consists of several aspects: a. whether the player presses … of tracking guitar neck (the result of Guitar Neck Tracking), first, a machine learning-based …","https://library.imaging.org/admin/apis/public/api/ist/website/downloadArticle/ei/28/15/art00010","https://scholar.google.com/scholar?q=related:9t5yHjHGDioJ:scholar.google.com/&scioq=guitar%7C%22electric+guitar%22+%22artificial+intelligence%22%7C%22machine+learning%22%7C%22deep+learning%22%7C%22audio+analysis%22+feedback%7C%22performance+analysis%22%7Cevaluation%7Cexpressivity&hl=en&as_sdt=2007"
34,"SA Sheikh, M Sahidullah, F Hirsch, ...","Advancing stuttering detection via data augmentation, class-balanced loss and multi-contextual deep learning",2023,"IEEE Journal of …","ieeexplore.ieee.org","https://ieeexplore.ieee.org/abstract/document/10050738/","https://scholar.google.com/scholar?cites=15276724839939710899&as_sdt=2005&sciodt=2007&hl=en",638,"2025-12-14 08:01:17","","","","",,,,,34,17.00,9,4,2,"… Furthermore, we apply data augmentation in cross corpora evaluation, and we found that it boosts the detection performance of all the classes, which results in an improvement of 13.23…","https://arxiv.org/pdf/2302.11343","https://scholar.google.com/scholar?q=related:sx_-Z03UAdQJ:scholar.google.com/&scioq=guitar%7C%22electric+guitar%22+%22artificial+intelligence%22%7C%22machine+learning%22%7C%22deep+learning%22%7C%22audio+analysis%22+feedback%7C%22performance+analysis%22%7Cevaluation%7Cexpressivity&hl=en&as_sdt=2007"
11,"DA Dahl","Natural Language Understanding with Python: Combine natural language technology, deep learning, and large language models to create human-like …",2023,"","books.google.com","https://books.google.com/books?hl=en&lr=&id=ErjHEAAAQBAJ&oi=fnd&pg=PP1&dq=guitar%7C%22electric+guitar%22+%22artificial+intelligence%22%7C%22machine+learning%22%7C%22deep+learning%22%7C%22audio+analysis%22+feedback%7C%22performance+analysis%22%7Cevaluation%7Cexpressivity&ots=K4gn79GmpH&sig=X73sn-luQ_O0QMRW5YTOxUw0Ifk","https://scholar.google.com/scholar?cites=12882425411323188909&as_sdt=2005&sciodt=2007&hl=en",639,"2025-12-14 08:01:17","BOOK","","","",,,,,11,5.50,11,1,2,"… , he is unsuccessfully trying to learn how to play the guitar. … of the more complex machine learning examples would run … Amazon review page for this book and share your feedback. …","","https://scholar.google.com/scholar?q=related:rVZiV6iRx7IJ:scholar.google.com/&scioq=guitar%7C%22electric+guitar%22+%22artificial+intelligence%22%7C%22machine+learning%22%7C%22deep+learning%22%7C%22audio+analysis%22+feedback%7C%22performance+analysis%22%7Cevaluation%7Cexpressivity&hl=en&as_sdt=2007"
70,"K Chen, D Zhuang, JM Chang","Discriminative adversarial domain generalization with meta-learning based cross-domain validation",2022,"Neurocomputing","Elsevier","https://www.sciencedirect.com/science/article/pii/S0925231221014247","https://scholar.google.com/scholar?cites=6562374166149794186&as_sdt=2005&sciodt=2007&hl=en",640,"2025-12-14 08:01:17","","","","",,,,,70,23.33,23,3,3,"… The generalization capability of machine learning models, which … to develop and deploy machine learning applications in the real-… In the experimental evaluation, a comprehensive …","https://arxiv.org/pdf/2011.00444","https://scholar.google.com/scholar?q=related:igmPAIk8ElsJ:scholar.google.com/&scioq=guitar%7C%22electric+guitar%22+%22artificial+intelligence%22%7C%22machine+learning%22%7C%22deep+learning%22%7C%22audio+analysis%22+feedback%7C%22performance+analysis%22%7Cevaluation%7Cexpressivity&hl=en&as_sdt=2007"
44,"L Keuninckx, J Danckaert, G Van der Sande","Real-time audio processing with a cascade of discrete-time delay line-based reservoir computers",2017,"Cognitive Computation","Springer","https://link.springer.com/article/10.1007/s12559-017-9457-5","https://scholar.google.com/scholar?cites=6830364856317704702&as_sdt=2005&sciodt=2007&hl=en",641,"2025-12-14 08:01:17","","10.1007/s12559-017-9457-5","","",,,,,44,5.50,15,3,8,"… topic for the field of machine learning, with many potential … a single nonlinear node with delayed feedback is used to perform … background about distorting guitar amplifiers and methods …","https://www.researchgate.net/profile/Lars-Keuninckx/publication/314278203_Real-time_Audio_Processing_with_a_Cascade_of_Discrete-Time_Delay_Line-Based_Reservoir_Computers/links/5a8d4e2e0f7e9b2285911da9/Real-time-Audio-Processing-with-a-Cascade-of-Discrete-Time-Delay-Line-Based-Reservoir-Computers.pdf","https://scholar.google.com/scholar?q=related:_vkg46VUyl4J:scholar.google.com/&scioq=guitar%7C%22electric+guitar%22+%22artificial+intelligence%22%7C%22machine+learning%22%7C%22deep+learning%22%7C%22audio+analysis%22+feedback%7C%22performance+analysis%22%7Cevaluation%7Cexpressivity&hl=en&as_sdt=2007"
215,"B McFee, EJ Humphrey, JP Bello","A software framework for musical data augmentation.",2015,"ISMIR","archives.ismir.net","https://archives.ismir.net/ismir2015/paper/000228.pdf","https://scholar.google.com/scholar?cites=14487402228478326971&as_sdt=2005&sciodt=2007&hl=en",642,"2025-12-14 08:01:17","PDF","","","",,,,,215,21.50,72,3,10,"… In the broader context of large-scale machine learning, the concept of “data augmentation” — … Note that with data augmentation, the evaluation set is left untouched by the experimenter, …","https://archives.ismir.net/ismir2015/paper/000228.pdf","https://scholar.google.com/scholar?q=related:uzinupGXDckJ:scholar.google.com/&scioq=guitar%7C%22electric+guitar%22+%22artificial+intelligence%22%7C%22machine+learning%22%7C%22deep+learning%22%7C%22audio+analysis%22+feedback%7C%22performance+analysis%22%7Cevaluation%7Cexpressivity&hl=en&as_sdt=2007"
5,"J Murphy, A Kapur, DA Carnegie","Swivel: Analysis and systems overview of a new robotic guitar",2013,"ICMC","academia.edu","https://www.academia.edu/download/105782018/swivel-analysis-and-systems-overview-of-a-new-robotic-guitar.pdf","https://scholar.google.com/scholar?cites=6910531841514758926&as_sdt=2005&sciodt=2007&hl=en",643,"2025-12-14 08:01:17","PDF","","","",,,,,5,0.42,2,3,12,"… of musical expressivity to robotic slide guitars: Swivel, a new robotic slide guitar, was designed with the intention of providing each of its subsystems with greater degrees of expressivity …","https://www.academia.edu/download/105782018/swivel-analysis-and-systems-overview-of-a-new-robotic-guitar.pdf","https://scholar.google.com/scholar?q=related:DmODphgk518J:scholar.google.com/&scioq=guitar%7C%22electric+guitar%22+%22artificial+intelligence%22%7C%22machine+learning%22%7C%22deep+learning%22%7C%22audio+analysis%22+feedback%7C%22performance+analysis%22%7Cevaluation%7Cexpressivity&hl=en&as_sdt=2007"
27,"SMA Akber, SN Kazmi, SM Mohsin, A Szczęsna","Deep learning-based motion style transfer tools, techniques and future challenges",2023,"Sensors","mdpi.com","https://www.mdpi.com/1424-8220/23/5/2597","https://scholar.google.com/scholar?cites=13946559696701388677&as_sdt=2005&sciodt=2007&hl=en",644,"2025-12-14 08:01:17","HTML","","","",,,,,27,13.50,7,4,2,"… The popularity of deep learning (DL) algorithms reshapes motion style transfer approaches, … the runtime as the baseline for the evaluation. The evaluation concluded that Holden et al.’s […","https://www.mdpi.com/1424-8220/23/5/2597","https://scholar.google.com/scholar?q=related:hXeq8CYijMEJ:scholar.google.com/&scioq=guitar%7C%22electric+guitar%22+%22artificial+intelligence%22%7C%22machine+learning%22%7C%22deep+learning%22%7C%22audio+analysis%22+feedback%7C%22performance+analysis%22%7Cevaluation%7Cexpressivity&hl=en&as_sdt=2007"
338,"J Sauder, B Sievers","Self-supervised deep learning on point clouds by reconstructing space",2019,"Advances in neural information …","proceedings.neurips.cc","https://proceedings.neurips.cc/paper_files/paper/2019/hash/993edc98ca87f7e08494eec37fa836f7-Abstract.html","https://scholar.google.com/scholar?cites=18025256158749801874&as_sdt=2005&sciodt=2007&hl=en",645,"2025-12-14 08:01:17","","","","",,,,,338,56.33,169,2,6,"… We propose a self-supervised learning task for deep learning on raw point cloud data in which a neural network is trained to reconstruct point clouds whose parts have been randomly …","https://proceedings.neurips.cc/paper_files/paper/2019/file/993edc98ca87f7e08494eec37fa836f7-Paper.pdf","https://scholar.google.com/scholar?q=related:kj20d_mSJvoJ:scholar.google.com/&scioq=guitar%7C%22electric+guitar%22+%22artificial+intelligence%22%7C%22machine+learning%22%7C%22deep+learning%22%7C%22audio+analysis%22+feedback%7C%22performance+analysis%22%7Cevaluation%7Cexpressivity&hl=en&as_sdt=2007"
7,"T Bolton, J Bass, T Gaber, T Mansouri","Comparing object recognition models and studying hyperparameter selection for the detection of bolts",2023,"International Conference on …","Springer","https://link.springer.com/chapter/10.1007/978-3-031-35320-8_13","https://scholar.google.com/scholar?cites=11261355352874064037&as_sdt=2005&sciodt=2007&hl=en",646,"2025-12-14 08:01:17","","10.1007/978-3-031-35320-8_13","","",,,,,7,3.50,2,4,2,"… In this study, we make use of several contemporary machine learning-… through playing the guitar. The person who plays the … mean average precision values of each evaluation noted. …","","https://scholar.google.com/scholar?q=related:pZiAOQdfSJwJ:scholar.google.com/&scioq=guitar%7C%22electric+guitar%22+%22artificial+intelligence%22%7C%22machine+learning%22%7C%22deep+learning%22%7C%22audio+analysis%22+feedback%7C%22performance+analysis%22%7Cevaluation%7Cexpressivity&hl=en&as_sdt=2007"
31,"G Cimolino, TCN Graham","Two heads are better than one: A dimension space for unifying human and artificial intelligence in shared control",2022,"Proceedings of the 2022 CHI Conference on …","dl.acm.org","https://dl.acm.org/doi/abs/10.1145/3491102.3517610","https://scholar.google.com/scholar?cites=5150492832762718518&as_sdt=2005&sciodt=2007&hl=en",647,"2025-12-14 08:01:17","","10.1145/3491102.3517610","","",,,,,31,10.33,16,2,3,"… the reduced kinaesthetic feedback surgeons experience during … Acrobot, which uses force feedback to prevent surgeons from … Air Guitar (C2) helps humans to strum an imaginary guitar …","https://equis.cs.queensu.ca/~equis/pubs/2022/cimolino-chi-22.pdf","https://scholar.google.com/scholar?q=related:NmkEY_E5ekcJ:scholar.google.com/&scioq=guitar%7C%22electric+guitar%22+%22artificial+intelligence%22%7C%22machine+learning%22%7C%22deep+learning%22%7C%22audio+analysis%22+feedback%7C%22performance+analysis%22%7Cevaluation%7Cexpressivity&hl=en&as_sdt=2007"
13,"B de Souza Jeronimo, ...","Comparing social robot embodiment for child musical education",2022,"Journal of Intelligent & …","Springer","https://link.springer.com/article/10.1007/s10846-022-01604-5","https://scholar.google.com/scholar?cites=2572388590479696290&as_sdt=2005&sciodt=2007&hl=en",648,"2025-12-14 08:01:17","","10.1007/s10846-022-01604-5","","",,,,,13,4.33,7,2,3,"… Guitar Tuner consists of two main functionalities: tuning process and performance evaluation… Interactive and Artificial Intelligence (AI) technologies can enhance those functionalities and …","https://link.springer.com/content/pdf/10.1007/s10846-022-01604-5.pdf","https://scholar.google.com/scholar?q=related:omHPP8v1siMJ:scholar.google.com/&scioq=guitar%7C%22electric+guitar%22+%22artificial+intelligence%22%7C%22machine+learning%22%7C%22deep+learning%22%7C%22audio+analysis%22+feedback%7C%22performance+analysis%22%7Cevaluation%7Cexpressivity&hl=en&as_sdt=2007"
69,"L Su, CCM Yeh, JY Liu, JC Wang, ...","A systematic evaluation of the bag-of-frames representation for music information retrieval",2014,"IEEE Transactions on …","ieeexplore.ieee.org","https://ieeexplore.ieee.org/abstract/document/6763025/","https://scholar.google.com/scholar?cites=14615604397549351266&as_sdt=2005&sciodt=2007&hl=en",649,"2025-12-14 08:01:17","","","","",,,,,69,6.27,14,5,11,"… Audio events local in time (eg, guitar solo or riffs) can be represented by different codewords … training clips, after which machine learning algorithms such as SVM are employed to train a …","https://mcyeh.github.io/paper/2014_tmm_systematic_evaluation_bof.pdf","https://scholar.google.com/scholar?q=related:YvGQRcMO1coJ:scholar.google.com/&scioq=guitar%7C%22electric+guitar%22+%22artificial+intelligence%22%7C%22machine+learning%22%7C%22deep+learning%22%7C%22audio+analysis%22+feedback%7C%22performance+analysis%22%7Cevaluation%7Cexpressivity&hl=en&as_sdt=2007"
2,"D Kuznetsov","Text Generation with Gan Networks Using Feedback Score",2023,"International Conference on Soft Computing, Data …","ijcionline.com","https://www.ijcionline.com/paper/12/12323ijci01.pdf","https://scholar.google.com/scholar?cites=18008092582497430593&as_sdt=2005&sciodt=2007&hl=en",650,"2025-12-14 08:01:17","PDF","","","",,,,,2,1.00,2,1,2,"… Applying machine learning techniques for AI-driven systems requires re-designing neural … i like to use just a touch of phase to make my guitar growl and this does the job nicely ! cant …","https://www.ijcionline.com/paper/12/12323ijci01.pdf","https://scholar.google.com/scholar?q=related:QSwb9sqY6fkJ:scholar.google.com/&scioq=guitar%7C%22electric+guitar%22+%22artificial+intelligence%22%7C%22machine+learning%22%7C%22deep+learning%22%7C%22audio+analysis%22+feedback%7C%22performance+analysis%22%7Cevaluation%7Cexpressivity&hl=en&as_sdt=2007"
3,"K Yoshimoto, H Kuroda, D Kitahara, ...","Deep neural network modeling of distortion stomp box using spectral features",2020,"2020 Asia-Pacific …","ieeexplore.ieee.org","https://ieeexplore.ieee.org/abstract/document/9306326/","https://scholar.google.com/scholar?cites=22405931382555432&as_sdt=2005&sciodt=2007&hl=en",651,"2025-12-14 08:01:17","","","","",,,,,3,0.60,1,4,5,"… Instead, these methods exploit deep learning. Since guitar sounds are temporal sequences, … IV, we adopt the generalized KL divergence for evaluation of the spectrograms, because it …","http://www.apsipa.org/proceedings/2020/pdfs/0000339.pdf","https://scholar.google.com/scholar?q=related:KEPrbBOaTwAJ:scholar.google.com/&scioq=guitar%7C%22electric+guitar%22+%22artificial+intelligence%22%7C%22machine+learning%22%7C%22deep+learning%22%7C%22audio+analysis%22+feedback%7C%22performance+analysis%22%7Cevaluation%7Cexpressivity&hl=en&as_sdt=2007"
35,"Y Han, K Lee","Hierarchical Approach to Detect Common Mistakes of Beginner Flute Players.",2014,"ISMIR","researchgate.net","https://www.researchgate.net/profile/Yoonchang-Han/publication/303287825_HIERARCHICAL_APPROACH_TO_DETECT_COMMON_MISTAKES_OF_BEGINNER_FLUTE_PLAYERS/links/573b231208ae9ace840e9e53/HIERARCHICAL-APPROACH-TO-DETECT-COMMON-MISTAKES-OF-BEGINNER-FLUTE-PLAYERS.pdf","https://scholar.google.com/scholar?cites=9498212487931672321&as_sdt=2005&sciodt=2007&hl=en",652,"2025-12-14 08:01:17","PDF","","","",,,,,35,3.18,18,2,11,"… deterministic signal processing and deep learning, to quantify … designed for guitar in [1] outperforms the non-guitar-specific … and userbehavior-oriented feedback is highly important for …","https://www.researchgate.net/profile/Yoonchang-Han/publication/303287825_HIERARCHICAL_APPROACH_TO_DETECT_COMMON_MISTAKES_OF_BEGINNER_FLUTE_PLAYERS/links/573b231208ae9ace840e9e53/HIERARCHICAL-APPROACH-TO-DETECT-COMMON-MISTAKES-OF-BEGINNER-FLUTE-PLAYERS.pdf","https://scholar.google.com/scholar?q=related:AbdYIO9t0IMJ:scholar.google.com/&scioq=guitar%7C%22electric+guitar%22+%22artificial+intelligence%22%7C%22machine+learning%22%7C%22deep+learning%22%7C%22audio+analysis%22+feedback%7C%22performance+analysis%22%7Cevaluation%7Cexpressivity&hl=en&as_sdt=2007"
26,"M Rahme, P Folkeard, S Scollie","Evaluating the accuracy of step tracking and fall detection in the Starkey Livio artificial intelligence hearing aids: a pilot study",2021,"American journal of audiology","pubs.asha.org","https://pubs.asha.org/doi/abs/10.1044/2020_AJA-20-00105","https://scholar.google.com/scholar?cites=14339288377811989096&as_sdt=2005&sciodt=2007&hl=en",653,"2025-12-14 08:01:17","","10.1044/2020_AJA-20-00105","","",,,,,26,6.50,9,3,4,"Purpose The primary purpose of this study was to examine the efficacy and the effectiveness of Starkey Livio Artificial Intelligence hearing aids in tracking step count. A secondary …","","https://scholar.google.com/scholar?q=related:aPJei85i_8YJ:scholar.google.com/&scioq=guitar%7C%22electric+guitar%22+%22artificial+intelligence%22%7C%22machine+learning%22%7C%22deep+learning%22%7C%22audio+analysis%22+feedback%7C%22performance+analysis%22%7Cevaluation%7Cexpressivity&hl=en&as_sdt=2007"
530,"T Le, Y Duan","Pointgrid: A deep network for 3d shape understanding",2018,"Proceedings of the IEEE conference on …","openaccess.thecvf.com","http://openaccess.thecvf.com/content_cvpr_2018/html/Le_PointGrid_A_Deep_CVPR_2018_paper.html","https://scholar.google.com/scholar?cites=5793294535318142928&as_sdt=2005&sciodt=2007&hl=en",654,"2025-12-14 08:01:17","","","","",,,,,530,75.71,265,2,7,"… Table 4 numerically compares the segmentation performance of our PointGrid against other deep learning approaches. Evaluation metric is per-category and mean IoU on points. In the …","https://openaccess.thecvf.com/content_cvpr_2018/papers/Le_PointGrid_A_Deep_CVPR_2018_paper.pdf","https://scholar.google.com/scholar?q=related:0H_ZiK_qZVAJ:scholar.google.com/&scioq=guitar%7C%22electric+guitar%22+%22artificial+intelligence%22%7C%22machine+learning%22%7C%22deep+learning%22%7C%22audio+analysis%22+feedback%7C%22performance+analysis%22%7Cevaluation%7Cexpressivity&hl=en&as_sdt=2007"
7,"V Koshy, F Choi, YS Chiang, H Sundaram, ...","Venire: A Machine Learning-Guided Panel Review System for Community Content Moderation",2025,"Proceedings of the …","dl.acm.org","https://dl.acm.org/doi/abs/10.1145/3757699","https://scholar.google.com/scholar?cites=3581643202754100374&as_sdt=2005&sciodt=2007&hl=en",655,"2025-12-14 08:01:17","","10.1145/3757699","","",,,,,7,7.00,1,5,1,"… feedback from our initial interviews, we implemented the strict voting mock-up. We made a few updates to the interface based on lower-level feedback … playing the guitar and piano on …","https://dl.acm.org/doi/pdf/10.1145/3757699","https://scholar.google.com/scholar?q=related:lrxZPISNtDEJ:scholar.google.com/&scioq=guitar%7C%22electric+guitar%22+%22artificial+intelligence%22%7C%22machine+learning%22%7C%22deep+learning%22%7C%22audio+analysis%22+feedback%7C%22performance+analysis%22%7Cevaluation%7Cexpressivity&hl=en&as_sdt=2007"
8,"K Kão, M Niitsoo","Matchmysound: Introducing feedback to online music education",2014,"International Conference on Web-Based Learning","Springer","https://link.springer.com/chapter/10.1007/978-3-319-13296-9_24","https://scholar.google.com/scholar?cites=8097180100799600071&as_sdt=2005&sciodt=2007&hl=en",656,"2025-12-14 08:01:17","","10.1007/978-3-319-13296-9_24","","",,,,,8,0.73,4,2,11,"… study materials that will provide immediate feedback on student’s playing by … feedback produced by the system, its scoring is compared to two conservatory level teachers on 216 guitar …","","https://scholar.google.com/scholar?q=related:x5WFpmb2XnAJ:scholar.google.com/&scioq=guitar%7C%22electric+guitar%22+%22artificial+intelligence%22%7C%22machine+learning%22%7C%22deep+learning%22%7C%22audio+analysis%22+feedback%7C%22performance+analysis%22%7Cevaluation%7Cexpressivity&hl=en&as_sdt=2007"
110,"G Peeters, H Papadopoulos","Simultaneous beat and downbeat-tracking using a probabilistic framework: Theory and large-scale evaluation",2010,"IEEE Transactions on Audio …","ieeexplore.ieee.org","https://ieeexplore.ieee.org/abstract/document/5664773/","https://scholar.google.com/scholar?cites=12292352482155966992&as_sdt=2005&sciodt=2007&hl=en",657,"2025-12-14 08:01:17","","","","",,,,,110,7.33,55,2,15,"… For this task, we propose the use of a machine-learning method, … We then perform a large-scale evaluation of beat and … (in the example of Figure 10 the guitar is playing on the counter-…","https://hal.science/hal-00655779/file/PeetersPapadopoulos_BeatDownbeat_IEEE_2010_SansBio.pdf","https://scholar.google.com/scholar?q=related:EDLMcHQ1l6oJ:scholar.google.com/&scioq=guitar%7C%22electric+guitar%22+%22artificial+intelligence%22%7C%22machine+learning%22%7C%22deep+learning%22%7C%22audio+analysis%22+feedback%7C%22performance+analysis%22%7Cevaluation%7Cexpressivity&hl=en&as_sdt=2007"
23,"IC Wei, CW Wu, L Su","Generating Structured Drum Pattern Using Variational Autoencoder and Self-similarity Matrix.",2019,"ISMIR","researchgate.net","https://www.researchgate.net/profile/I-Chieh-Wei/publication/329317191_Online_Music_Performance_Tracking_Using_Parallel_Dynamic_Time_Warping/links/5de08360a6fdcc2837f3e376/Online-Music-Performance-Tracking-Using-Parallel-Dynamic-Time-Warping.pdf","https://scholar.google.com/scholar?cites=10382972421524735196&as_sdt=2005&sciodt=2007&hl=en",658,"2025-12-14 08:01:17","PDF","","","",,,,,23,3.83,8,3,6,"… Both the objective evaluation and the subjective listening test … research field as machine learning techniques continue to … (eg, rhythmic guitar and bass guitar). These particularities …","https://www.researchgate.net/profile/I-Chieh-Wei/publication/329317191_Online_Music_Performance_Tracking_Using_Parallel_Dynamic_Time_Warping/links/5de08360a6fdcc2837f3e376/Online-Music-Performance-Tracking-Using-Parallel-Dynamic-Time-Warping.pdf","https://scholar.google.com/scholar?q=related:3MSo8We6F5AJ:scholar.google.com/&scioq=guitar%7C%22electric+guitar%22+%22artificial+intelligence%22%7C%22machine+learning%22%7C%22deep+learning%22%7C%22audio+analysis%22+feedback%7C%22performance+analysis%22%7Cevaluation%7Cexpressivity&hl=en&as_sdt=2007"
59,"CJ Steinmetz, JD Reiss","Efficient neural networks for real-time modeling of analog dynamic range compression",2021,"arXiv preprint arXiv:2102.06200","arxiv.org","https://arxiv.org/abs/2102.06200","https://scholar.google.com/scholar?cites=16629442390177324766&as_sdt=2005&sciodt=2007&hl=en",659,"2025-12-14 08:01:17","","","","",,,,,59,14.75,30,2,4,"… Deep learning approaches have demonstrated success in … Through a detailed evaluation we demonstrate our efficient … control parameters and was evaluated only with electric guitar …","https://arxiv.org/pdf/2102.06200","https://scholar.google.com/scholar?q=related:3p5XT7-lx-YJ:scholar.google.com/&scioq=guitar%7C%22electric+guitar%22+%22artificial+intelligence%22%7C%22machine+learning%22%7C%22deep+learning%22%7C%22audio+analysis%22+feedback%7C%22performance+analysis%22%7Cevaluation%7Cexpressivity&hl=en&as_sdt=2007"
11,"TK Hua, A Samson","Machine learning and the Turing test: Immediate human-like musicality",2022,"Authorea Preprints","authorea.com","https://www.authorea.com/doi/full/10.22541/au.166792120.02985444","https://scholar.google.com/scholar?cites=17940403941227300297&as_sdt=2005&sciodt=2007&hl=en",660,"2025-12-14 08:01:17","","10.22541/au.166792120.02985444","","",,,,,11,3.67,6,2,3,"… The author personally associates this with guitar solos wherein a guitarist may start playing an instrumental solo, then queues or signals another guitarist to continue the instrumental …","https://www.authorea.com/doi/pdf/10.22541/au.166792120.02985444","https://scholar.google.com/scholar?q=related:yQXfC1Ue-fgJ:scholar.google.com/&scioq=guitar%7C%22electric+guitar%22+%22artificial+intelligence%22%7C%22machine+learning%22%7C%22deep+learning%22%7C%22audio+analysis%22+feedback%7C%22performance+analysis%22%7Cevaluation%7Cexpressivity&hl=en&as_sdt=2007"
6,"N Otani, K Tadokoro, S Kurihara, M Numao","Generation of chord progression using harmony search algorithm for a constructive adaptive user interface",2012,"… on Artificial Intelligence","Springer","https://link.springer.com/chapter/10.1007/978-3-642-32695-0_36","https://scholar.google.com/scholar?cites=1092896323870921143&as_sdt=2005&sciodt=2007&hl=en",661,"2025-12-14 08:01:17","","10.1007/978-3-642-32695-0_36","","",,,,,6,0.46,2,4,13,"… evaluation values for pieces without a melody are low for all the impressions. The evaluation … Similar to the evaluation of impressions, the listeners evaluated the pieces on a scale of 1-5 …","","https://scholar.google.com/scholar?q=related:txGoiGq_Kg8J:scholar.google.com/&scioq=guitar%7C%22electric+guitar%22+%22artificial+intelligence%22%7C%22machine+learning%22%7C%22deep+learning%22%7C%22audio+analysis%22+feedback%7C%22performance+analysis%22%7Cevaluation%7Cexpressivity&hl=en&as_sdt=2007"
4,"N Walkinshaw","Improving automated GUI testing by learning to avoid infeasible tests",2020,"… Conference On Artificial Intelligence Testing …","ieeexplore.ieee.org","https://ieeexplore.ieee.org/abstract/document/9176837/","https://scholar.google.com/scholar?cites=9572203684022690831&as_sdt=2005&sciodt=2007&hl=en",662,"2025-12-14 08:01:17","","","","",,,,,4,0.80,4,1,5,"… • We present an empirical evaluation on five GUI-based Java … greater code coverage than a quasi-random use of GUItar. … Our implementation is tailored to GUItar, but is implemented to …","https://eprints.whiterose.ac.uk/157156/8/AITest_2020_paper_21__2_.pdf","https://scholar.google.com/scholar?q=related:D6Tb74hM14QJ:scholar.google.com/&scioq=guitar%7C%22electric+guitar%22+%22artificial+intelligence%22%7C%22machine+learning%22%7C%22deep+learning%22%7C%22audio+analysis%22+feedback%7C%22performance+analysis%22%7Cevaluation%7Cexpressivity&hl=en&as_sdt=2007"
3,"D Brzeziński","Algorithmic Nostalgia: Longing for the Past in the Age of Artificial Intelligence",2024,"Algorithms, Artificial Intelligence and Beyond","taylorfrancis.com","https://www.taylorfrancis.com/chapters/edit/10.4324/9781032646930-9/algorithmic-nostalgia-dariusz-brzezi%C5%84ski","https://scholar.google.com/scholar?cites=7862633797243821299&as_sdt=2005&sciodt=2007&hl=en",663,"2025-12-14 08:01:17","","10.4324/9781032646930-9/algorithmic-nostalgia-dariusz-brzezi%C5%84ski","","",,,,,3,3.00,3,1,1,"… The feedback loop is well illustrated by the policies of Netflix, whose role in popularising … Lennon’s voice was distilled via the machine learning audio restoration, and the bass, guitar, …","","https://scholar.google.com/scholar?q=related:89yy08evHW0J:scholar.google.com/&scioq=guitar%7C%22electric+guitar%22+%22artificial+intelligence%22%7C%22machine+learning%22%7C%22deep+learning%22%7C%22audio+analysis%22+feedback%7C%22performance+analysis%22%7Cevaluation%7Cexpressivity&hl=en&as_sdt=2007"
195,"D Tsipras, S Santurkar, L Engstrom, ...","From imagenet to image classification: Contextualizing progress on benchmarks",2020,"… Machine Learning","proceedings.mlr.press","http://proceedings.mlr.press/v119/tsipras20a.html","https://scholar.google.com/scholar?cites=17622651192510371827&as_sdt=2005&sciodt=2007&hl=en",664,"2025-12-14 08:01:17","","","","",,,,,195,39.00,49,4,5,"… Building rich machine learning datasets in a scalable manner often necessitates a crowd-… our current model training and evaluation toolkit to take such misalignments into account. …","http://proceedings.mlr.press/v119/tsipras20a/tsipras20a.pdf","https://scholar.google.com/scholar?q=related:89cxCuQ7kPQJ:scholar.google.com/&scioq=guitar%7C%22electric+guitar%22+%22artificial+intelligence%22%7C%22machine+learning%22%7C%22deep+learning%22%7C%22audio+analysis%22+feedback%7C%22performance+analysis%22%7Cevaluation%7Cexpressivity&hl=en&as_sdt=2007"
688,"H Zhao, C Gan, A Rouditchenko, ...","The sound of pixels",2018,"Proceedings of the …","openaccess.thecvf.com","http://openaccess.thecvf.com/content_ECCV_2018/html/Hang_Zhao_The_Sound_of_ECCV_2018_paper.html","https://scholar.google.com/scholar?cites=16573291022087752566&as_sdt=2005&sciodt=2007&hl=en",665,"2025-12-14 08:01:17","","","","",,,,,688,98.29,172,4,7,"… duets, while there are many videos of guitar and violin duets. … We set the learning rate of the audio analysis network and … For the sound separation evaluation, we used a subset of the …","http://openaccess.thecvf.com/content_ECCV_2018/papers/Hang_Zhao_The_Sound_of_ECCV_2018_paper.pdf","https://scholar.google.com/scholar?q=related:dgu2ImAoAOYJ:scholar.google.com/&scioq=guitar%7C%22electric+guitar%22+%22artificial+intelligence%22%7C%22machine+learning%22%7C%22deep+learning%22%7C%22audio+analysis%22+feedback%7C%22performance+analysis%22%7Cevaluation%7Cexpressivity&hl=en&as_sdt=2007"
18,"Y Wu, Y He, X Liu, Y Wang, ...","Transplayer: Timbre style transfer with flexible timbre control",2023,"ICASSP 2023-2023 …","ieeexplore.ieee.org","https://ieeexplore.ieee.org/abstract/document/10096233/","https://scholar.google.com/scholar?cites=10053668873220291277&as_sdt=2005&sciodt=2007&hl=en",666,"2025-12-14 08:01:17","","","","",,,,,18,9.00,4,5,2,"… Many previous deep learning models explored various aspects … We consider the task of timbre transfer between piano and guitar… For an objective evaluation, we employed an instrument …","https://www.cs.cmu.edu/~rbd/papers/transplayer2023.pdf","https://scholar.google.com/scholar?q=related:zXqy1ZLOhYsJ:scholar.google.com/&scioq=guitar%7C%22electric+guitar%22+%22artificial+intelligence%22%7C%22machine+learning%22%7C%22deep+learning%22%7C%22audio+analysis%22+feedback%7C%22performance+analysis%22%7Cevaluation%7Cexpressivity&hl=en&as_sdt=2007"
2,"A Barahona-Ríos","Deep Learning for the Synthesis of Sound Effects",2023,"","etheses.whiterose.ac.uk","https://etheses.whiterose.ac.uk/id/eprint/34929/","https://scholar.google.com/scholar?cites=12738083549905131002&as_sdt=2005&sciodt=2007&hl=en",667,"2025-12-14 08:01:17","","","","",,,,,2,1.00,2,1,2,"… of DSP systems, generative deep learning architectures, and a … is focused on the evaluation and development of algorithms for … The main aims of this thesis are the evaluation of classic …","https://etheses.whiterose.ac.uk/id/eprint/34929/1/Barahona_Rios_Thesis.pdf","https://scholar.google.com/scholar?q=related:-pVX13_DxrAJ:scholar.google.com/&scioq=guitar%7C%22electric+guitar%22+%22artificial+intelligence%22%7C%22machine+learning%22%7C%22deep+learning%22%7C%22audio+analysis%22+feedback%7C%22performance+analysis%22%7Cevaluation%7Cexpressivity&hl=en&as_sdt=2007"
5,"V Shah, A Tandle, N Sharma, ...","Genre based music classification using machine learning and convolutional neural networks",2021,"2021 12th International …","ieeexplore.ieee.org","https://ieeexplore.ieee.org/abstract/document/9579597/","https://scholar.google.com/scholar?cites=6183761514080999475&as_sdt=2005&sciodt=2007&hl=en",668,"2025-12-14 08:01:17","","","","",,,,,5,1.25,1,4,4,"… machine learning algorithms features were extracted in both time domain and frequency domain. For model evaluation… The guitar roots of rock is a derivative of amalgamation of country …","","https://scholar.google.com/scholar?q=related:M5iHhlUi0VUJ:scholar.google.com/&scioq=guitar%7C%22electric+guitar%22+%22artificial+intelligence%22%7C%22machine+learning%22%7C%22deep+learning%22%7C%22audio+analysis%22+feedback%7C%22performance+analysis%22%7Cevaluation%7Cexpressivity&hl=en&as_sdt=2007"
1308,"CLA Clarke, M Kolla, GV Cormack, ...","Novelty and diversity in information retrieval evaluation",2008,"Proceedings of the 31st …","dl.acm.org","https://dl.acm.org/doi/abs/10.1145/1390334.1390446","https://scholar.google.com/scholar?cites=8739175343371778819&as_sdt=2005&sciodt=2007&hl=en",669,"2025-12-14 08:01:17","","10.1145/1390334.1390446","","",,,,,1308,76.94,327,4,17,"… , the cats, and the classic Fender guitar. Taken together, these documents should provide a … While many machine learning techniques do not directly optimize an evaluation measure, it …","https://plg.uwaterloo.ca/~gvcormac/novelty.pdf","https://scholar.google.com/scholar?q=related:A_uGM6zJR3kJ:scholar.google.com/&scioq=guitar%7C%22electric+guitar%22+%22artificial+intelligence%22%7C%22machine+learning%22%7C%22deep+learning%22%7C%22audio+analysis%22+feedback%7C%22performance+analysis%22%7Cevaluation%7Cexpressivity&hl=en&as_sdt=2007"
6,"B Yu, G Nagae, Y Midorikawa, K Tatsuno, ...","m6ATM: a deep learning framework for demystifying the m6A epitranscriptome with Nanopore long-read RNA-seq data",2024,"Briefings in …","academic.oup.com","https://academic.oup.com/bib/article-abstract/25/6/bbae529/7831252","https://scholar.google.com/scholar?cites=11076077549617191013&as_sdt=2005&sciodt=2007&hl=en",670,"2025-12-14 08:01:17","","","","",,,,,6,6.00,1,5,1,"… The low MINES score may be due to its initial design for only four DRACH motifs; however, we expanded its evaluation to include all 18 DRACH motifs to ensure fairness in comparison. …","https://academic.oup.com/bib/article/25/6/bbae529/7831252","https://scholar.google.com/scholar?q=related:ZZicCdkhtpkJ:scholar.google.com/&scioq=guitar%7C%22electric+guitar%22+%22artificial+intelligence%22%7C%22machine+learning%22%7C%22deep+learning%22%7C%22audio+analysis%22+feedback%7C%22performance+analysis%22%7Cevaluation%7Cexpressivity&hl=en&as_sdt=2007"
15,"VS Kone, A Anagal, S Anegundi, ...","Voice-based gender and age recognition system",2023,"… on advancement in …","ieeexplore.ieee.org","https://ieeexplore.ieee.org/abstract/document/10141801/","https://scholar.google.com/scholar?cites=8515193248516664449&as_sdt=2005&sciodt=2007&hl=en",671,"2025-12-14 08:01:17","","","","",,,,,15,7.50,4,4,2,"… Machine Learning based gender and age detection model using voice. The various approaches used to extract features from speech, and the data-set used for model evaluation … guitar, …","https://www.researchgate.net/profile/Vinayak-Kone/publication/371445307_Voice-based_Gender_and_Age_Recognition_System/links/64bfc395b9ed6874a54496c4/Voice-based-Gender-and-Age-Recognition-System.pdf","https://scholar.google.com/scholar?q=related:geyj4yQLLHYJ:scholar.google.com/&scioq=guitar%7C%22electric+guitar%22+%22artificial+intelligence%22%7C%22machine+learning%22%7C%22deep+learning%22%7C%22audio+analysis%22+feedback%7C%22performance+analysis%22%7Cevaluation%7Cexpressivity&hl=en&as_sdt=2007"
8,"F Asci, L Marsili, A Suppa, G Saggio, E Michetti, ...","Acoustic analysis in stuttering: a machine-learning study",2023,"Frontiers in …","frontiersin.org","https://www.frontiersin.org/articles/10.3389/fneur.2023.1169707/full","https://scholar.google.com/scholar?cites=14607805587472940543&as_sdt=2005&sciodt=2007&hl=en",672,"2025-12-14 08:01:17","HTML","10.3389/fneur.2023.1169707","","",,,,,8,4.00,1,6,2,"… evaluation and assessment of dysfluencies in PWS, at different ages of life. More recently, artificial intelligence … Finally, we aimed to assess the usefulness of machine learning analysis …","https://www.frontiersin.org/articles/10.3389/fneur.2023.1169707/full","https://scholar.google.com/scholar?q=related:_31KTclZucoJ:scholar.google.com/&scioq=guitar%7C%22electric+guitar%22+%22artificial+intelligence%22%7C%22machine+learning%22%7C%22deep+learning%22%7C%22audio+analysis%22+feedback%7C%22performance+analysis%22%7Cevaluation%7Cexpressivity&hl=en&as_sdt=2007"
18,"X Li, K Wang, J Soraghan, J Ren","Fusion of Hilbert-Huang transform and deep convolutional neural network for predominant musical instruments recognition",2020,"… Intelligence in Music, Sound, Art and …","Springer","https://link.springer.com/chapter/10.1007/978-3-030-43859-3_6","https://scholar.google.com/scholar?cites=13176774823867825355&as_sdt=2005&sciodt=2007&hl=en",673,"2025-12-14 08:01:17","","10.1007/978-3-030-43859-3_6","","",,,,,18,3.60,5,4,5,"… But with a better structure of deep learning network, our … the IRMAS dataset, and objective evaluation has shown that the … that the image-based deep learning method has good potential …","","https://scholar.google.com/scholar?q=related:y7zzheNO3bYJ:scholar.google.com/&scioq=guitar%7C%22electric+guitar%22+%22artificial+intelligence%22%7C%22machine+learning%22%7C%22deep+learning%22%7C%22audio+analysis%22+feedback%7C%22performance+analysis%22%7Cevaluation%7Cexpressivity&hl=en&as_sdt=2007"
1,"R Kaur, DV Sharma","Human Action Recognition using an Ensemble Deep Learning Model for Video",2023,"Journal of Harbin Engineering University","academia.edu","https://www.academia.edu/download/121283236/Human_Action_Recognition_using_an_Ensemble_Deep_Learning_Model_for_Video_Datasets.pdf","https://scholar.google.com/scholar?cites=4310585674958112582&as_sdt=2005&sciodt=2007&hl=en",674,"2025-12-14 08:01:17","PDF","","","",,,,,1,0.50,1,2,2,"… While this paper provided a strong foundation, further evaluation using a variety of datasets would be beneficial to ensure the system's broader applicability. The results of this work …","https://www.academia.edu/download/121283236/Human_Action_Recognition_using_an_Ensemble_Deep_Learning_Model_for_Video_Datasets.pdf","https://scholar.google.com/scholar?q=related:RgfEOdVG0jsJ:scholar.google.com/&scioq=guitar%7C%22electric+guitar%22+%22artificial+intelligence%22%7C%22machine+learning%22%7C%22deep+learning%22%7C%22audio+analysis%22+feedback%7C%22performance+analysis%22%7Cevaluation%7Cexpressivity&hl=en&as_sdt=2007"
291,"T Serre","Deep learning: the good, the bad, and the ugly",2019,"Annual review of vision science","annualreviews.org","https://www.annualreviews.org/content/journals/10.1146/annurev-vision-091718-014951","https://scholar.google.com/scholar?cites=7291986315240750632&as_sdt=2005&sciodt=2007&hl=en",675,"2025-12-14 08:01:17","","10.1146/annurev-vision-091718-014951","","",,,,,291,48.50,291,1,6,"… Recent developments in a branch of machine learning known as deep learning have … The goal of this review is to provide a comprehensive overview of recent deep learning …","http://klab.tch.harvard.edu/academia/classes/BAI/pdfs/gk7717.pdf","https://scholar.google.com/scholar?q=related:KD7vSutWMmUJ:scholar.google.com/&scioq=guitar%7C%22electric+guitar%22+%22artificial+intelligence%22%7C%22machine+learning%22%7C%22deep+learning%22%7C%22audio+analysis%22+feedback%7C%22performance+analysis%22%7Cevaluation%7Cexpressivity&hl=en&as_sdt=2007"
26,"T Dunning, BE Friedman","Practical Machine Learning: innovations in recommendation",2014,"","books.google.com","https://books.google.com/books?hl=en&lr=&id=UDl9BAAAQBAJ&oi=fnd&pg=PR2&dq=guitar%7C%22electric+guitar%22+%22artificial+intelligence%22%7C%22machine+learning%22%7C%22deep+learning%22%7C%22audio+analysis%22+feedback%7C%22performance+analysis%22%7Cevaluation%7Cexpressivity&ots=92JaDEQ_pn&sig=mCtjEHwjiJuZiqoFcFgbJTWfWm4","https://scholar.google.com/scholar?cites=3961290885968197979&as_sdt=2005&sciodt=2007&hl=en",676,"2025-12-14 08:01:17","BOOK","","","",,,,,26,2.36,13,2,11,"… any machine-learning system, success depends in part on repeated cycles of testing, evaluation, … When he's not doing data science, he plays guitar and mandolin. Ted is on Twitter at @…","","https://scholar.google.com/scholar?q=related:W3kgrhJV-TYJ:scholar.google.com/&scioq=guitar%7C%22electric+guitar%22+%22artificial+intelligence%22%7C%22machine+learning%22%7C%22deep+learning%22%7C%22audio+analysis%22+feedback%7C%22performance+analysis%22%7Cevaluation%7Cexpressivity&hl=en&as_sdt=2007"
2882,"A Barredo Arrieta, S Tabik, S García López, ...","Explainable Artificial Intelligence (XAI): Concepts, taxonomies, opportunities and challenges toward responsible AI",2019,"","digibug.ugr.es","https://digibug.ugr.es/handle/10481/77982","https://scholar.google.com/scholar?cites=4287471828168663210&as_sdt=2005&sciodt=2007&hl=en",677,"2025-12-14 08:01:17","","","","",,,,,2882,480.33,721,4,6,"… in Machine Learning, establishing a novel definition of explainable Machine Learning that … Given its difficult quantification, comprehensibility is normally tied to the evaluation of the …","https://digibug.ugr.es/bitstream/handle/10481/77982/24.%20main.pdf?sequence=1&isAllowed=y","https://scholar.google.com/scholar?q=related:quB8ZukogDsJ:scholar.google.com/&scioq=guitar%7C%22electric+guitar%22+%22artificial+intelligence%22%7C%22machine+learning%22%7C%22deep+learning%22%7C%22audio+analysis%22+feedback%7C%22performance+analysis%22%7Cevaluation%7Cexpressivity&hl=en&as_sdt=2007"
44,"X Liu, C Aldrich","Deep learning approaches to image texture analysis in material processing",2022,"Metals","mdpi.com","https://www.mdpi.com/2075-4701/12/2/355","https://scholar.google.com/scholar?cites=1488327093720763736&as_sdt=2005&sciodt=2007&hl=en",678,"2025-12-14 08:01:17","HTML","","","",,,,,44,14.67,22,2,3,"… The texton algorithm performed better than the LBP and GLCM algorithms and similar to the deep learning approaches when these were used directly, without any retraining. Partial or …","https://www.mdpi.com/2075-4701/12/2/355","https://scholar.google.com/scholar?q=related:WM3QMpuZpxQJ:scholar.google.com/&scioq=guitar%7C%22electric+guitar%22+%22artificial+intelligence%22%7C%22machine+learning%22%7C%22deep+learning%22%7C%22audio+analysis%22+feedback%7C%22performance+analysis%22%7Cevaluation%7Cexpressivity&hl=en&as_sdt=2007"
9,"A Lee, K King, D Gračanin, M Azab","Experiential learning through immersive XR: cybersecurity education for critical infrastructures",2024,"International Conference on Human …","Springer","https://link.springer.com/chapter/10.1007/978-3-031-61382-1_4","https://scholar.google.com/scholar?cites=6903651784125407361&as_sdt=2005&sciodt=2007&hl=en",679,"2025-12-14 08:01:17","","10.1007/978-3-031-61382-1_4","","",,,,,9,9.00,2,4,1,"… testbed that seamlessly integrates Artificial Intelligence (AI) and … (AI) was not used to provide real-time feedback to help the … Instead, we could use AI and train the model with a guitar-…","","https://scholar.google.com/scholar?q=related:gWDJdbiyzl8J:scholar.google.com/&scioq=guitar%7C%22electric+guitar%22+%22artificial+intelligence%22%7C%22machine+learning%22%7C%22deep+learning%22%7C%22audio+analysis%22+feedback%7C%22performance+analysis%22%7Cevaluation%7Cexpressivity&hl=en&as_sdt=2007"
10,"P Cellier, K Driessens","Machine Learning and Knowledge Discovery in Databases: International Workshops of ECML PKDD 2019, Würzburg, Germany, September 16–20, 2019 …",2020,"","books.google.com","https://books.google.com/books?hl=en&lr=&id=KYPZDwAAQBAJ&oi=fnd&pg=PR5&dq=guitar%7C%22electric+guitar%22+%22artificial+intelligence%22%7C%22machine+learning%22%7C%22deep+learning%22%7C%22audio+analysis%22+feedback%7C%22performance+analysis%22%7Cevaluation%7Cexpressivity&ots=WTLTX90Qb_&sig=RJ4QaVxjVJu7z4G8ngq-cjP_4hA","https://scholar.google.com/scholar?cites=8214924157043859019&as_sdt=2005&sciodt=2007&hl=en",680,"2025-12-14 08:01:17","BOOK","","","",,,,,10,2.00,5,2,5,"… Lawrence for contributing many original ideas and his valuable feedback on the ideas in this paper. We also like to thank Hero de Smeth for contributing to the definition and …","","https://scholar.google.com/scholar?q=related:S95fDf9FAXIJ:scholar.google.com/&scioq=guitar%7C%22electric+guitar%22+%22artificial+intelligence%22%7C%22machine+learning%22%7C%22deep+learning%22%7C%22audio+analysis%22+feedback%7C%22performance+analysis%22%7Cevaluation%7Cexpressivity&hl=en&as_sdt=2007"
203,"C Xu, NC Maddage, X Shao","Automatic music classification and summarization",2005,"IEEE transactions on speech and …","ieeexplore.ieee.org","https://ieeexplore.ieee.org/abstract/document/1420378/","https://scholar.google.com/scholar?cites=17749142490831667135&as_sdt=2005&sciodt=2007&hl=en",681,"2025-12-14 08:01:17","","","","",,,,,203,10.15,68,3,20,"… Support vector machine learning shows a better … (female vocals) and pure music (guitar). This implies that spread of LPCC is … The result of listening evaluation for our proposed music …","https://www.researchgate.net/profile/Namunu-Maddage/publication/3334081_Automatic_music_classification_and_summarization/links/55193d830cf273292e70f9cc/Automatic-music-classification-and-summarization.pdf","https://scholar.google.com/scholar?q=related:vz_QcQ6fUfYJ:scholar.google.com/&scioq=guitar%7C%22electric+guitar%22+%22artificial+intelligence%22%7C%22machine+learning%22%7C%22deep+learning%22%7C%22audio+analysis%22+feedback%7C%22performance+analysis%22%7Cevaluation%7Cexpressivity&hl=en&as_sdt=2007"
5,"Y Huo, M Jin, S You","Lstm-based framework for the synthesis of original soundtracks",2024,"IEEE Access","ieeexplore.ieee.org","https://ieeexplore.ieee.org/abstract/document/10458114/","https://scholar.google.com/scholar?cites=9350158391959364150&as_sdt=2005&sciodt=2007&hl=en",682,"2025-12-14 08:01:17","","","","",,,,,5,5.00,2,3,1,"… focuses on the intersection of artificial intelligence and the arts, … evaluation of emotions, authors only provide the evaluation … evaluation metrics such as using formulas for evaluation. In […","https://ieeexplore.ieee.org/iel7/6287639/6514899/10458114.pdf","https://scholar.google.com/scholar?q=related:NiJgqoRvwoEJ:scholar.google.com/&scioq=guitar%7C%22electric+guitar%22+%22artificial+intelligence%22%7C%22machine+learning%22%7C%22deep+learning%22%7C%22audio+analysis%22+feedback%7C%22performance+analysis%22%7Cevaluation%7Cexpressivity&hl=en&as_sdt=2007"
2,"MJ Lee, E Choi","A Study on Cubist Art Makeup Design Creation Using Artificial Intelligence Based Image Generation Model",2023,"Journal of the Korean Society of …","pdfs.semanticscholar.org","https://pdfs.semanticscholar.org/aff6/4836c74dc6651797eb7e02d2776c0b97bca1.pdf","https://scholar.google.com/scholar?cites=4813863097975475903&as_sdt=2005&sciodt=2007&hl=en",683,"2025-12-14 08:01:17","PDF","","","",,,,,2,1.00,1,2,2,"… Then, using Bing Image Creator model, an artificial intelligence based image generation … shows what role and possibility image generation artificial intelligence model has in the field of …","https://pdfs.semanticscholar.org/aff6/4836c74dc6651797eb7e02d2776c0b97bca1.pdf","https://scholar.google.com/scholar?q=related:v44wkPtGzkIJ:scholar.google.com/&scioq=guitar%7C%22electric+guitar%22+%22artificial+intelligence%22%7C%22machine+learning%22%7C%22deep+learning%22%7C%22audio+analysis%22+feedback%7C%22performance+analysis%22%7Cevaluation%7Cexpressivity&hl=en&as_sdt=2007"
69,"M Kirk","Thoughtful machine learning with Python: a test-driven approach",2017,"","books.google.com","https://books.google.com/books?hl=en&lr=&id=nG3vDQAAQBAJ&oi=fnd&pg=PP1&dq=guitar%7C%22electric+guitar%22+%22artificial+intelligence%22%7C%22machine+learning%22%7C%22deep+learning%22%7C%22audio+analysis%22+feedback%7C%22performance+analysis%22%7Cevaluation%7Cexpressivity&ots=fE0S0kHGU8&sig=MSSoU2I7vHKWWNfNTX3W-E7eaFk","https://scholar.google.com/scholar?cites=18361159948958755333&as_sdt=2005&sciodt=2007&hl=en",684,"2025-12-14 08:01:17","BOOK","","","",,,,,69,8.63,69,1,8,"… While you could solder a wire directly from a guitar to an amplifier, it most likely would be … What testing gives us is a feedback loop that we can use to work through tough problems. As …","","https://scholar.google.com/scholar?q=related:BerQJbHxz_4J:scholar.google.com/&scioq=guitar%7C%22electric+guitar%22+%22artificial+intelligence%22%7C%22machine+learning%22%7C%22deep+learning%22%7C%22audio+analysis%22+feedback%7C%22performance+analysis%22%7Cevaluation%7Cexpressivity&hl=en&as_sdt=2007"
10,"EM Simpson","Mobile computer ball device with drone docking station and wrist band to couple with eye glasses or contacts for mixed reality, virtual reality and augmented reality",2018,"US Patent App. 15/406,374","Google Patents","https://patents.google.com/patent/US20180204382A1/en","https://scholar.google.com/scholar?cites=6064253900867646994&as_sdt=2005&sciodt=2007&hl=en",685,"2025-12-14 08:01:17","","","","",,,,,10,1.43,10,1,7,"… omniscient augmented interactive artificial intelligence iterative … a singer, drummer, guitar player or other instrument player … does not provide artificial intelligence feedback from the user …","https://patentimages.storage.googleapis.com/de/d4/2b/753c8e07417085/US20180204382A1.pdf","https://scholar.google.com/scholar?q=related:Ejb-BMuOKFQJ:scholar.google.com/&scioq=guitar%7C%22electric+guitar%22+%22artificial+intelligence%22%7C%22machine+learning%22%7C%22deep+learning%22%7C%22audio+analysis%22+feedback%7C%22performance+analysis%22%7Cevaluation%7Cexpressivity&hl=en&as_sdt=2007"
33,"R Hall","Enhancing the popular music ensemble workshop and maximising student potential through the integration of creativity",2015,"International Journal of Music Education","journals.sagepub.com","https://journals.sagepub.com/doi/abs/10.1177/0255761414533310","https://scholar.google.com/scholar?cites=6419322603214235691&as_sdt=2005&sciodt=2007&hl=en",686,"2025-12-14 08:01:17","","10.1177/0255761414533310","","",,,,,33,3.30,33,1,10,"… of the five instrument departments (guitar, bass guitar, keyboards, … This feedback was not limited only to instrumental technique … , showing a deep learning approach rather than a surface …","https://pureportal.coventry.ac.uk/files/40929851/Binder4.pdf","https://scholar.google.com/scholar?q=related:K2g4h-UDFlkJ:scholar.google.com/&scioq=guitar%7C%22electric+guitar%22+%22artificial+intelligence%22%7C%22machine+learning%22%7C%22deep+learning%22%7C%22audio+analysis%22+feedback%7C%22performance+analysis%22%7Cevaluation%7Cexpressivity&hl=en&as_sdt=2007"
26,"Y Jiang, L Zheng","Deep learning for video game genre classification",2023,"Multimedia Tools and Applications","Springer","https://link.springer.com/article/10.1007/s11042-023-14560-5","https://scholar.google.com/scholar?cites=9144572584459814550&as_sdt=2005&sciodt=2007&hl=en",687,"2025-12-14 08:01:17","","10.1007/s11042-023-14560-5","","",,,,,26,13.00,13,2,2,"… In this paper, we aim to develop three deep learning algorithm … 1 (d), there is a guitar in the cover, which implies that this is a … They provided a detailed evaluation of the state-of-the-art …","https://arxiv.org/pdf/2011.12143","https://scholar.google.com/scholar?q=related:lsaAx1AM6H4J:scholar.google.com/&scioq=guitar%7C%22electric+guitar%22+%22artificial+intelligence%22%7C%22machine+learning%22%7C%22deep+learning%22%7C%22audio+analysis%22+feedback%7C%22performance+analysis%22%7Cevaluation%7Cexpressivity&hl=en&as_sdt=2007"
17,"S Al-Azani, SM Sait, KA Al-Utaibi","A comprehensive literature review on children's databases for machine learning applications",2022,"IEEE Access","ieeexplore.ieee.org","https://ieeexplore.ieee.org/abstract/document/9696187/","https://scholar.google.com/scholar?cites=15007355519248745854&as_sdt=2005&sciodt=2007&hl=en",688,"2025-12-14 08:01:17","","","","",,,,,17,5.67,6,3,3,"… We also define evaluation criteria to characterize the children’s databases and compare them accordingly. 3) We discuss the main requirements and the primary challenges for …","https://ieeexplore.ieee.org/iel7/6287639/6514899/09696187.pdf","https://scholar.google.com/scholar?q=related:fsXRFlXWRNAJ:scholar.google.com/&scioq=guitar%7C%22electric+guitar%22+%22artificial+intelligence%22%7C%22machine+learning%22%7C%22deep+learning%22%7C%22audio+analysis%22+feedback%7C%22performance+analysis%22%7Cevaluation%7Cexpressivity&hl=en&as_sdt=2007"
310,"RM Bittner, B McFee, J Salamon, P Li, JP Bello","Deep Salience Representations for F0 Estimation in Polyphonic Music.",2017,"ISMIR","researchgate.net","https://www.researchgate.net/profile/Justin-Salamon/publication/318447572_Deep_Salience_Representations_for_f0_Estimation_in_Polyphonic_Music/links/596a9777a6fdcc18ea74fd22/Deep-Salience-Representations-for-f0-Estimation-in-Polyphonic-Music.pdf","https://scholar.google.com/scholar?cites=7960068957786130335&as_sdt=2005&sciodt=2007&hl=en",689,"2025-12-14 08:01:17","PDF","","","",,,,,310,38.75,62,5,8,"… of deep learning models, little work has been done to apply … than the other two used for evaluation, this dataset only measures … including bass, piano, and guitar transcription. In order to …","https://www.researchgate.net/profile/Justin-Salamon/publication/318447572_Deep_Salience_Representations_for_f0_Estimation_in_Polyphonic_Music/links/596a9777a6fdcc18ea74fd22/Deep-Salience-Representations-for-f0-Estimation-in-Polyphonic-Music.pdf","https://scholar.google.com/scholar?q=related:n8d0-IrYd24J:scholar.google.com/&scioq=guitar%7C%22electric+guitar%22+%22artificial+intelligence%22%7C%22machine+learning%22%7C%22deep+learning%22%7C%22audio+analysis%22+feedback%7C%22performance+analysis%22%7Cevaluation%7Cexpressivity&hl=en&as_sdt=2007"
14,"C Ramstein","System and method for providing haptic feedback to a musical instrument",2010,"US Patent 7,659,473","Google Patents","https://patents.google.com/patent/US7659473B2/en","https://scholar.google.com/scholar?cites=8039104160560936241&as_sdt=2005&sciodt=2007&hl=en",690,"2025-12-14 08:01:17","","","","",,,,,14,0.93,14,1,15,"… signal in response to a musician actuating an input member 24 on the musical instrument 12 , such as pressing down on a key on a keyboard or strumming a guitar string on a guitar. …","https://patentimages.storage.googleapis.com/8d/a4/ff/fdb9f3f10212bc/US7659473.pdf","https://scholar.google.com/scholar?q=related:MXWZGqSikG8J:scholar.google.com/&scioq=guitar%7C%22electric+guitar%22+%22artificial+intelligence%22%7C%22machine+learning%22%7C%22deep+learning%22%7C%22audio+analysis%22+feedback%7C%22performance+analysis%22%7Cevaluation%7Cexpressivity&hl=en&as_sdt=2007"
1,"R Li, Y Chen","Score Genaration for Taiko no Tatsujin Based on Machine Learning",2020,"2020 IEEE Conference on Multimedia …","ieeexplore.ieee.org","https://ieeexplore.ieee.org/abstract/document/9175508/","https://scholar.google.com/scholar?cites=5390275360446885627&as_sdt=2005&sciodt=2007&hl=en",691,"2025-12-14 08:01:17","","","","",,,,,1,0.20,1,2,5,"… However, neither established reproducible evaluation methodology or learns the semantics … In addition, [10-12] further utilize deep learning approach, which pay much attention to multi-…","","https://scholar.google.com/scholar?q=related:-y76pOEazkoJ:scholar.google.com/&scioq=guitar%7C%22electric+guitar%22+%22artificial+intelligence%22%7C%22machine+learning%22%7C%22deep+learning%22%7C%22audio+analysis%22+feedback%7C%22performance+analysis%22%7Cevaluation%7Cexpressivity&hl=en&as_sdt=2007"
8,"FF Eidsvaag, E Angelo","The craftsmanship that disappeared? Investigating the role of the principal instrument in music teacher education programs",2021,"Higher Education as Context for Music …","library.oapen.org","https://library.oapen.org/bitstream/handle/20.500.12657/46593/Higher_Education_PDF.pdf#page=66","https://scholar.google.com/scholar?cites=7921954139711666213&as_sdt=2005&sciodt=2007&hl=en",692,"2025-12-14 08:01:17","PDF","","","",,,,,8,2.00,4,2,4,"… creative work in music and deep learning, Aristotle’s concept … challenges, and receive useful feedback. The students’ own … dents have to choose either singing, guitar or piano,” and E5 …","https://library.oapen.org/bitstream/handle/20.500.12657/46593/Higher_Education_PDF.pdf#page=66","https://scholar.google.com/scholar?q=related:JfhyWFFv8G0J:scholar.google.com/&scioq=guitar%7C%22electric+guitar%22+%22artificial+intelligence%22%7C%22machine+learning%22%7C%22deep+learning%22%7C%22audio+analysis%22+feedback%7C%22performance+analysis%22%7Cevaluation%7Cexpressivity&hl=en&as_sdt=2007"
25,"C Kroos, O Bones, Y Cao, L Harris, ...","Generalisation in environmental sound classification: the 'making sense of sounds' data set and challenge",2019,"ICASSP 2019-2019 …","ieeexplore.ieee.org","https://ieeexplore.ieee.org/abstract/document/8683292/","https://scholar.google.com/scholar?cites=7732432770710102476&as_sdt=2005&sciodt=2007&hl=en",693,"2025-12-14 08:01:17","","","","",,,,,25,4.17,5,5,6,"… processing and machine learning was whether machine … in the Music category such as guitar and mandolin. Most of the sound-… an average accuracy of 80.8% on the evaluation data set. …","https://openresearch.surrey.ac.uk/esploro/fulltext/conferenceProceeding/Generalisation-in-environmental-sound-classification-the/99514115102346?repId=12139301610002346&mId=13140685890002346&institution=44SUR_INST","https://scholar.google.com/scholar?q=related:zOHDA6MeT2sJ:scholar.google.com/&scioq=guitar%7C%22electric+guitar%22+%22artificial+intelligence%22%7C%22machine+learning%22%7C%22deep+learning%22%7C%22audio+analysis%22+feedback%7C%22performance+analysis%22%7Cevaluation%7Cexpressivity&hl=en&as_sdt=2007"
80,"MD Bermejillo Barrera, F Franco-Martínez, ...","Artificial intelligence aided design of tissue engineering scaffolds employing virtual tomography and 3D convolutional neural networks",2021,"Materials","mdpi.com","https://www.mdpi.com/1996-1944/14/18/5278","https://scholar.google.com/scholar?cites=4426250420412764772&as_sdt=2005&sciodt=2007&hl=en",694,"2025-12-14 08:01:17","HTML","","","",,,,,80,20.00,27,3,4,"… It covers every step of the deep learning workflow, from data management, training, configuration and evaluation of the model to obtaining predictions or testing the artificial intelligence …","https://www.mdpi.com/1996-1944/14/18/5278","https://scholar.google.com/scholar?q=related:ZFKgW04zbT0J:scholar.google.com/&scioq=guitar%7C%22electric+guitar%22+%22artificial+intelligence%22%7C%22machine+learning%22%7C%22deep+learning%22%7C%22audio+analysis%22+feedback%7C%22performance+analysis%22%7Cevaluation%7Cexpressivity&hl=en&as_sdt=2007"
14,"R Meredith, E Eddy, S Bateman, ...","Comparing online wrist and forearm EMG-based control using a rhythm game-inspired evaluation environment",2024,"Journal of Neural …","iopscience.iop.org","https://iopscience.iop.org/article/10.1088/1741-2552/ad692e/meta","https://scholar.google.com/scholar?cites=9021799447795534021&as_sdt=2005&sciodt=2007&hl=en",695,"2025-12-14 08:01:17","","10.1088/1741-2552/ad692e","","",,,,,14,14.00,4,4,1,"… a new temporally constrained evaluation environment with a … it decouples the machine learning algorithm's performance from … For example, rhythm games, such as Guitar Hero, prompt …","https://iopscience.iop.org/article/10.1088/1741-2552/ad692e/pdf","https://scholar.google.com/scholar?q=related:xQirWMzeM30J:scholar.google.com/&scioq=guitar%7C%22electric+guitar%22+%22artificial+intelligence%22%7C%22machine+learning%22%7C%22deep+learning%22%7C%22audio+analysis%22+feedback%7C%22performance+analysis%22%7Cevaluation%7Cexpressivity&hl=en&as_sdt=2007"
27,"H Chen, Q Xiao, X Yin","Generating music algorithm with deep convolutional generative adversarial networks",2019,"2019 IEEE 2nd international …","ieeexplore.ieee.org","https://ieeexplore.ieee.org/abstract/document/8839521/","https://scholar.google.com/scholar?cites=8693948062213969625&as_sdt=2005&sciodt=2007&hl=en",696,"2025-12-14 08:01:17","","","","",,,,,27,4.50,9,3,6,"… Artificial intelligence gained more and more attention in the … of multiple tracks, such as piano, guitar, bass, drum etc. Each track … The first set of evaluation systems is based on statistically …","https://www.researchgate.net/profile/Chen-Hongyu-7/publication/335936458_Generating_Music_Algorithm_with_Deep_Convolutional_Generative_Adversarial_Networks/links/6318b6990a70852150d6c044/Generating-Music-Algorithm-with-Deep-Convolutional-Generative-Adversarial-Networks.pdf","https://scholar.google.com/scholar?q=related:2Zb1N7Mbp3gJ:scholar.google.com/&scioq=guitar%7C%22electric+guitar%22+%22artificial+intelligence%22%7C%22machine+learning%22%7C%22deep+learning%22%7C%22audio+analysis%22+feedback%7C%22performance+analysis%22%7Cevaluation%7Cexpressivity&hl=en&as_sdt=2007"
1,"T Borgogno, L Turchet","ImproScales: a self-tutoring web system for using scales in improvisations",2022,"Proceedings of the 17th International Audio …","dl.acm.org","https://dl.acm.org/doi/abs/10.1145/3561212.3561229","https://scholar.google.com/scholar?cites=11149274744799692734&as_sdt=2005&sciodt=2007&hl=en",697,"2025-12-14 08:01:17","","10.1145/3561212.3561229","","",,,,,1,0.33,1,2,3,"… skills, by providing them feedback and statistics on what they play. … interviews with four electric guitar players to investigate the … a client: is the main responsible for all audio analysis and …","https://dl.acm.org/doi/pdf/10.1145/3561212.3561229","https://scholar.google.com/scholar?q=related:vgcFG08uupoJ:scholar.google.com/&scioq=guitar%7C%22electric+guitar%22+%22artificial+intelligence%22%7C%22machine+learning%22%7C%22deep+learning%22%7C%22audio+analysis%22+feedback%7C%22performance+analysis%22%7Cevaluation%7Cexpressivity&hl=en&as_sdt=2007"
21,"A Peussa, EP Damskägg, T Sherson, ...","Exposure bias and state matching in recurrent neural network virtual analog models",2021,"… on Digital Audio …","ieeexplore.ieee.org","https://ieeexplore.ieee.org/abstract/document/9768259/","https://scholar.google.com/scholar?cites=11941669814513854996&as_sdt=2005&sciodt=2007&hl=en",698,"2025-12-14 08:01:17","","","","",,,,,21,5.25,5,4,4,"… Various black-box system identification methods for guitar … Meanwhile, NN and generally deep learning methods for VA … loss was stored for further evaluation. We used the Adam …","https://research.aalto.fi/files/67755311/DAFx20in21_paper_12.pdf","https://scholar.google.com/scholar?q=related:FGoaN21VuaUJ:scholar.google.com/&scioq=guitar%7C%22electric+guitar%22+%22artificial+intelligence%22%7C%22machine+learning%22%7C%22deep+learning%22%7C%22audio+analysis%22+feedback%7C%22performance+analysis%22%7Cevaluation%7Cexpressivity&hl=en&as_sdt=2007"
9,"D Kiefer, F Grimm, C van Dinther","Artificial intelligence in supply chain management: investigation of transfer learning to improve demand forecasting of intermittent time series with deep learning",2022,"","aisel.aisnet.org","https://aisel.aisnet.org/hicss-55/da/decision_support_for_scm/3/","https://scholar.google.com/scholar?cites=8500095019777365248&as_sdt=2005&sciodt=2007&hl=en",699,"2025-12-14 08:01:17","","","","",,,,,9,3.00,3,3,3,"… For example, learning to play an electric guitar can facilitate learning to … The evaluation metric was reduced by 65 percent. … The proposed metric for the evaluation of intermittent demand …","https://scholarspace.manoa.hawaii.edu/bitstreams/d7d94eee-0b66-4174-b791-490ea948f64f/download","https://scholar.google.com/scholar?q=related:AJXlkmJn9nUJ:scholar.google.com/&scioq=guitar%7C%22electric+guitar%22+%22artificial+intelligence%22%7C%22machine+learning%22%7C%22deep+learning%22%7C%22audio+analysis%22+feedback%7C%22performance+analysis%22%7Cevaluation%7Cexpressivity&hl=en&as_sdt=2007"
6,"A Verma, C Nagar, N Singhi, ...","Predicting House Price in India Using Linear Regression Machine Learning Algorithms",2022,"2022 3rd International …","ieeexplore.ieee.org","https://ieeexplore.ieee.org/abstract/document/9853185/","https://scholar.google.com/scholar?cites=11554930421909077431&as_sdt=2005&sciodt=2007&hl=en",700,"2025-12-14 08:01:17","","","","",,,,,6,2.00,2,4,3,"… from the evaluation standard system, it is meaningless to expect this type of evaluation to fit … The testing method is used to examine the loads and pre-designs of each edge and guitar …","","https://scholar.google.com/scholar?q=related:t70-gv9bW6AJ:scholar.google.com/&scioq=guitar%7C%22electric+guitar%22+%22artificial+intelligence%22%7C%22machine+learning%22%7C%22deep+learning%22%7C%22audio+analysis%22+feedback%7C%22performance+analysis%22%7Cevaluation%7Cexpressivity&hl=en&as_sdt=2007"
21,"L Hantrakul","GestureRNN: A neural gesture system for the Roli Lightpad Block",2018,"Proceedings of the International Conference on New …","nime.org","https://www.nime.org/proceedings/2018/nime2018_paper0029.pdf","https://scholar.google.com/scholar?cites=12159837472495274913&as_sdt=2005&sciodt=2007&hl=en",701,"2025-12-14 08:01:17","PDF","","","",,,,,21,3.00,21,1,7,"… Given the relatively young presence of deep learning tools, … of the LED surface to render visual feedback given a user’s … , two musicians playing on the same guitar, or two musicians on …","https://www.nime.org/proceedings/2018/nime2018_paper0029.pdf","https://scholar.google.com/scholar?q=related:oYuQcsFrwKgJ:scholar.google.com/&scioq=guitar%7C%22electric+guitar%22+%22artificial+intelligence%22%7C%22machine+learning%22%7C%22deep+learning%22%7C%22audio+analysis%22+feedback%7C%22performance+analysis%22%7Cevaluation%7Cexpressivity&hl=en&as_sdt=2007"
28,"S Gupta, RS Shukla, RK Shukla, ...","Deep learning bidirectional LSTM based detection of prolongation and repetition in stuttered speech using weighted MFCC",2020,"International Journal of …","researchgate.net","https://www.researchgate.net/profile/Rajesh-Kumar-Shukla/publication/348138031_Deep_Learning_Bidirectional_LSTM_based_Detection_of_Prolongation_and_Repetition_in_Stuttered_Speech_using_Weighted_MFCC/links/5ff00cbd299bf1408864c299/Deep-Learning-Bidirectional-LSTM-based-Detection-of-Prolongation-and-Repetition-in-Stuttered-Speech-using-Weighted-MFCC.pdf","https://scholar.google.com/scholar?cites=2586870045022629439&as_sdt=2005&sciodt=2007&hl=en",702,"2025-12-14 08:01:17","PDF","","","",,,,,28,5.60,7,4,5,"… The proposed method is based on the Weighted Mel Frequency Cepstral Coefficient feature extraction algorithm and deep-learning Bidirectional Long-Short term Memory neural …","https://www.researchgate.net/profile/Rajesh-Kumar-Shukla/publication/348138031_Deep_Learning_Bidirectional_LSTM_based_Detection_of_Prolongation_and_Repetition_in_Stuttered_Speech_using_Weighted_MFCC/links/5ff00cbd299bf1408864c299/Deep-Learning-Bidirectional-LSTM-based-Detection-of-Prolongation-and-Repetition-in-Stuttered-Speech-using-Weighted-MFCC.pdf","https://scholar.google.com/scholar?q=related:Py6soZlo5iMJ:scholar.google.com/&scioq=guitar%7C%22electric+guitar%22+%22artificial+intelligence%22%7C%22machine+learning%22%7C%22deep+learning%22%7C%22audio+analysis%22+feedback%7C%22performance+analysis%22%7Cevaluation%7Cexpressivity&hl=en&as_sdt=2007"
5,"G Szepannek, R Aschenbruck","Predicting eBay prices: selecting and interpreting machine learning models–Results of the AG DANK 2018 Data Science Competition",2020,"Archives of Data Science …","scholar.archive.org","https://scholar.archive.org/work/n4mmrojsynd3bkh2u53m3i6lqi/access/wayback/https://publikationen.bibliothek.kit.edu/1000125928/93500147","https://scholar.google.com/scholar?cites=10808469825361674437&as_sdt=2005&sciodt=2007&hl=en",703,"2025-12-14 08:01:17","PDF","","","",,,,,5,1.00,3,2,5,"… In fact here, a bundle of two procducts (Mario Kart as well as Guitar Hero 5) is offered which … outlier during model evaluation it has been removed for performance evaluation (column 3 …","https://scholar.archive.org/work/n4mmrojsynd3bkh2u53m3i6lqi/access/wayback/https://publikationen.bibliothek.kit.edu/1000125928/93500147","https://scholar.google.com/scholar?q=related:xQA2Wgpm_5UJ:scholar.google.com/&scioq=guitar%7C%22electric+guitar%22+%22artificial+intelligence%22%7C%22machine+learning%22%7C%22deep+learning%22%7C%22audio+analysis%22+feedback%7C%22performance+analysis%22%7Cevaluation%7Cexpressivity&hl=en&as_sdt=2007"
344,"Y Li, Y Yang, W Zhou, ...","Feature-critic networks for heterogeneous domain generalization",2019,"… on machine learning","proceedings.mlr.press","http://proceedings.mlr.press/v97/li19l.html","https://scholar.google.com/scholar?cites=15160705294700481017&as_sdt=2005&sciodt=2007&hl=en",704,"2025-12-14 08:01:17","","","","",,,,,344,57.33,86,4,6,"… It has 7 categories across these domains: dog, elephant, giraffe, guitar, house, horse and person. We follow the standard protocol and perform leave-one-domain-out evaluation. …","http://proceedings.mlr.press/v97/li19l/li19l.pdf","https://scholar.google.com/scholar?q=related:-YkBAySlZdIJ:scholar.google.com/&scioq=guitar%7C%22electric+guitar%22+%22artificial+intelligence%22%7C%22machine+learning%22%7C%22deep+learning%22%7C%22audio+analysis%22+feedback%7C%22performance+analysis%22%7Cevaluation%7Cexpressivity&hl=en&as_sdt=2007"
20,"Z Lin, K Xiao, M Riedl","Generationmania: Learning to semantically choreograph",2019,"… of the AAAI Conference on Artificial Intelligence …","ojs.aaai.org","https://ojs.aaai.org/index.php/AIIDE/article/view/5224","https://scholar.google.com/scholar?cites=16377836378736434302&as_sdt=2005&sciodt=2007&hl=en",705,"2025-12-14 08:01:17","","","","",,,,,20,3.33,7,3,6,"… We conduct an evaluation to measure the precision and recall of our technique in recreating … playable guitar events will bias our system toward the same. The chart from which to take …","https://ojs.aaai.org/index.php/AIIDE/article/download/5224/5080/","https://scholar.google.com/scholar?q=related:fhwOuGnDSeMJ:scholar.google.com/&scioq=guitar%7C%22electric+guitar%22+%22artificial+intelligence%22%7C%22machine+learning%22%7C%22deep+learning%22%7C%22audio+analysis%22+feedback%7C%22performance+analysis%22%7Cevaluation%7Cexpressivity&hl=en&as_sdt=2007"
71,"F Es-Sabery, A Hair, J Qadir, B Sainz-De-Abajo, ...","Sentence-level classification using parallel fuzzy deep learning classifier",2021,"IEEE …","ieeexplore.ieee.org","https://ieeexplore.ieee.org/abstract/document/9333555/","https://scholar.google.com/scholar?cites=12481409120231196978&as_sdt=2005&sciodt=2007&hl=en",706,"2025-12-14 08:01:17","","","","",,,,,71,17.75,14,5,4,"… In this study, a new Fuzzy Deep Learning Classifier (FDLC) is suggested for improving the performance of data-sentiment classification. Our proposed FDLC integrates Convolutional …","https://ieeexplore.ieee.org/iel7/6287639/6514899/09333555.pdf","https://scholar.google.com/scholar?q=related:MomzK3ffNq0J:scholar.google.com/&scioq=guitar%7C%22electric+guitar%22+%22artificial+intelligence%22%7C%22machine+learning%22%7C%22deep+learning%22%7C%22audio+analysis%22+feedback%7C%22performance+analysis%22%7Cevaluation%7Cexpressivity&hl=en&as_sdt=2007"
66,"G Petrucci, C Ghidini, M Rospocher","Ontology learning in the deep",2016,"European knowledge acquisition …","Springer","https://link.springer.com/chapter/10.1007/978-3-319-49004-5_31","https://scholar.google.com/scholar?cites=3881345060060936730&as_sdt=2005&sciodt=2007&hl=en",707,"2025-12-14 08:01:17","","10.1007/978-3-319-49004-5_31","","",,,,,66,7.33,22,3,9,"… enable the training (and evaluation) of Machine Learning based approaches for ontology … guitar has at least 4 strings”, we added “bass guitars have more than 3 strings”, “A bass guitar …","","https://scholar.google.com/scholar?q=related:Gjqmk8RO3TUJ:scholar.google.com/&scioq=guitar%7C%22electric+guitar%22+%22artificial+intelligence%22%7C%22machine+learning%22%7C%22deep+learning%22%7C%22audio+analysis%22+feedback%7C%22performance+analysis%22%7Cevaluation%7Cexpressivity&hl=en&as_sdt=2007"
10,"P Rajparkur, B Girardeau, ...","A Supervised Approach To Musical Chord Recognition",2015,"Stanford Undergraduate …","ojs.stanford.edu","https://ojs.stanford.edu/ojs/index.php/surj/issue/download/surj-2015/41#page=36","https://scholar.google.com/scholar?cites=9281388621749300060&as_sdt=2005&sciodt=2007&hl=en",708,"2025-12-14 08:01:17","PDF","","","",,,,,10,1.00,3,3,10,"… a system a good automated feedback tool, capable of being … system extends into other machine learning tasks. The tasks … learn to play guitar by giving live feedback or be used for live …","https://ojs.stanford.edu/ojs/index.php/surj/issue/download/surj-2015/41#page=36","https://scholar.google.com/scholar?q=related:XCu4zcYdzoAJ:scholar.google.com/&scioq=guitar%7C%22electric+guitar%22+%22artificial+intelligence%22%7C%22machine+learning%22%7C%22deep+learning%22%7C%22audio+analysis%22+feedback%7C%22performance+analysis%22%7Cevaluation%7Cexpressivity&hl=en&as_sdt=2007"
89,"W Boag, TMH Hsu, M McDermott, ...","Baselines for chest x-ray report generation",2020,"Machine learning …","proceedings.mlr.press","http://proceedings.mlr.press/v116/boag20a","https://scholar.google.com/scholar?cites=8722493181575254962&as_sdt=2005&sciodt=2007&hl=en",709,"2025-12-14 08:01:17","","","","",,,,,89,17.80,22,4,5,"… generation when the target text is very unique (as opposed to ”a man is playing a guitar”). … Rather than merely relying on F1 to offer a more class-imbalance sensitive evaluation metric, …","http://proceedings.mlr.press/v116/boag20a/boag20a.pdf","https://scholar.google.com/scholar?q=related:slOPu1WFDHkJ:scholar.google.com/&scioq=guitar%7C%22electric+guitar%22+%22artificial+intelligence%22%7C%22machine+learning%22%7C%22deep+learning%22%7C%22audio+analysis%22+feedback%7C%22performance+analysis%22%7Cevaluation%7Cexpressivity&hl=en&as_sdt=2007"
5,"NV Shemyakina, GS Velicoborets, ZV Nagornova","Machine-learning applications for differentiation across states/stages of creative thinking based on time-series and time-frequency features of EEG/ERP signals",2023,"Genes &Cells","genescells.ru","https://genescells.ru/2313-1829/article/download/562731/142776","https://scholar.google.com/scholar?cites=17432444476442076579&as_sdt=2005&sciodt=2007&hl=en",710,"2025-12-14 08:01:17","PDF","","","",,,,,5,2.50,2,3,2,"… (guitar improvization by proficient musicians) compared with noncreative task (scales on guitar) … EEG signals respond differently to idea generation, idea evolution and evaluation in a …","https://genescells.ru/2313-1829/article/download/562731/142776","https://scholar.google.com/scholar?q=related:o-UM6eN77PEJ:scholar.google.com/&scioq=guitar%7C%22electric+guitar%22+%22artificial+intelligence%22%7C%22machine+learning%22%7C%22deep+learning%22%7C%22audio+analysis%22+feedback%7C%22performance+analysis%22%7Cevaluation%7Cexpressivity&hl=en&as_sdt=2007"
50,"A Wisthoff, V Ferrero, T Huynh, ...","Quantifying the impact of sustainable product design decisions in the early design phase through machine learning",2016,"… and Information in …","asmedigitalcollection.asme.org","https://asmedigitalcollection.asme.org/IDETC-CIE/proceedings-abstract/IDETC-CIE2016/V004T05A043/258511","https://scholar.google.com/scholar?cites=17802973743043564273&as_sdt=2005&sciodt=2007&hl=en",711,"2025-12-14 08:01:17","","","","",,,,,50,5.56,13,4,9,"… machine learning to assist in finding correlations between product attributes and the environmental impacts calculated through performing LCA. The machine learning … machine …","","https://scholar.google.com/scholar?q=related:8dK3i0veEPcJ:scholar.google.com/&scioq=guitar%7C%22electric+guitar%22+%22artificial+intelligence%22%7C%22machine+learning%22%7C%22deep+learning%22%7C%22audio+analysis%22+feedback%7C%22performance+analysis%22%7Cevaluation%7Cexpressivity&hl=en&as_sdt=2007"
26,"Z Khaliq, SU Farooq, DA Khan","A deep learning-based automated framework for functional User Interface testing",2022,"Information and Software Technology","Elsevier","https://www.sciencedirect.com/science/article/pii/S0950584922001070","https://scholar.google.com/scholar?cites=16629492126943599459&as_sdt=2005&sciodt=2007&hl=en",712,"2025-12-14 08:01:17","","","","",,,,,26,8.67,9,3,3,"Context: The use of automation tools in software testing helps keep pace with the timeline of the deliverables. Over time with the inclusion of continuous integration/continuous delivery (…","","https://scholar.google.com/scholar?q=related:Y9ugjfvSx-YJ:scholar.google.com/&scioq=guitar%7C%22electric+guitar%22+%22artificial+intelligence%22%7C%22machine+learning%22%7C%22deep+learning%22%7C%22audio+analysis%22+feedback%7C%22performance+analysis%22%7Cevaluation%7Cexpressivity&hl=en&as_sdt=2007"
26,"R Dillon, AN Teoh","Real-time stress detection model and voice analysis: An integrated vr-based game for training public speaking skills",2021,"2021 IEEE Conference on Games (CoG)","ieeexplore.ieee.org","https://ieeexplore.ieee.org/abstract/document/9618989/","https://scholar.google.com/scholar?cites=6214295625691363405&as_sdt=2005&sciodt=2007&hl=en",713,"2025-12-14 08:01:17","","","","",,,,,26,6.50,13,2,4,"… feedback in VR environment. Most importantly, there is also no evidence of using machine learning … similar to the “rock meter” in the guitar hero [25] games, showing the performance …","https://www.researchgate.net/profile/Roberto-Dillon/publication/354862493_Real-time_Stress_Detection_Model_and_Voice_Analysis_An_Integrated_VR-based_Game_for_Training_Public_Speaking_Skills/links/6151c215522ef665fb63c7db/Real-time-Stress-Detection-Model-and-Voice-Analysis-An-Integrated-VR-based-Game-for-Training-Public-Speaking-Skills.pdf","https://scholar.google.com/scholar?q=related:TfiYYvKcPVYJ:scholar.google.com/&scioq=guitar%7C%22electric+guitar%22+%22artificial+intelligence%22%7C%22machine+learning%22%7C%22deep+learning%22%7C%22audio+analysis%22+feedback%7C%22performance+analysis%22%7Cevaluation%7Cexpressivity&hl=en&as_sdt=2007"
67,"M Dua, R Yadav, D Mamgai, S Brodiya","An improved RNN-LSTM based novel approach for sheet music generation",2020,"Procedia Computer Science","Elsevier","https://www.sciencedirect.com/science/article/pii/S1877050920310152","https://scholar.google.com/scholar?cites=3073022074407115037&as_sdt=2005&sciodt=2007&hl=en",714,"2025-12-14 08:01:17","","","","",,,,,67,13.40,17,4,5,"… in playing instruments such as piano, guitar and violin etc. [3][4… RNN or Recurrent Neural Network is deep learning model … BSS (Blind Source Separation) evaluation metric which is a …","https://www.sciencedirect.com/science/article/pii/S1877050920310152/pdf?md5=281597956852c7d0c297536d1f9c1c85&pid=1-s2.0-S1877050920310152-main.pdf","https://scholar.google.com/scholar?q=related:HVn4i0uRpSoJ:scholar.google.com/&scioq=guitar%7C%22electric+guitar%22+%22artificial+intelligence%22%7C%22machine+learning%22%7C%22deep+learning%22%7C%22audio+analysis%22+feedback%7C%22performance+analysis%22%7Cevaluation%7Cexpressivity&hl=en&as_sdt=2007"
8,"W Yang, X Wang, B Tian, W Xu, ...","A multi-stage automatic evaluation system for sight-singing",2022,"IEEE Transactions on …","ieeexplore.ieee.org","https://ieeexplore.ieee.org/abstract/document/9760166/","https://scholar.google.com/scholar?cites=18291455719191026183&as_sdt=2005&sciodt=2007&hl=en",715,"2025-12-14 08:01:17","","","","",,,,,8,2.67,2,5,3,"… Recently, many methods [27], [28] based on spectrograms and deep learning have been proposed. Therefore, in this paper, we consider taking the spectrogram and deep learning …","","https://scholar.google.com/scholar?q=related:BxordxBO2P0J:scholar.google.com/&scioq=guitar%7C%22electric+guitar%22+%22artificial+intelligence%22%7C%22machine+learning%22%7C%22deep+learning%22%7C%22audio+analysis%22+feedback%7C%22performance+analysis%22%7Cevaluation%7Cexpressivity&hl=en&as_sdt=2007"
839,"J Kaplan","Artificial intelligence: What everyone needs to knowR",2016,"","books.google.com","https://books.google.com/books?hl=en&lr=&id=wPvmDAAAQBAJ&oi=fnd&pg=PP1&dq=guitar%7C%22electric+guitar%22+%22artificial+intelligence%22%7C%22machine+learning%22%7C%22deep+learning%22%7C%22audio+analysis%22+feedback%7C%22performance+analysis%22%7Cevaluation%7Cexpressivity&ots=NzGHNttnMa&sig=JY-5_uQeNrFZ5aWiTbwrXTS_DOQ","https://scholar.google.com/scholar?cites=1232800783473189974&as_sdt=2005&sciodt=2007&hl=en",716,"2025-12-14 08:01:17","BOOK","","","",,,,,839,93.22,839,1,9,"… To give you an intuitive feel for what's going on here, imagine that you leave a six-string guitar … Its concentration on analog feedback seemed misguided, and I wished to avoid having …","https://www.carnegiecouncil.org/media/series/39/20161129-artificial-intelligence-what-everyone-needs-to-know","https://scholar.google.com/scholar?q=related:ViS-6cfJGxEJ:scholar.google.com/&scioq=guitar%7C%22electric+guitar%22+%22artificial+intelligence%22%7C%22machine+learning%22%7C%22deep+learning%22%7C%22audio+analysis%22+feedback%7C%22performance+analysis%22%7Cevaluation%7Cexpressivity&hl=en&as_sdt=2007"
1186,"G Marcus, E Davis","Rebooting AI: Building artificial intelligence we can trust",2019,"","books.google.com","https://books.google.com/books?hl=en&lr=&id=OmeEDwAAQBAJ&oi=fnd&pg=PA3&dq=guitar%7C%22electric+guitar%22+%22artificial+intelligence%22%7C%22machine+learning%22%7C%22deep+learning%22%7C%22audio+analysis%22+feedback%7C%22performance+analysis%22%7Cevaluation%7Cexpressivity&ots=Ly_PiJTOaS&sig=YIumIdEkDbMgg5crrEZXSdgchjo","https://scholar.google.com/scholar?cites=14586804173577463752&as_sdt=2005&sciodt=2007&hl=en",717,"2025-12-14 08:01:17","BOOK","","","",,,,,1186,197.67,593,2,6,"… deep learning, a kind of powerful statistical engine that we will explain and evaluate in chapter 3. Deep learning has … In each case, big data plus deep learning plus faster hardware has …","","https://scholar.google.com/scholar?q=related:yCdFlhy9bsoJ:scholar.google.com/&scioq=guitar%7C%22electric+guitar%22+%22artificial+intelligence%22%7C%22machine+learning%22%7C%22deep+learning%22%7C%22audio+analysis%22+feedback%7C%22performance+analysis%22%7Cevaluation%7Cexpressivity&hl=en&as_sdt=2007"
24,"M Farzaneh, R Mahdian Toroghi","Music generation using an interactive evolutionary algorithm",2019,"… recognition and artificial intelligence","Springer","https://link.springer.com/chapter/10.1007/978-3-030-37548-5_16","https://scholar.google.com/scholar?cites=7895248930840534011&as_sdt=2005&sciodt=2007&hl=en",718,"2025-12-14 08:01:17","","10.1007/978-3-030-37548-5_16","","",,,,,24,4.00,12,2,6,"… In this work, the authors use a grammar-based evaluation, … In this work, the authors use several evaluation methods … AutoLeadGuitar: automatic generation of guitar solo phrases …","","https://scholar.google.com/scholar?q=related:-1sIYBKPkW0J:scholar.google.com/&scioq=guitar%7C%22electric+guitar%22+%22artificial+intelligence%22%7C%22machine+learning%22%7C%22deep+learning%22%7C%22audio+analysis%22+feedback%7C%22performance+analysis%22%7Cevaluation%7Cexpressivity&hl=en&as_sdt=2007"
10,"WS Requejo, FF Martinez, CA Vega, ...","Fostering creativity in engineering design through constructive dialogues with generative artificial intelligence",2024,"Cell Reports Physical …","cell.com","https://www.cell.com/cell-reports-physical-science/fulltext/S2666-3864(24)00442-9","https://scholar.google.com/scholar?cites=9519632687041104927&as_sdt=2005&sciodt=2007&hl=en",719,"2025-12-14 08:01:17","HTML","","","",,,,,10,10.00,3,4,1,"… an electric guitar. An uncanny “hallucination” of the AI can be appreciated, as the guitar has the … Apart from that, it may constitute an inspiring colorful design for guitar manufacturers. …","https://www.cell.com/cell-reports-physical-science/fulltext/S2666-3864(24)00442-9","https://scholar.google.com/scholar?q=related:H0xI332HHIQJ:scholar.google.com/&scioq=guitar%7C%22electric+guitar%22+%22artificial+intelligence%22%7C%22machine+learning%22%7C%22deep+learning%22%7C%22audio+analysis%22+feedback%7C%22performance+analysis%22%7Cevaluation%7Cexpressivity&hl=en&as_sdt=2007"
16,"H Abdel-Nabi, G Al-Naymat, ...","Content based image retrieval approach using deep learning",2019,"2019 2nd International …","ieeexplore.ieee.org","https://ieeexplore.ieee.org/abstract/document/8923042/","https://scholar.google.com/scholar?cites=16700948299161969384&as_sdt=2005&sciodt=2007&hl=en",720,"2025-12-14 08:01:17","","","","",,,,,16,2.67,5,3,6,"… For performance evaluation, we used five metrics to evaluate the proposed scheme, they are listed below. The results of these metrics for each of the query images used in the …","https://www.researchgate.net/profile/Hiba-Abdel-Nabi/publication/337787638_Content_Based_Image_Retrieval_Approach_using_Deep_Learning/links/5f19f1a4a6fdcc9626ad1d5a/Content-Based-Image-Retrieval-Approach-using-Deep-Learning.pdf","https://scholar.google.com/scholar?q=related:6KK2H_6vxecJ:scholar.google.com/&scioq=guitar%7C%22electric+guitar%22+%22artificial+intelligence%22%7C%22machine+learning%22%7C%22deep+learning%22%7C%22audio+analysis%22+feedback%7C%22performance+analysis%22%7Cevaluation%7Cexpressivity&hl=en&as_sdt=2007"
169,"A Défossez, N Usunier, L Bottou, F Bach","Demucs: Deep extractor for music sources with extra unlabeled data remixed",2019,"arXiv preprint arXiv:1909.01174","arxiv.org","https://arxiv.org/abs/1909.01174","https://scholar.google.com/scholar?cites=4962136647984015934&as_sdt=2005&sciodt=2007&hl=en",721,"2025-12-14 08:01:17","","","","",,,,,169,28.17,42,4,6,"… separation for music using deep learning with four known sources: … Let us imagine that a guitar plays with a singer at the same … for the SiSec Mus evaluation campaign for music source …","https://arxiv.org/pdf/1909.01174","https://scholar.google.com/scholar?q=related:PuoIpv0M3UQJ:scholar.google.com/&scioq=guitar%7C%22electric+guitar%22+%22artificial+intelligence%22%7C%22machine+learning%22%7C%22deep+learning%22%7C%22audio+analysis%22+feedback%7C%22performance+analysis%22%7Cevaluation%7Cexpressivity&hl=en&as_sdt=2007"
200,"E Manilow, G Wichern, P Seetharaman, ...","Cutting music source separation some Slakh: A dataset to study the impact of training data quality and quantity",2019,"2019 IEEE Workshop …","ieeexplore.ieee.org","https://ieeexplore.ieee.org/abstract/document/8937170/","https://scholar.google.com/scholar?cites=13062271150306251498&as_sdt=2005&sciodt=2007&hl=en",722,"2025-12-14 08:01:17","","","","",,,,,200,33.33,50,4,6,"… advent of approaches based on deep learning. Such methods typically … to listeners in a subjective evaluation of automatic mixing … , we also explore separation of guitar and piano. These …","https://arxiv.org/pdf/1909.08494","https://scholar.google.com/scholar?q=related:6lLWgWeCRrUJ:scholar.google.com/&scioq=guitar%7C%22electric+guitar%22+%22artificial+intelligence%22%7C%22machine+learning%22%7C%22deep+learning%22%7C%22audio+analysis%22+feedback%7C%22performance+analysis%22%7Cevaluation%7Cexpressivity&hl=en&as_sdt=2007"
47,"T Wu, Y Zhang, X Wang, X Zhou, G Zheng, ...","Customcrafter: Customized video generation with preserving motion and concept composition abilities",2025,"… on Artificial Intelligence","ojs.aaai.org","https://ojs.aaai.org/index.php/AAAI/article/view/32914","https://scholar.google.com/scholar?cites=15766931826016330113&as_sdt=2005&sciodt=2007&hl=en",723,"2025-12-14 08:01:17","","","","",,,,,47,47.00,8,6,1,"… , when we learn about a specific guitar, we hope that this guitar can be combined with other … To further validate the effectiveness of our method, we conducted a human evaluation of our …","https://ojs.aaai.org/index.php/AAAI/article/download/32914/35069","https://scholar.google.com/scholar?q=related:gSGBf_Vkz9oJ:scholar.google.com/&scioq=guitar%7C%22electric+guitar%22+%22artificial+intelligence%22%7C%22machine+learning%22%7C%22deep+learning%22%7C%22audio+analysis%22+feedback%7C%22performance+analysis%22%7Cevaluation%7Cexpressivity&hl=en&as_sdt=2007"
21,"D Haba","Data Augmentation with Python: Enhance deep learning accuracy with data augmentation methods for image, text, audio, and tabular data",2023,"","books.google.com","https://books.google.com/books?hl=en&lr=&id=2sm8EAAAQBAJ&oi=fnd&pg=PP1&dq=guitar%7C%22electric+guitar%22+%22artificial+intelligence%22%7C%22machine+learning%22%7C%22deep+learning%22%7C%22audio+analysis%22+feedback%7C%22performance+analysis%22%7Cevaluation%7Cexpressivity&ots=vXQIBFQqm2&sig=PJkjC2CjiEs7git_abBXJP3LfaM","https://scholar.google.com/scholar?cites=10620168379426956011&as_sdt=2005&sciodt=2007&hl=en",724,"2025-12-14 08:01:17","BOOK","","","",,,,,21,10.50,21,1,2,"… Currently, he is unsuccessfully trying to learn how to play the guitar. :) … Please click here to go straight to the Amazon review page for this book and share your feedback. …","","https://scholar.google.com/scholar?q=related:62KUft9qYpMJ:scholar.google.com/&scioq=guitar%7C%22electric+guitar%22+%22artificial+intelligence%22%7C%22machine+learning%22%7C%22deep+learning%22%7C%22audio+analysis%22+feedback%7C%22performance+analysis%22%7Cevaluation%7Cexpressivity&hl=en&as_sdt=2007"
12,"D Makris, G Zixun, M Kaliakatsos-Papakostas, ...","Conditional drums generation using compound word representations",2022,"… intelligence in music …","Springer","https://link.springer.com/chapter/10.1007/978-3-031-03789-4_12","https://scholar.google.com/scholar?cites=2788158093495977209&as_sdt=2005&sciodt=2007&hl=en",725,"2025-12-14 08:01:17","","10.1007/978-3-031-03789-4_12","","",,,,,12,4.00,3,4,3,"… When using any deep learning model which considers music … Similar to [30, 31], we exclude pitch information for Guitar … [2], we will include a quantitative evaluation as well as a listening …","https://arxiv.org/pdf/2202.04464","https://scholar.google.com/scholar?q=related:-UR1hAOHsSYJ:scholar.google.com/&scioq=guitar%7C%22electric+guitar%22+%22artificial+intelligence%22%7C%22machine+learning%22%7C%22deep+learning%22%7C%22audio+analysis%22+feedback%7C%22performance+analysis%22%7Cevaluation%7Cexpressivity&hl=en&as_sdt=2007"
138,"Y Gong, AH Liu, H Luo, L Karlinsky, ...","Joint audio and speech understanding",2023,"2023 IEEE Automatic …","ieeexplore.ieee.org","https://ieeexplore.ieee.org/abstract/document/10389742/","https://scholar.google.com/scholar?cites=6981674050968439933&as_sdt=2005&sciodt=2007&hl=en",726,"2025-12-14 08:01:17","","","","",,,,,138,69.00,28,5,2,"… For the first time, we build a machine learning model, called LTU-AS… samples and exclude any data marked as test or evaluation. … guitar riffs. The lyrics also add to the sense of rebellion. …","https://arxiv.org/pdf/2309.14405","https://scholar.google.com/scholar?q=related:fUyJEY_j42AJ:scholar.google.com/&scioq=guitar%7C%22electric+guitar%22+%22artificial+intelligence%22%7C%22machine+learning%22%7C%22deep+learning%22%7C%22audio+analysis%22+feedback%7C%22performance+analysis%22%7Cevaluation%7Cexpressivity&hl=en&as_sdt=2007"
8,"BG Morton, J Gregorio, Y Kim, DS Rosen, ...","STEAM education through music technology (evaluation)",2017,"2017 ASEE Annual …","peer.asee.org","https://peer.asee.org/steam-education-through-music-technology-evaluation","https://scholar.google.com/scholar?cites=9564892430331042357&as_sdt=2005&sciodt=2007&hl=en",727,"2025-12-14 08:01:17","","","","",,,,,8,1.00,2,5,8,"… Youngmoo Kim in Drexel’s Music Entertainment Technology lab, pursuing research in novel musical interfaces and machine learning applications in music information retrieval. …","https://peer.asee.org/28841.pdf","https://scholar.google.com/scholar?q=related:NVq0CP1SvYQJ:scholar.google.com/&scioq=guitar%7C%22electric+guitar%22+%22artificial+intelligence%22%7C%22machine+learning%22%7C%22deep+learning%22%7C%22audio+analysis%22+feedback%7C%22performance+analysis%22%7Cevaluation%7Cexpressivity&hl=en&as_sdt=2007"
3,"N Sommer, A Ralescu","Towards a machine learning based control of musical synthesizers in real-time live performance",2014,"Proc. of the 25th Modern Artificial Intelligence …","ceur-ws.org","https://ceur-ws.org/Vol-1144/paper9.pdf","https://scholar.google.com/scholar?cites=16225664375825802015&as_sdt=2005&sciodt=2007&hl=en",728,"2025-12-14 08:01:17","PDF","","","",,,,,3,0.27,2,2,11,"… woodwind style controllers, guitar and other stringed instrument … feedback and seeing how musicians use the system it will be easier to determine more specific subjective evaluation …","https://ceur-ws.org/Vol-1144/paper9.pdf","https://scholar.google.com/scholar?q=related:H6POVcgjLeEJ:scholar.google.com/&scioq=guitar%7C%22electric+guitar%22+%22artificial+intelligence%22%7C%22machine+learning%22%7C%22deep+learning%22%7C%22audio+analysis%22+feedback%7C%22performance+analysis%22%7Cevaluation%7Cexpressivity&hl=en&as_sdt=2007"
106,"J Li, S Qu, X Li, J Szurley, JZ Kolter, ...","Adversarial music: Real world audio adversary against wake-word detection system",2019,"Advances in Neural …","proceedings.neurips.cc","https://proceedings.neurips.cc/paper/2019/hash/ebbdfea212e3a756a1fded7b35578525-Abstract.html","https://scholar.google.com/scholar?cites=14448706194007606121&as_sdt=2005&sciodt=2007&hl=en",729,"2025-12-14 08:01:17","","","","",,,,,106,17.67,18,6,6,"… Adversarial attacks on machine learning systems are a topic … -word model, we synthesized guitarlike music to craft our … signals to perform our digital evaluation. Our physical experiments …","https://proceedings.neurips.cc/paper/2019/file/ebbdfea212e3a756a1fded7b35578525-Paper.pdf","https://scholar.google.com/scholar?q=related:aUPPHbsdhMgJ:scholar.google.com/&scioq=guitar%7C%22electric+guitar%22+%22artificial+intelligence%22%7C%22machine+learning%22%7C%22deep+learning%22%7C%22audio+analysis%22+feedback%7C%22performance+analysis%22%7Cevaluation%7Cexpressivity&hl=en&as_sdt=2007"
75,"H El-Amir, M Hamdy","Deep learning pipeline",2020,"Apress: Berkeley, CA, USA","Springer","https://link.springer.com/content/pdf/10.1007/978-1-4842-5349-6.pdf","https://scholar.google.com/scholar?cites=16187289587414389304&as_sdt=2005&sciodt=2007&hl=en",730,"2025-12-14 08:01:17","","10.1007/978-1-4842-5349-6","","",,,,,75,15.00,38,2,5,"To make the machine able to recognize objects, we can give it previous knowledge from experts in a way the machine can understand. Such knowledge-based systems form the second …","https://www.academia.edu/download/99634675/1.pdf","https://scholar.google.com/scholar?q=related:ONI2ph3OpOAJ:scholar.google.com/&scioq=guitar%7C%22electric+guitar%22+%22artificial+intelligence%22%7C%22machine+learning%22%7C%22deep+learning%22%7C%22audio+analysis%22+feedback%7C%22performance+analysis%22%7Cevaluation%7Cexpressivity&hl=en&as_sdt=2007"
17,"OM Nezami, M Dras, S Wan, C Paris","Image captioning using facial expression and attention",2020,"Journal of Artificial Intelligence …","jair.org","https://www.jair.org/index.php/jair/article/view/12025","https://scholar.google.com/scholar?cites=9131279521851076240&as_sdt=2005&sciodt=2007&hl=en",731,"2025-12-14 08:01:17","","","","",,,,,17,3.40,4,4,5,"… our image captioning model using standard evaluation metrics including BLEU (Papineni et … playing a guitar” while FACE-CAP-MEMORY generates “a woman is playing a guitar and …","https://www.jair.org/index.php/jair/article/download/12025/26597","https://scholar.google.com/scholar?q=related:kG67dFjSuH4J:scholar.google.com/&scioq=guitar%7C%22electric+guitar%22+%22artificial+intelligence%22%7C%22machine+learning%22%7C%22deep+learning%22%7C%22audio+analysis%22+feedback%7C%22performance+analysis%22%7Cevaluation%7Cexpressivity&hl=en&as_sdt=2007"
13,"DH Song, KB Kim, JH Lee","Analysis and evaluation of mobile rhythm games: Game structure and playability",2019,"International …","download.garuda.kemdikbud.go.id","http://download.garuda.kemdikbud.go.id/article.php?article=1304040&val=146&title=Analysis%20and%20evaluation%20of%20mobile%20rhythm%20games%20%20Game%20structure%20and%20playability","https://scholar.google.com/scholar?cites=14087683551087920321&as_sdt=2005&sciodt=2007&hl=en",732,"2025-12-14 08:01:17","PDF","","","",,,,,13,2.17,4,3,6,"… genre enjoys commercial successes with games such as Guitar Hero and RockBand series [1]… interests include machine learning, artificial intelligence, fuzzy systems, machine learning, …","http://download.garuda.kemdikbud.go.id/article.php?article=1304040&val=146&title=Analysis%20and%20evaluation%20of%20mobile%20rhythm%20games%20%20Game%20structure%20and%20playability","https://scholar.google.com/scholar?q=related:wYS1yoyBgcMJ:scholar.google.com/&scioq=guitar%7C%22electric+guitar%22+%22artificial+intelligence%22%7C%22machine+learning%22%7C%22deep+learning%22%7C%22audio+analysis%22+feedback%7C%22performance+analysis%22%7Cevaluation%7Cexpressivity&hl=en&as_sdt=2007"
3,"T Yonekawa, A Nishikata","Rhythm pattern accuracy diagnosis system using cluster analysis and music experts' knowledge base",2002,"… Systems and Applied Artificial Intelligence …","Springer","https://link.springer.com/chapter/10.1007/978-1-4471-0149-9_10","https://scholar.google.com/scholar?cites=4645796813377812300&as_sdt=2005&sciodt=2007&hl=en",733,"2025-12-14 08:01:17","","10.1007/978-1-4471-0149-9_10","","",,,,,3,0.13,2,2,23,"… In this paper, the evaluation and feedback methods for the accuracy of beated rhythm … Seven persons were good at playing the piano, drums, clarinet, guitar and so on. Two of them had …","","https://scholar.google.com/scholar?q=related:TLcGWJYveUAJ:scholar.google.com/&scioq=guitar%7C%22electric+guitar%22+%22artificial+intelligence%22%7C%22machine+learning%22%7C%22deep+learning%22%7C%22audio+analysis%22+feedback%7C%22performance+analysis%22%7Cevaluation%7Cexpressivity&hl=en&as_sdt=2007"
28,"Z Liu, C Xu, E Sie, G Singh, D Vasisht","Exploring practical vulnerabilities of machine learning-based wireless systems",2023,"20th USENIX Symposium on …","usenix.org","https://www.usenix.org/conference/nsdi23/presentation/liu-zikun","https://scholar.google.com/scholar?cites=11151603814669635766&as_sdt=2005&sciodt=2007&hl=en",734,"2025-12-14 08:01:17","","","","",,,,,28,14.00,6,5,2,"… and send it as feedback to the base station. However, this feedback is unsustainable and … as Alexa, but their attack generates loud guitar music which is easy to detect and defend …","https://www.usenix.org/system/files/nsdi23-liu-zikun.pdf","https://scholar.google.com/scholar?q=related:tlBG8ZV0wpoJ:scholar.google.com/&scioq=guitar%7C%22electric+guitar%22+%22artificial+intelligence%22%7C%22machine+learning%22%7C%22deep+learning%22%7C%22audio+analysis%22+feedback%7C%22performance+analysis%22%7Cevaluation%7Cexpressivity&hl=en&as_sdt=2007"
3,"AI Soysa, K Lokuge","ChordATune-An emotion based melody harmonizer for piano music",2010,"2010 International Conference on …","ieeexplore.ieee.org","https://ieeexplore.ieee.org/abstract/document/5550101/","https://scholar.google.com/scholar?cites=5660911340871906076&as_sdt=2005&sciodt=2007&hl=en",735,"2025-12-14 08:01:17","","","","",,,,,3,0.20,2,2,15,"… the genre of music along with drum beats and guitar chords. … shows the evaluation results gained for each evaluation criteria … fret sheet generator which helps make guitar playing easier. …","https://www.researchgate.net/profile/Amani-Soysa/publication/232645207_ChordATune_-_An_emotion_based_melody_harmonizer_for_piano_music/links/5bc55acc458515f7d9bf21f4/ChordATune-An-emotion-based-melody-harmonizer-for-piano-music.pdf","https://scholar.google.com/scholar?q=related:HHOmKd-Yj04J:scholar.google.com/&scioq=guitar%7C%22electric+guitar%22+%22artificial+intelligence%22%7C%22machine+learning%22%7C%22deep+learning%22%7C%22audio+analysis%22+feedback%7C%22performance+analysis%22%7Cevaluation%7Cexpressivity&hl=en&as_sdt=2007"
101,"A Lenci, M Sahlgren, P Jeuniaux, ...","A comparative evaluation and analysis of three generations of Distributional Semantic Models",2022,"… and evaluation","Springer","https://link.springer.com/article/10.1007/s10579-021-09575-z","https://scholar.google.com/scholar?cites=7354605854655686337&as_sdt=2005&sciodt=2007&hl=en",736,"2025-12-14 08:01:17","HTML","10.1007/s10579-021-09575-z","","",,,,,101,33.67,25,4,3,"… routinely used in deep learning architectures to initialize their … the approach to DSM evaluation. The previous generation of … deep learning architectures has boosted extrinsic evaluation …","https://link.springer.com/article/10.1007/s10579-021-09575-z","https://scholar.google.com/scholar?q=related:wabC9Q7PEGYJ:scholar.google.com/&scioq=guitar%7C%22electric+guitar%22+%22artificial+intelligence%22%7C%22machine+learning%22%7C%22deep+learning%22%7C%22audio+analysis%22+feedback%7C%22performance+analysis%22%7Cevaluation%7Cexpressivity&hl=en&as_sdt=2007"
37,"VH Le","Deep learning-based for human segmentation and tracking, 3D human pose estimation and action recognition on monocular video of MADS dataset",2023,"Multimedia Tools and Applications","Springer","https://link.springer.com/article/10.1007/s11042-022-13921-w","https://scholar.google.com/scholar?cites=8553077804548770016&as_sdt=2005&sciodt=2007&hl=en",737,"2025-12-14 08:01:17","","10.1007/s11042-022-13921-w","","",,,,,37,18.50,37,1,2,"… a standard database for evaluating deep learning models for many tasks takes a lot of time and money. Therefore in this paper, we publish MADS dataset for multi-task evaluation: HS-T, …","","https://scholar.google.com/scholar?q=related:4EhodPKisnYJ:scholar.google.com/&scioq=guitar%7C%22electric+guitar%22+%22artificial+intelligence%22%7C%22machine+learning%22%7C%22deep+learning%22%7C%22audio+analysis%22+feedback%7C%22performance+analysis%22%7Cevaluation%7Cexpressivity&hl=en&as_sdt=2007"
2,"PK Yadav, S Pandey, D Agrawal, ...","Hyper parameter optimized NIDS via machine learning in IoT ecosystem",2023,"2023 IEEE 2nd …","ieeexplore.ieee.org","https://ieeexplore.ieee.org/abstract/document/10295218/","https://scholar.google.com/scholar?cites=14268178462564925221&as_sdt=2005&sciodt=2007&hl=en",738,"2025-12-14 08:01:17","","","","",,,,,2,1.00,1,4,2,"… of which impact the machine learning model's performance. … must be tuned like a guitar. Because each model might have … evaluation of intrusion detection based on machine learning …","","https://scholar.google.com/scholar?q=related:Jb8PNbfAAsYJ:scholar.google.com/&scioq=guitar%7C%22electric+guitar%22+%22artificial+intelligence%22%7C%22machine+learning%22%7C%22deep+learning%22%7C%22audio+analysis%22+feedback%7C%22performance+analysis%22%7Cevaluation%7Cexpressivity&hl=en&as_sdt=2007"
16,"R Pathri, S Jha, S Tandon, S GangaShetty","Acoustic epidemiology of pulmonary tuberculosis (TB) &Covid19 leveraging AI/ML",2022,"medRxiv","medrxiv.org","https://www.medrxiv.org/content/10.1101/2022.02.05.22269707.abstract","https://scholar.google.com/scholar?cites=4701635121719175018&as_sdt=2005&sciodt=2007&hl=en",739,"2025-12-14 08:01:17","","10.1101/2022.02.05.22269707.abstract","","",,,,,16,5.33,4,4,3,"… shall be facilitated by Machine Learning tools that address … These changes may be hypothesized with an Acoustic Guitar … patient was later found to be positive on further evaluation. …","https://www.medrxiv.org/content/10.1101/2022.02.05.22269707.full.pdf","https://scholar.google.com/scholar?q=related:ameSnTuQP0EJ:scholar.google.com/&scioq=guitar%7C%22electric+guitar%22+%22artificial+intelligence%22%7C%22machine+learning%22%7C%22deep+learning%22%7C%22audio+analysis%22+feedback%7C%22performance+analysis%22%7Cevaluation%7Cexpressivity&hl=en&as_sdt=2007"
19,"C Ferm, G Johansen","Professors' and trainees' perceptions of educational quality as related to preconditions of deep learning in musikdidaktik",2008,"British Journal of Music Education","cambridge.org","https://www.cambridge.org/core/journals/british-journal-of-music-education/article/professors-and-trainees-perceptions-of-educational-quality-as-related-to-preconditions-of-deep-learning-in-musikdidaktik/90D09DE78EFBF20722692858DF19754E","https://scholar.google.com/scholar?cites=2570670235978270462&as_sdt=2005&sciodt=2007&hl=en",740,"2025-12-14 08:01:17","","","","",,,,,19,1.12,10,2,17,"… We investigated internal evaluation quality issues from the standpoint of professors and trainees teaching and learning within higher music education and specifically in relation to …","","https://scholar.google.com/scholar?q=related:_oYnqvXarCMJ:scholar.google.com/&scioq=guitar%7C%22electric+guitar%22+%22artificial+intelligence%22%7C%22machine+learning%22%7C%22deep+learning%22%7C%22audio+analysis%22+feedback%7C%22performance+analysis%22%7Cevaluation%7Cexpressivity&hl=en&as_sdt=2007"
5,"NM Khan, GM Khan","Multi-chromosomal CGP-evolved RNN for signal reconstruction",2021,"Neural Computing and Applications","Springer","https://link.springer.com/article/10.1007/s00521-021-05953-4","https://scholar.google.com/scholar?cites=8452307714082534514&as_sdt=2005&sciodt=2007&hl=en",741,"2025-12-14 08:01:17","","10.1007/s00521-021-05953-4","","",,,,,5,1.25,3,2,4,"… long short-term memory deep learning neural network. Diverse … speech signal, 29.92 dB for guitar signal and 28.45 dB for flute … and performance evaluation of the proposed algorithm. …","","https://scholar.google.com/scholar?q=related:cvQubhWhTHUJ:scholar.google.com/&scioq=guitar%7C%22electric+guitar%22+%22artificial+intelligence%22%7C%22machine+learning%22%7C%22deep+learning%22%7C%22audio+analysis%22+feedback%7C%22performance+analysis%22%7Cevaluation%7Cexpressivity&hl=en&as_sdt=2007"
6,"M Rani, M Kumar","MobileNet for human activity recognition in smart surveillance using transfer learning",2025,"Neural Computing and Applications","Springer","https://link.springer.com/article/10.1007/s00521-024-10882-z","https://scholar.google.com/scholar?cites=15833061786821180353&as_sdt=2005&sciodt=2007&hl=en",742,"2025-12-14 08:01:17","","10.1007/s00521-024-10882-z","","",,,,,6,6.00,3,2,1,"… and successful deployment of deep learning techniques for … categories of activities, such as playing guitar, jumping, and typing. … Section VI covers performance evaluation and metrics. …","https://www.researchgate.net/profile/Manjot-Rani/publication/387139197_MobileNet_for_human_activity_recognition_in_smart_surveillance_using_transfer_learning/links/676a8f3bc1b0135465f2586d/MobileNet-for-human-activity-recognition-in-smart-surveillance-using-transfer-learning.pdf","https://scholar.google.com/scholar?q=related:wbtJ1s5VutsJ:scholar.google.com/&scioq=guitar%7C%22electric+guitar%22+%22artificial+intelligence%22%7C%22machine+learning%22%7C%22deep+learning%22%7C%22audio+analysis%22+feedback%7C%22performance+analysis%22%7Cevaluation%7Cexpressivity&hl=en&as_sdt=2007"
197,"A Ramalho","Will robots rule the (artistic) world? A proposed model for the legal status of creations by artificial intelligence systems",2017,"… of Creations by Artificial Intelligence Systems (June 13 …","papers.ssrn.com","https://papers.ssrn.com/sol3/papers.cfm?abstract_id=2987757","https://scholar.google.com/scholar?cites=9901041311230102323&as_sdt=2005&sciodt=2007&hl=en",743,"2025-12-14 08:01:17","","","","",,,,,197,24.63,197,1,8,"While currently artificial intelligence (AI) is not completely independent from human input, the speed and direction of technology development seem to anticipate a not-so-distant future …","https://papers.ssrn.com/sol3/Delivery.cfm?abstractid=2987757","https://scholar.google.com/scholar?q=related:M4tWVp2QZ4kJ:scholar.google.com/&scioq=guitar%7C%22electric+guitar%22+%22artificial+intelligence%22%7C%22machine+learning%22%7C%22deep+learning%22%7C%22audio+analysis%22+feedback%7C%22performance+analysis%22%7Cevaluation%7Cexpressivity&hl=en&as_sdt=2007"
20,"Y Yao, P Li, B Chen, A Wang","Jen-1 composer: A unified framework for high-fidelity multi-track music generation",2025,"… AAAI Conference on Artificial Intelligence","ojs.aaai.org","https://ojs.aaai.org/index.php/AAAI/article/view/33584","https://scholar.google.com/scholar?cites=13693739805591442579&as_sdt=2005&sciodt=2007&hl=en",744,"2025-12-14 08:01:17","","","","",,,,,20,20.00,5,4,1,"… Our evaluation employs both quantitative and qualitative metrics to assess the model’s … By integrating CLAP scores, FAD, and RPR, we offer a comprehensive evaluation framework that …","https://ojs.aaai.org/index.php/AAAI/article/download/33584/35739","https://scholar.google.com/scholar?q=related:k5Tn9szvCb4J:scholar.google.com/&scioq=guitar%7C%22electric+guitar%22+%22artificial+intelligence%22%7C%22machine+learning%22%7C%22deep+learning%22%7C%22audio+analysis%22+feedback%7C%22performance+analysis%22%7Cevaluation%7Cexpressivity&hl=en&as_sdt=2007"
12,"J Bharadiya","Transfer learning in natural language processing (NLP)",2023,"European Journal of Technology","academia.edu","https://www.academia.edu/download/103844776/1613.pdf","https://scholar.google.com/scholar?cites=10953132290404376938&as_sdt=2005&sciodt=2007&hl=en",745,"2025-12-14 08:01:17","PDF","","","",,,,,12,6.00,12,1,2,"… in the field of radio frequency machine learning, this study … music knowledge through playing the guitar. The person with an … typically involve a rigorous evaluation process. This could …","https://www.academia.edu/download/103844776/1613.pdf","https://scholar.google.com/scholar?q=related:auFpM8lXAZgJ:scholar.google.com/&scioq=guitar%7C%22electric+guitar%22+%22artificial+intelligence%22%7C%22machine+learning%22%7C%22deep+learning%22%7C%22audio+analysis%22+feedback%7C%22performance+analysis%22%7Cevaluation%7Cexpressivity&hl=en&as_sdt=2007"
28,"S Salturk, N Kahraman","Deep learning-powered multimodal biometric authentication: integrating dynamic signatures and facial data for enhanced online security",2024,"Neural Computing and Applications","Springer","https://link.springer.com/article/10.1007/s00521-024-09690-2","https://scholar.google.com/scholar?cites=1692171941008114791&as_sdt=2005&sciodt=2007&hl=en",746,"2025-12-14 08:01:17","HTML","10.1007/s00521-024-09690-2","","",,,,,28,28.00,14,2,1,"… Deep learning models, including convolutional neural networks (CNN), long short-term … This integration of various deep learning algorithms has demonstrated remarkable performance …","https://link.springer.com/article/10.1007/s00521-024-09690-2","https://scholar.google.com/scholar?q=related:ZwSsMmrNexcJ:scholar.google.com/&scioq=guitar%7C%22electric+guitar%22+%22artificial+intelligence%22%7C%22machine+learning%22%7C%22deep+learning%22%7C%22audio+analysis%22+feedback%7C%22performance+analysis%22%7Cevaluation%7Cexpressivity&hl=en&as_sdt=2007"
14,"B McNaboe","Method and System for Creating Customized Sound Recordings Using Interchangeable Elements",2010,"US Patent App. 12/701,605","Google Patents","https://patents.google.com/patent/US20100199833A1/en","https://scholar.google.com/scholar?cites=137908712228252732&as_sdt=2005&sciodt=2007&hl=en",747,"2025-12-14 08:01:17","","","","",,,,,14,0.93,14,1,15,"… created by first individually recording vocal, guitar, drums, bass and keyboard performances … feedback and data collected through usage. Principles of computer artificial intelligence are …","https://patentimages.storage.googleapis.com/ab/07/42/f9a31f91f32f07/US20100199833A1.pdf","https://scholar.google.com/scholar?q=related:POzLOz7z6QEJ:scholar.google.com/&scioq=guitar%7C%22electric+guitar%22+%22artificial+intelligence%22%7C%22machine+learning%22%7C%22deep+learning%22%7C%22audio+analysis%22+feedback%7C%22performance+analysis%22%7Cevaluation%7Cexpressivity&hl=en&as_sdt=2007"
8,"T Zoumpekas, M Salamo, A Puig","Rethinking design and evaluation of 3D point cloud segmentation models",2022,"Remote Sensing","mdpi.com","https://www.mdpi.com/2072-4292/14/23/6049","https://scholar.google.com/scholar?cites=10962741743997876953&as_sdt=2005&sciodt=2007&hl=en",748,"2025-12-14 08:01:17","HTML","","","",,,,,8,2.67,3,3,3,"… the existing literature, we have identified certain evaluation weaknesses in the current research on 3D point cloud segmentation with deep learning models. This fact leads us to perform …","https://www.mdpi.com/2072-4292/14/23/6049","https://scholar.google.com/scholar?q=related:2fpWd4h7I5gJ:scholar.google.com/&scioq=guitar%7C%22electric+guitar%22+%22artificial+intelligence%22%7C%22machine+learning%22%7C%22deep+learning%22%7C%22audio+analysis%22+feedback%7C%22performance+analysis%22%7Cevaluation%7Cexpressivity&hl=en&as_sdt=2007"
297,"E Nikishin, M Schwarzer, P D'Oro, ...","The primacy bias in deep reinforcement learning",2022,"… machine learning","proceedings.mlr.press","https://proceedings.mlr.press/v162/nikishin22a","https://scholar.google.com/scholar?cites=11620338198970862085&as_sdt=2005&sciodt=2007&hl=en",749,"2025-12-14 08:01:17","","","","",,,,,297,99.00,74,4,3,"… guitar skills in the face of new data, he will not be able to collect more interesting data by playing more challenging guitar … function gradually loses its expressivity due to bootstrapping in …","https://proceedings.mlr.press/v162/nikishin22a/nikishin22a.pdf","https://scholar.google.com/scholar?q=related:BYqPVwa8Q6EJ:scholar.google.com/&scioq=guitar%7C%22electric+guitar%22+%22artificial+intelligence%22%7C%22machine+learning%22%7C%22deep+learning%22%7C%22audio+analysis%22+feedback%7C%22performance+analysis%22%7Cevaluation%7Cexpressivity&hl=en&as_sdt=2007"
1,"A Omairi, ZH Ismail, GG Casas","DF‐3DNet: A Lightweight Approach Based on Deep Learning for 3D Telecommunication Tower Asset Classification",2025,"IET Image Processing","Wiley Online Library","https://ietresearch.onlinelibrary.wiley.com/doi/abs/10.1049/ipr2.70149","https://scholar.google.com/scholar?cites=9784619444416473607&as_sdt=2005&sciodt=2007&hl=en",750,"2025-12-14 08:01:17","","10.1049/ipr2.70149","","",,,,,1,1.00,0,3,1,"… This research introduces a framework for telecommunication tower asset inspection, utilising a lightweight, deep learning‐based 3D classifier called DF‐3DNet. The process involves …","https://ietresearch.onlinelibrary.wiley.com/doi/pdf/10.1049/ipr2.70149","https://scholar.google.com/scholar?q=related:B-rSJovzyYcJ:scholar.google.com/&scioq=guitar%7C%22electric+guitar%22+%22artificial+intelligence%22%7C%22machine+learning%22%7C%22deep+learning%22%7C%22audio+analysis%22+feedback%7C%22performance+analysis%22%7Cevaluation%7Cexpressivity&hl=en&as_sdt=2007"
23,"N Kandpal, O Nieto, Z Jin","Music enhancement via image translation and vocoding",2022,"ICASSP 2022-2022 IEEE …","ieeexplore.ieee.org","https://ieeexplore.ieee.org/abstract/document/9747454/","https://scholar.google.com/scholar?cites=15094527912087408181&as_sdt=2005&sciodt=2007&hl=en",751,"2025-12-14 08:01:17","","","","",,,,,23,7.67,8,3,3,"… This paper presents a deep learning approach to enhance low-… evaluation metrics when used in the music domain. … We exclude the distorted electric guitar samples to avoid fitting our …","https://arxiv.org/pdf/2204.13289","https://scholar.google.com/scholar?q=related:NU4wbCmJetEJ:scholar.google.com/&scioq=guitar%7C%22electric+guitar%22+%22artificial+intelligence%22%7C%22machine+learning%22%7C%22deep+learning%22%7C%22audio+analysis%22+feedback%7C%22performance+analysis%22%7Cevaluation%7Cexpressivity&hl=en&as_sdt=2007"
4,"R Pandey, Y Chikhale, R Verma, ...","Deep learning based human action recognition",2021,"ITM web of …","itm-conferences.org","https://www.itm-conferences.org/articles/itmconf/abs/2021/05/itmconf_icacc2021_03014/itmconf_icacc2021_03014.html","https://scholar.google.com/scholar?cites=780723508964692558&as_sdt=2005&sciodt=2007&hl=en",752,"2025-12-14 08:01:17","","","","",,,,,4,1.00,1,4,4,"… In this paper we proposed a deep learning based model for Recognition and the main focus is on the CNN model for image classification. The action videos are converted into frames …","https://www.itm-conferences.org/articles/itmconf/pdf/2021/05/itmconf_icacc2021_03014.pdf","https://scholar.google.com/scholar?q=related:ThKjG-Wv1QoJ:scholar.google.com/&scioq=guitar%7C%22electric+guitar%22+%22artificial+intelligence%22%7C%22machine+learning%22%7C%22deep+learning%22%7C%22audio+analysis%22+feedback%7C%22performance+analysis%22%7Cevaluation%7Cexpressivity&hl=en&as_sdt=2007"
3,"J Eisinger, W Gauderis, L Huybrecht, GA Wiggins","Classical Data in Quantum Machine Learning Algorithms: Amplitude Encoding and the Relation Between Entropy and Linguistic Ambiguity",2025,"Entropy","mdpi.com","https://www.mdpi.com/1099-4300/27/4/433","https://scholar.google.com/scholar?cites=10515639117090036923&as_sdt=2005&sciodt=2007&hl=en",753,"2025-12-14 08:01:17","HTML","","","",,,,,3,3.00,1,4,1,"… the words Alice and guitar are assigned vectors in the noun space N: v → Alice , v → guitar ∈ N . … The test set is reserved for the final evaluation of the model’s performance. Thus, when …","https://www.mdpi.com/1099-4300/27/4/433","https://scholar.google.com/scholar?q=related:u5xaEBAO75EJ:scholar.google.com/&scioq=guitar%7C%22electric+guitar%22+%22artificial+intelligence%22%7C%22machine+learning%22%7C%22deep+learning%22%7C%22audio+analysis%22+feedback%7C%22performance+analysis%22%7Cevaluation%7Cexpressivity&hl=en&as_sdt=2007"
211,"Z Evans, CJ Carr, J Taylor, SH Hawley, ...","Fast timing-conditioned latent audio diffusion",2024,"… on Machine Learning","openreview.net","https://openreview.net/forum?id=jOlO8t1xdx","https://scholar.google.com/scholar?cites=5599278197106168575&as_sdt=2005&sciodt=2007&hl=en",754,"2025-12-14 08:01:17","","","","",,,,,211,211.00,42,5,1,"… a comma (eg Guitar, Drums, Bass Guitar, Uplifting, Energetic). … variablelength long-form evaluation content. Yet, captions do … the standard datasets to align with our evaluation criteria. …","https://openreview.net/pdf?id=jOlO8t1xdx","https://scholar.google.com/scholar?q=related:_1IaodqhtE0J:scholar.google.com/&scioq=guitar%7C%22electric+guitar%22+%22artificial+intelligence%22%7C%22machine+learning%22%7C%22deep+learning%22%7C%22audio+analysis%22+feedback%7C%22performance+analysis%22%7Cevaluation%7Cexpressivity&hl=en&as_sdt=2007"
22,"A McPherson, V Zappi","Exposing the scaffolding of digital instruments with hardware-software feedback loops",2015,"Proceedings of the International Conference on …","nime.org","https://www.nime.org/proceedings/2015/nime2015_258.pdf","https://scholar.google.com/scholar?cites=3851287640324184981&as_sdt=2005&sciodt=2007&hl=en",755,"2025-12-14 08:01:17","PDF","","","",,,,,22,2.20,11,2,10,"… For example, in early guitar amplifiers, distortion was an … as its nominal action of making the guitar louder: tubes and … Machine learning is increasingly used for creating mappings […","https://www.nime.org/proceedings/2015/nime2015_258.pdf","https://scholar.google.com/scholar?q=related:lRtgMbSFcjUJ:scholar.google.com/&scioq=guitar%7C%22electric+guitar%22+%22artificial+intelligence%22%7C%22machine+learning%22%7C%22deep+learning%22%7C%22audio+analysis%22+feedback%7C%22performance+analysis%22%7Cevaluation%7Cexpressivity&hl=en&as_sdt=2007"
100,"Y You, Y Lou, C Li, Z Cheng, L Li, ...","Keypointnet: A large-scale 3d keypoint dataset aggregated from numerous human annotations",2020,"Proceedings of the …","openaccess.thecvf.com","http://openaccess.thecvf.com/content_CVPR_2020/html/You_KeypointNet_A_Large-Scale_3D_Keypoint_Dataset_Aggregated_From_Numerous_Human_CVPR_2020_paper.html","https://scholar.google.com/scholar?cites=11800283893745484191&as_sdt=2005&sciodt=2007&hl=en",756,"2025-12-14 08:01:17","","","","",,,,,100,20.00,17,6,5,"… Evaluation Results For deep learning methods, we use the … threshold 0.01, geometric and deep learning methods both fail to … Deep learning methods can predict some of groundtruth …","https://openaccess.thecvf.com/content_CVPR_2020/papers/You_KeypointNet_A_Large-Scale_3D_Keypoint_Dataset_Aggregated_From_Numerous_Human_CVPR_2020_paper.pdf","https://scholar.google.com/scholar?q=related:n4F2R64Hw6MJ:scholar.google.com/&scioq=guitar%7C%22electric+guitar%22+%22artificial+intelligence%22%7C%22machine+learning%22%7C%22deep+learning%22%7C%22audio+analysis%22+feedback%7C%22performance+analysis%22%7Cevaluation%7Cexpressivity&hl=en&as_sdt=2007"
2,"R Paisa, D Overholt","Enhancing the Expressivity of the Sensel Morph via Audio-rate Sensing",2019,"NIME 2019 New Interfaces for Musical Expression …","vbn.aau.dk","https://vbn.aau.dk/en/publications/enhancing-the-expressivity-of-the-sensel-morph-via-audio-rate-sen","https://scholar.google.com/scholar?cites=6285388179059977169&as_sdt=2005&sciodt=2007&hl=en",757,"2025-12-14 08:01:17","","","","",,,,,2,0.33,1,2,6,"… -on, dampened one sold as acoustic guitar pickup, and two bare … Based on this criteria is was concluded that the guitar pickup … as training data for a supervised machine learning (ML) al…","https://www.nime.org/proceedings/2019/nime2019_paper057.pdf","https://scholar.google.com/scholar?q=related:0StPWD8vOlcJ:scholar.google.com/&scioq=guitar%7C%22electric+guitar%22+%22artificial+intelligence%22%7C%22machine+learning%22%7C%22deep+learning%22%7C%22audio+analysis%22+feedback%7C%22performance+analysis%22%7Cevaluation%7Cexpressivity&hl=en&as_sdt=2007"
29,"A Batch, Y Ji, M Fan, J Zhao, ...","uxSense: Supporting user experience analysis with visualization and computer vision",2023,"IEEE Transactions on …","ieeexplore.ieee.org","https://ieeexplore.ieee.org/abstract/document/10034833/","https://scholar.google.com/scholar?cites=12748186569642570487&as_sdt=2005&sciodt=2007&hl=en",758,"2025-12-14 08:01:17","","","","",,,,,29,14.50,6,5,2,"… Abstract—Analyzing user behavior from usability evaluation can be a challenging and time-… evaluation grows. We propose UXSENSE, a visual analytics system using machine learning …","https://arxiv.org/pdf/2310.07300","https://scholar.google.com/scholar?q=related:93LzbSSo6rAJ:scholar.google.com/&scioq=guitar%7C%22electric+guitar%22+%22artificial+intelligence%22%7C%22machine+learning%22%7C%22deep+learning%22%7C%22audio+analysis%22+feedback%7C%22performance+analysis%22%7Cevaluation%7Cexpressivity&hl=en&as_sdt=2007"
3,"BH Charef, E Ifeachor","Artificial intelligence based modeling of musical instruments",1999,"Proceedings of the 2nd COST G-6 Workshop on …","dafx.de","https://www.dafx.de/paper-archive/1999/charef.pdf","https://scholar.google.com/scholar?cites=15305197763961727216&as_sdt=2005&sciodt=2007&hl=en",759,"2025-12-14 08:01:17","PDF","","","",,,,,3,0.12,2,2,26,"… In this paper, a novel research tool, which allows real-time implementation and evaluation of sound synthesis of musical instrument, is described. The tool is a PC-based application and …","https://www.dafx.de/paper-archive/1999/charef.pdf","https://scholar.google.com/scholar?q=related:8KgKokb8ZtQJ:scholar.google.com/&scioq=guitar%7C%22electric+guitar%22+%22artificial+intelligence%22%7C%22machine+learning%22%7C%22deep+learning%22%7C%22audio+analysis%22+feedback%7C%22performance+analysis%22%7Cevaluation%7Cexpressivity&hl=en&as_sdt=2007"
25,"MR Keyvanpour, S Vahidian, M Ramezani","HMR-vid: a comparative analytical survey on human motion recognition in video data",2020,"Multimedia Tools and …","Springer","https://link.springer.com/article/10.1007/s11042-020-09485-2","https://scholar.google.com/scholar?cites=14811837494690297621&as_sdt=2005&sciodt=2007&hl=en",760,"2025-12-14 08:01:17","","10.1007/s11042-020-09485-2","","",,,,,25,5.00,8,3,5,"… used in the evaluation of background subtraction methods. Furthermore, the main idea, benefits, and challenges of feature extraction and machine learning classification methods are …","","https://scholar.google.com/scholar?q=related:FbfTlbk3js0J:scholar.google.com/&scioq=guitar%7C%22electric+guitar%22+%22artificial+intelligence%22%7C%22machine+learning%22%7C%22deep+learning%22%7C%22audio+analysis%22+feedback%7C%22performance+analysis%22%7Cevaluation%7Cexpressivity&hl=en&as_sdt=2007"
17,"GL Bosco, G Pilato, D Schicchi","DeepEva: A deep neural network architecture for assessing sentence complexity in Italian and English languages",2021,"Array","Elsevier","https://www.sciencedirect.com/science/article/pii/S2590005621000424","https://scholar.google.com/scholar?cites=8519080328371647947&as_sdt=2005&sciodt=2007&hl=en",761,"2025-12-14 08:01:17","HTML","","","",,,,,17,4.25,6,3,4,"… Evaluation (ATE) is a research field that aims at creating new methodologies to make autonomous the process of the text complexity evaluation… , a Deep Learning based system capable …","https://www.sciencedirect.com/science/article/pii/S2590005621000424","https://scholar.google.com/scholar?q=related:yzWcMWzaOXYJ:scholar.google.com/&scioq=guitar%7C%22electric+guitar%22+%22artificial+intelligence%22%7C%22machine+learning%22%7C%22deep+learning%22%7C%22audio+analysis%22+feedback%7C%22performance+analysis%22%7Cevaluation%7Cexpressivity&hl=en&as_sdt=2007"
2,"A MAEZAWA","Computer-Implemented Method, System, and Non-Transitory Computer-Readable Storage Medium for Inferring Audience's Evaluation of Performance Data",2022,"US Patent App. 17/901,129","Google Patents","https://patents.google.com/patent/US20220414472A1/en","https://scholar.google.com/scholar?cites=18142928210200551463&as_sdt=2005&sciodt=2007&hl=en",762,"2025-12-14 08:01:17","","","","",,,,,2,0.67,2,1,3,"… by machine learning to store a relationship between performance data A and evaluation … such as an electric guitar; or an electronic wind instrument such as a wind synthesizer. …","https://patentimages.storage.googleapis.com/40/f3/57/97ffa94ff1d7b3/US20220414472A1.pdf","https://scholar.google.com/scholar?q=related:J-Bq8hShyPsJ:scholar.google.com/&scioq=guitar%7C%22electric+guitar%22+%22artificial+intelligence%22%7C%22machine+learning%22%7C%22deep+learning%22%7C%22audio+analysis%22+feedback%7C%22performance+analysis%22%7Cevaluation%7Cexpressivity&hl=en&as_sdt=2007"
9,"K Basak, N Mishra, HT Chang","TranStutter: A convolution-free transformer-based deep learning method to classify stuttered speech using 2D mel-spectrogram visualization and attention …",2023,"Sensors","mdpi.com","https://www.mdpi.com/1424-8220/23/19/8033","https://scholar.google.com/scholar?cites=11421683273897220344&as_sdt=2005&sciodt=2007&hl=en",763,"2025-12-14 08:01:17","HTML","","","",,,,,9,4.50,3,3,2,"Stuttering, a prevalent neurodevelopmental disorder, profoundly affects fluent speech, causing involuntary interruptions and recurrent sound patterns. This study addresses the critical …","https://www.mdpi.com/1424-8220/23/19/8033","https://scholar.google.com/scholar?q=related:-BiqRWz4gZ4J:scholar.google.com/&scioq=guitar%7C%22electric+guitar%22+%22artificial+intelligence%22%7C%22machine+learning%22%7C%22deep+learning%22%7C%22audio+analysis%22+feedback%7C%22performance+analysis%22%7Cevaluation%7Cexpressivity&hl=en&as_sdt=2007"
19,"CF Giraldo-Jiménez, J Gaviria-Chavarro, ...","Smartphones dependency risk analysis using machine-learning predictive models",2022,"Scientific Reports","nature.com","https://www.nature.com/articles/s41598-022-26336-2","https://scholar.google.com/scholar?cites=12614136426318630288&as_sdt=2005&sciodt=2007&hl=en",764,"2025-12-14 08:01:17","HTML","","","",,,,,19,6.33,6,3,3,"… as painting, embroidery crafts, and playing musical instruments such as guitar and drum). … To perform a global evaluation for each classifier, the AUC of the ROC curve was determined (…","https://www.nature.com/articles/s41598-022-26336-2","https://scholar.google.com/scholar?q=related:kI0JRz9qDq8J:scholar.google.com/&scioq=guitar%7C%22electric+guitar%22+%22artificial+intelligence%22%7C%22machine+learning%22%7C%22deep+learning%22%7C%22audio+analysis%22+feedback%7C%22performance+analysis%22%7Cevaluation%7Cexpressivity&hl=en&as_sdt=2007"
10,"DG Bhalke, CBR Rao, DS Bormane","Fractional fourier transform based features for musical instrument recognition using machine learning techniques",2014,"Proceedings of the International …","Springer","https://link.springer.com/chapter/10.1007/978-3-319-02931-3_19","https://scholar.google.com/scholar?cites=16791958492039644847&as_sdt=2005&sciodt=2007&hl=en",765,"2025-12-14 08:01:17","","10.1007/978-3-319-02931-3_19","","",,,,,10,0.91,3,3,11,"… of the system using FRFT is compared with the result of the system using Mel Frequency Cepstral Coefficients (MFCC), Wavelet and Timbrel features with different machine learning …","","https://scholar.google.com/scholar?q=related:r4Yg6UcFCekJ:scholar.google.com/&scioq=guitar%7C%22electric+guitar%22+%22artificial+intelligence%22%7C%22machine+learning%22%7C%22deep+learning%22%7C%22audio+analysis%22+feedback%7C%22performance+analysis%22%7Cevaluation%7Cexpressivity&hl=en&as_sdt=2007"
51,"HF Garcia, A Aguilar, E Manilow, B Pardo","Leveraging hierarchical structures for few-shot musical instrument recognition",2021,"arXiv preprint arXiv …","arxiv.org","https://arxiv.org/abs/2107.07029","https://scholar.google.com/scholar?cites=16665001059050983676&as_sdt=2005&sciodt=2007&hl=en",766,"2025-12-14 08:01:17","","","","",,,,,51,12.75,13,4,4,"… -Sachs hierarchy (like the guitar), which might be more common … Here, we use deep learning methods to flexibly learn a … , 30% evaluation, with no overlap between train and evaluation …","https://arxiv.org/pdf/2107.07029","https://scholar.google.com/scholar?q=related:_BA-Eiv6RecJ:scholar.google.com/&scioq=guitar%7C%22electric+guitar%22+%22artificial+intelligence%22%7C%22machine+learning%22%7C%22deep+learning%22%7C%22audio+analysis%22+feedback%7C%22performance+analysis%22%7Cevaluation%7Cexpressivity&hl=en&as_sdt=2007"
9,"N Rutherford","FINGAR, a genetic algorithm approach to producing playable guitar tablature with fingering instructions",2009,"Undergraduate project dissertation, Dept. of Computer …","","","https://scholar.google.com/scholar?cites=15723313296238889613&as_sdt=2005&sciodt=2007&hl=en",767,"2025-12-14 08:01:17","CITATION","","","",,,,,9,0.56,9,1,16,"","","https://scholar.google.com/scholar?q=related:jcp-IiNuNNoJ:scholar.google.com/&scioq=guitar%7C%22electric+guitar%22+%22artificial+intelligence%22%7C%22machine+learning%22%7C%22deep+learning%22%7C%22audio+analysis%22+feedback%7C%22performance+analysis%22%7Cevaluation%7Cexpressivity&hl=en&as_sdt=2007"
4,"E Frid","Musical robots: Overview and methods for evaluation",2023,"Sound and Robotics","taylorfrancis.com","https://www.taylorfrancis.com/chapters/edit/10.1201/9781003320470-12/musical-robots-overview-methods-evaluation-emma-frid","https://scholar.google.com/scholar?cites=16816713562031855049&as_sdt=2005&sciodt=2007&hl=en",768,"2025-12-14 08:01:17","","10.1201/9781003320470-12","","",,,,,4,2.00,4,1,2,"… (CC) and Artificial Intelligence (AI) … evaluation of Human-Robot Interaction (HRI) in robot musicianship but also about the quality of the generated musical output. The topic of evaluation …","","https://scholar.google.com/scholar?q=related:yRVnyuL3YOkJ:scholar.google.com/&scioq=guitar%7C%22electric+guitar%22+%22artificial+intelligence%22%7C%22machine+learning%22%7C%22deep+learning%22%7C%22audio+analysis%22+feedback%7C%22performance+analysis%22%7Cevaluation%7Cexpressivity&hl=en&as_sdt=2007"
14,"S Li, Y Sung","Transformer-based seq2seq model for chord progression generation",2023,"Mathematics","mdpi.com","https://www.mdpi.com/2227-7390/11/5/1111","https://scholar.google.com/scholar?cites=7092367193579485358&as_sdt=2005&sciodt=2007&hl=en",769,"2025-12-14 08:01:17","HTML","","","",,,,,14,7.00,7,2,2,"… Machine learning is widely used in various practical … Evaluation experiments are conducted using the proposed … [12] is designed to handle polyphonic guitar music. Chord progression …","https://www.mdpi.com/2227-7390/11/5/1111","https://scholar.google.com/scholar?q=related:rnjwtWImbWIJ:scholar.google.com/&scioq=guitar%7C%22electric+guitar%22+%22artificial+intelligence%22%7C%22machine+learning%22%7C%22deep+learning%22%7C%22audio+analysis%22+feedback%7C%22performance+analysis%22%7Cevaluation%7Cexpressivity&hl=en&as_sdt=2007"
247,"AA Liu, N Xu, WZ Nie, YT Su, Y Wong, ...","Benchmarking a multimodal and multiview and interactive dataset for human action recognition",2016,"IEEE Transactions …","ieeexplore.ieee.org","https://ieeexplore.ieee.org/abstract/document/7515012/","https://scholar.google.com/scholar?cites=8320292989914658503&as_sdt=2005&sciodt=2007&hl=en",770,"2025-12-14 08:01:17","","","","",,,,,247,27.44,41,6,9,"… vision and machine learning communities. In the past decades, the machine learning problem … For the Fisher vector, we only use the iDT-COM feature for the evaluation due to higher …","","https://scholar.google.com/scholar?q=related:xzYJO2Sed3MJ:scholar.google.com/&scioq=guitar%7C%22electric+guitar%22+%22artificial+intelligence%22%7C%22machine+learning%22%7C%22deep+learning%22%7C%22audio+analysis%22+feedback%7C%22performance+analysis%22%7Cevaluation%7Cexpressivity&hl=en&as_sdt=2007"
12,"RK Nayyar, S Nair, O Patil, R Pawar, ...","Content-based auto-tagging of audios using deep learning",2017,"… conference on big …","ieeexplore.ieee.org","https://ieeexplore.ieee.org/abstract/document/8336569/","https://scholar.google.com/scholar?cites=7535372274276790181&as_sdt=2005&sciodt=2007&hl=en",771,"2025-12-14 08:01:17","","","","",,,,,12,1.50,2,5,8,"… given as input to machine learning models for training and … a boon for solving many machine learning problems as they … dataset used for training and evaluation is given. In Section 3, …","","https://scholar.google.com/scholar?q=related:pW-YyigFk2gJ:scholar.google.com/&scioq=guitar%7C%22electric+guitar%22+%22artificial+intelligence%22%7C%22machine+learning%22%7C%22deep+learning%22%7C%22audio+analysis%22+feedback%7C%22performance+analysis%22%7Cevaluation%7Cexpressivity&hl=en&as_sdt=2007"
173,"E Guzman, R Alkadhi, N Seyff","A needle in a haystack: What do twitter users say about software?",2016,"2016 IEEE 24th international …","ieeexplore.ieee.org","https://ieeexplore.ieee.org/abstract/document/7765515/","https://scholar.google.com/scholar?cites=7628636382932630498&as_sdt=2005&sciodt=2007&hl=en",772,"2025-12-14 08:01:17","","","","",,,,,173,19.22,58,3,9,"… Furthermore, our results demonstrate that machine learning techniques have the capacity to … [18] used machine learning techniques for the classification of user feedback into categories …","https://www.zora.uzh.ch/id/eprint/205005/1/Guzman_Seyff_RE2016.pdf","https://scholar.google.com/scholar?q=related:4vtRPV9c3mkJ:scholar.google.com/&scioq=guitar%7C%22electric+guitar%22+%22artificial+intelligence%22%7C%22machine+learning%22%7C%22deep+learning%22%7C%22audio+analysis%22+feedback%7C%22performance+analysis%22%7Cevaluation%7Cexpressivity&hl=en&as_sdt=2007"
13,"MA Kabadjov, M Poesio, J Steinberger","Task-based evaluation of anaphora resolution: the case of summarization",2005,"… of the RANLP'05 workshop on …","acl-bg.org","https://acl-bg.org/proceedings/2005/RANLP_W1%202005.pdf#page=26","https://scholar.google.com/scholar?cites=18060462988298089255&as_sdt=2005&sciodt=2007&hl=en",773,"2025-12-14 08:01:17","PDF","","","",,,,,13,0.65,4,3,20,"… system, GUITAR, only re… of GUITAR may be used to improve the performance of a summarizer like the one we are using. Finally, we discuss how use of the different versions of GUITAR …","https://acl-bg.org/proceedings/2005/RANLP_W1%202005.pdf#page=26","https://scholar.google.com/scholar?q=related:J_OYQGano_oJ:scholar.google.com/&scioq=guitar%7C%22electric+guitar%22+%22artificial+intelligence%22%7C%22machine+learning%22%7C%22deep+learning%22%7C%22audio+analysis%22+feedback%7C%22performance+analysis%22%7Cevaluation%7Cexpressivity&hl=en&as_sdt=2007"
7,"YW Wen, CK Ting","Composing bossa nova by evolutionary computation",2020,"2020 International Joint Conference on …","ieeexplore.ieee.org","https://ieeexplore.ieee.org/abstract/document/9207713/","https://scholar.google.com/scholar?cites=14519277207597015383&as_sdt=2005&sciodt=2007&hl=en",774,"2025-12-14 08:01:17","","","","",,,,,7,1.40,4,2,5,"… Abstract—Development of artificial intelligence has enabled … or performed on piano, guitar, saxophone while the percussion … rule-based evaluation, in which a set of evaluation rules are …","","https://scholar.google.com/scholar?q=related:V-E-orHVfskJ:scholar.google.com/&scioq=guitar%7C%22electric+guitar%22+%22artificial+intelligence%22%7C%22machine+learning%22%7C%22deep+learning%22%7C%22audio+analysis%22+feedback%7C%22performance+analysis%22%7Cevaluation%7Cexpressivity&hl=en&as_sdt=2007"
2,"F Ishtiaque, EB Motahar, MSR Sajal, ...","Students' Attention Classification During Class Lecture Using BCI and Machine Learning: A Pathway Towards Neurofeedback-Based Learning",2023,"2023 15th …","ieeexplore.ieee.org","https://ieeexplore.ieee.org/abstract/document/10387369/","https://scholar.google.com/scholar?cites=7123240247710053158&as_sdt=2005&sciodt=2007&hl=en",775,"2025-12-14 08:01:17","","","","",,,,,2,1.00,1,4,2,"… EEG during cognitive tasks with machine learning. Although with their … to find out if a machine learning model can depict this … Finally, we plan to develop an automatic feedback-based …","","https://scholar.google.com/scholar?q=related:JvOFxkPV2mIJ:scholar.google.com/&scioq=guitar%7C%22electric+guitar%22+%22artificial+intelligence%22%7C%22machine+learning%22%7C%22deep+learning%22%7C%22audio+analysis%22+feedback%7C%22performance+analysis%22%7Cevaluation%7Cexpressivity&hl=en&as_sdt=2007"
367,"J Zhao, Y Kim, K Zhang, A Rush, ...","Adversarially regularized autoencoders",2018,"… on machine learning","proceedings.mlr.press","http://proceedings.mlr.press/v80/zhao18b.html?ref=https://githubhelp.com","https://scholar.google.com/scholar?cites=5024716526871945774&as_sdt=2005&sciodt=2007&hl=en",776,"2025-12-14 08:01:17","","","","",,,,,367,52.43,73,5,7,"… unaligned textual style transfer, giving improvements both in automatic/human evaluation compared to existing methods. … ⇒Several Several child playing a guitar on side with a table . …","http://proceedings.mlr.press/v80/zhao18b/zhao18b.pdf","https://scholar.google.com/scholar?q=related:LqI8IQ9hu0UJ:scholar.google.com/&scioq=guitar%7C%22electric+guitar%22+%22artificial+intelligence%22%7C%22machine+learning%22%7C%22deep+learning%22%7C%22audio+analysis%22+feedback%7C%22performance+analysis%22%7Cevaluation%7Cexpressivity&hl=en&as_sdt=2007"
8,"L Sharma, PK Garg","Knowledge representation in artificial intelligence: An overview",2021,"Artificial intelligence","taylorfrancis.com","https://www.taylorfrancis.com/chapters/edit/10.1201/9781003140351-3/knowledge-representation-artificial-intelligence-overview-lavanya-sharma-pradeep-kumar-garg","https://scholar.google.com/scholar?cites=1893037474205107974&as_sdt=2005&sciodt=2007&hl=en",777,"2025-12-14 08:01:17","","10.1201/9781003140351-3","","",,,,,8,2.00,4,2,4,"In real world, knowledge plays a significant role in exhibiting intelligent behavior by artificial intelligence (AI) agents. In AI, an agent can act accurately if it has past experience related to …","","https://scholar.google.com/scholar?q=related:Bod_lI1rRRoJ:scholar.google.com/&scioq=guitar%7C%22electric+guitar%22+%22artificial+intelligence%22%7C%22machine+learning%22%7C%22deep+learning%22%7C%22audio+analysis%22+feedback%7C%22performance+analysis%22%7Cevaluation%7Cexpressivity&hl=en&as_sdt=2007"
288,"WY Hsiao, JY Liu, YC Yeh, YH Yang","Compound word transformer: Learning to compose full-song music over dynamic directed hypergraphs",2021,"… on Artificial Intelligence","ojs.aaai.org","https://ojs.aaai.org/index.php/AAAI/article/view/16091","https://scholar.google.com/scholar?cites=13215624610871750027&as_sdt=2005&sciodt=2007&hl=en",778,"2025-12-14 08:01:17","","","","",,,,,288,72.00,72,4,4,"… Yet, to have an idea of the model performance when more resources are available, we include to the evaluation of the conditional task two settings exceeding such a specification. We …","https://ojs.aaai.org/index.php/AAAI/article/download/16091/15898","https://scholar.google.com/scholar?q=related:i63rb5BUZ7cJ:scholar.google.com/&scioq=guitar%7C%22electric+guitar%22+%22artificial+intelligence%22%7C%22machine+learning%22%7C%22deep+learning%22%7C%22audio+analysis%22+feedback%7C%22performance+analysis%22%7Cevaluation%7Cexpressivity&hl=en&as_sdt=2007"
99,"A Roberts, J Engel, D Eck","Hierarchical variational autoencoders for music",2017,"… on Machine Learning for …","nips2017creativity.github.io","https://nips2017creativity.github.io/doc/Hierarchical_Variational_Autoencoders_for_Music.pdf","https://scholar.google.com/scholar?cites=18100115752057938385&as_sdt=2005&sciodt=2007&hl=en",779,"2025-12-14 08:01:17","PDF","","","",,,,,99,12.38,33,3,8,"In this work we develop recurrent variational autoencoders (VAEs) trained to reproduce short musical sequences and demonstrate their use as a creative device both via random …","https://nips2017creativity.github.io/doc/Hierarchical_Variational_Autoencoders_for_Music.pdf","https://scholar.google.com/scholar?q=related:0aHdwmCHMPsJ:scholar.google.com/&scioq=guitar%7C%22electric+guitar%22+%22artificial+intelligence%22%7C%22machine+learning%22%7C%22deep+learning%22%7C%22audio+analysis%22+feedback%7C%22performance+analysis%22%7Cevaluation%7Cexpressivity&hl=en&as_sdt=2007"
17,"A Flexer, T Lallai","Can We Increase Inter-and Intra-Rater Agreement in Modeling General Music Similarity?.",2019,"ISMIR","archives.ismir.net","https://archives.ismir.net/ismir2019/paper/000059.pdf","https://scholar.google.com/scholar?cites=4216525309882144177&as_sdt=2005&sciodt=2007&hl=en",780,"2025-12-14 08:01:17","PDF","","","",,,,,17,2.83,9,2,6,"… We discuss the impacts of our results on evaluation of respective machine learning models … a Rock style from the 1970s, with chosen songs being guitar-heavy and with male singers; (v) …","https://archives.ismir.net/ismir2019/paper/000059.pdf","https://scholar.google.com/scholar?q=related:sRX44W0bhDoJ:scholar.google.com/&scioq=guitar%7C%22electric+guitar%22+%22artificial+intelligence%22%7C%22machine+learning%22%7C%22deep+learning%22%7C%22audio+analysis%22+feedback%7C%22performance+analysis%22%7Cevaluation%7Cexpressivity&hl=en&as_sdt=2007"
3,"D Park, KM Kang, JW Bae, ...","Robot Vision to audio description based on deep learning for effective human-robot interaction",2019,"The Journal of Korea …","Korea Robotics Society","","https://scholar.google.com/scholar?cites=16222705992301099118&as_sdt=2005&sciodt=2007&hl=en",781,"2025-12-14 08:01:17","CITATION","","","",,,,,3,0.50,1,4,6,"","","https://scholar.google.com/scholar?q=related:bji1_iWhIuEJ:scholar.google.com/&scioq=guitar%7C%22electric+guitar%22+%22artificial+intelligence%22%7C%22machine+learning%22%7C%22deep+learning%22%7C%22audio+analysis%22+feedback%7C%22performance+analysis%22%7Cevaluation%7Cexpressivity&hl=en&as_sdt=2007"
61,"Z Gu, H Huang, J Zhang, D Su, A Lamba, ...","Securing input data of deep learning inference systems via partitioned enclave execution",2018,"arXiv preprint arXiv …","researchgate.net","https://www.researchgate.net/profile/Ankita-Lamba/publication/326171835_Securing_Input_Data_of_Deep_Learning_Inference_Systems_via_Partitioned_Enclave_Execution/links/5b75c09092851ca65064df4e/Securing-Input-Data-of-Deep-Learning-Inference-Systems-via-Partitioned-Enclave-Execution.pdf","https://scholar.google.com/scholar?cites=7260976449042120171&as_sdt=2005&sciodt=2007&hl=en",782,"2025-12-14 08:01:17","PDF","","","",,,,,61,8.71,10,6,7,"… Our comprehensive security and performance analysis can be used as a guideline for end users to determine their own principle for partitioning DNNs, thus to achieve maximized …","https://www.researchgate.net/profile/Ankita-Lamba/publication/326171835_Securing_Input_Data_of_Deep_Learning_Inference_Systems_via_Partitioned_Enclave_Execution/links/5b75c09092851ca65064df4e/Securing-Input-Data-of-Deep-Learning-Inference-Systems-via-Partitioned-Enclave-Execution.pdf","https://scholar.google.com/scholar?q=related:6_2hL5wrxGQJ:scholar.google.com/&scioq=guitar%7C%22electric+guitar%22+%22artificial+intelligence%22%7C%22machine+learning%22%7C%22deep+learning%22%7C%22audio+analysis%22+feedback%7C%22performance+analysis%22%7Cevaluation%7Cexpressivity&hl=en&as_sdt=2007"
2,"BC Wesolowski, A Ng","The development of a predictive opportunity-to-learn model using machine learning",2020,"","nafme.org","https://nafme.org/wp-content/uploads/2020/11/OTL-FInal-Report-Wesolowski.pdf","https://scholar.google.com/scholar?cites=15304866873327951529&as_sdt=2005&sciodt=2007&hl=en",783,"2025-12-14 08:01:17","PDF","","","",,,,,2,0.40,1,2,5,"… “Just as electricity transformed almost everything 100 years ago, today I actually have a hard time thinking of an industry that I don’t think artificial intelligence will transform in the next …","https://nafme.org/wp-content/uploads/2020/11/OTL-FInal-Report-Wesolowski.pdf","https://scholar.google.com/scholar?q=related:qR5bJ1XPZdQJ:scholar.google.com/&scioq=guitar%7C%22electric+guitar%22+%22artificial+intelligence%22%7C%22machine+learning%22%7C%22deep+learning%22%7C%22audio+analysis%22+feedback%7C%22performance+analysis%22%7Cevaluation%7Cexpressivity&hl=en&as_sdt=2007"
2,"N Georgiev","Assisting physiotherapists by designing a system utilising interactive machine learning",2021,"","diva-portal.org","https://www.diva-portal.org/smash/record.jsf?pid=diva2:1574200","https://scholar.google.com/scholar?cites=1442287146430301030&as_sdt=2005&sciodt=2007&hl=en",784,"2025-12-14 08:01:17","","","","",,,,,2,0.50,2,1,4,"… Interactive machine learning (IML)[7–9] is a particularly interesting type of machine learning (… research question: How could interactive machine learning be integrated in a system aiding …","https://www.diva-portal.org/smash/get/diva2:1574200/FULLTEXT01.pdf","https://scholar.google.com/scholar?q=related:ZgMXo4QIBBQJ:scholar.google.com/&scioq=guitar%7C%22electric+guitar%22+%22artificial+intelligence%22%7C%22machine+learning%22%7C%22deep+learning%22%7C%22audio+analysis%22+feedback%7C%22performance+analysis%22%7Cevaluation%7Cexpressivity&hl=en&as_sdt=2007"
4,"L Zhou","Paper Dreams: an adaptive drawing canvas supported by machine learning",2019,"","dspace.mit.edu","https://dspace.mit.edu/handle/1721.1/122990","https://scholar.google.com/scholar?cites=15819598237110350522&as_sdt=2005&sciodt=2007&hl=en",785,"2025-12-14 08:01:17","","","","",,,,,4,0.67,4,1,6,"… the Paper Dreams team feels that evaluation of and feedback for our current user interface is … Therefore, we plan to conduct user studies for in-person feedback and are building towards …","https://dspace.mit.edu/bitstream/handle/1721.1/122990/1127290502-MIT.pdf?sequence=1","https://scholar.google.com/scholar?q=related:urJb5MeAitsJ:scholar.google.com/&scioq=guitar%7C%22electric+guitar%22+%22artificial+intelligence%22%7C%22machine+learning%22%7C%22deep+learning%22%7C%22audio+analysis%22+feedback%7C%22performance+analysis%22%7Cevaluation%7Cexpressivity&hl=en&as_sdt=2007"
5,"PA Grumiaux","Deep learning for speaker counting and localization with Ambisonics signals",2021,"","theses.hal.science","https://theses.hal.science/tel-03538600/","https://scholar.google.com/scholar?cites=14188349551607945374&as_sdt=2005&sciodt=2007&hl=en",786,"2025-12-14 08:01:17","","","","",,,,,5,1.25,5,1,4,"… We also provide a performance analysis of this model … , underwater volcanoes, loudspeaker, guitar string, emits a sound wave … For example, a guitar bass sound is mainly made of low …","https://theses.hal.science/tel-03538600/document","https://scholar.google.com/scholar?q=related:nhiqfL4k58QJ:scholar.google.com/&scioq=guitar%7C%22electric+guitar%22+%22artificial+intelligence%22%7C%22machine+learning%22%7C%22deep+learning%22%7C%22audio+analysis%22+feedback%7C%22performance+analysis%22%7Cevaluation%7Cexpressivity&hl=en&as_sdt=2007"
16,"Z Li, J Zhou, J Zhang, S Tang, K Li, D Guo","Patch-level sounding object tracking for audio-visual question answering",2025,"… on Artificial Intelligence","ojs.aaai.org","https://ojs.aaai.org/index.php/AAAI/article/view/32538","https://scholar.google.com/scholar?cites=7347151210743293035&as_sdt=2005&sciodt=2007&hl=en",787,"2025-12-14 08:01:17","","","","",,,,,16,16.00,3,6,1,"… the guitar in the last segment, we cannot identify which guitar … the given questions, eg, the guitar on the right “sound always” … ) as the metric for model evaluation. Implementation details. …","https://ojs.aaai.org/index.php/AAAI/article/view/32538/34693","https://scholar.google.com/scholar?q=related:a2RvaxlT9mUJ:scholar.google.com/&scioq=guitar%7C%22electric+guitar%22+%22artificial+intelligence%22%7C%22machine+learning%22%7C%22deep+learning%22%7C%22audio+analysis%22+feedback%7C%22performance+analysis%22%7Cevaluation%7Cexpressivity&hl=en&as_sdt=2007"
55,"G Shi","Method of establishing a harmony control signal controlled in real-time by a guitar input signal",2010,"US Patent 7,667,126","Google Patents","https://patents.google.com/patent/US7667126B2/en","https://scholar.google.com/scholar?cites=8137218241279647569&as_sdt=2005&sciodt=2007&hl=en",788,"2025-12-14 08:01:17","","","","",,,,,55,3.67,55,1,15,"US7667126B2 - Method of establishing a harmony control signal controlled in real-time by a guitar input signal - Google Patents US7667126B2 - Method of establishing a harmony …","https://patentimages.storage.googleapis.com/ca/18/f8/ea47f1b160b47c/US7667126.pdf","https://scholar.google.com/scholar?q=related:UV9Nq-A07XAJ:scholar.google.com/&scioq=guitar%7C%22electric+guitar%22+%22artificial+intelligence%22%7C%22machine+learning%22%7C%22deep+learning%22%7C%22audio+analysis%22+feedback%7C%22performance+analysis%22%7Cevaluation%7Cexpressivity&hl=en&as_sdt=2007"
17,"K Adiasto","Sustainable employability: Sustainable employability in the age of generative artificial intelligence",2024,"Group &Organization Management","journals.sagepub.com","https://journals.sagepub.com/doi/abs/10.1177/10596011241238792","https://scholar.google.com/scholar?cites=17913681699444472989&as_sdt=2005&sciodt=2007&hl=en",789,"2025-12-14 08:01:17","","10.1177/10596011241238792","","",,,,,17,17.00,17,1,1,"Unless you have been deliberately living under a rock, I assume that most of you are familiar with ChatGPT: the artificial intelligence chatbot developed by OpenAI (https://openai. com/…","https://journals.sagepub.com/doi/full/10.1177/10596011241238792","https://scholar.google.com/scholar?q=related:nbzNSpgumvgJ:scholar.google.com/&scioq=guitar%7C%22electric+guitar%22+%22artificial+intelligence%22%7C%22machine+learning%22%7C%22deep+learning%22%7C%22audio+analysis%22+feedback%7C%22performance+analysis%22%7Cevaluation%7Cexpressivity&hl=en&as_sdt=2007"
19,"A Manu","Transcending imagination: Artificial intelligence and the future of creativity",2024,"","api.taylorfrancis.com","https://api.taylorfrancis.com/content/books/mono/download?identifierName=doi&identifierValue=10.1201/9781003450139&type=googlepdf","https://scholar.google.com/scholar?cites=17054262355646228727&as_sdt=2005&sciodt=2007&hl=en",790,"2025-12-14 08:01:17","BOOK","","","",,,,,19,19.00,19,1,1,"… of AI prompts a re-evaluation of traditional methodologies and the … advocates for a re-evaluation of our categorizations and … Traditionally, one might think of a piano or a guitar. However, …","","https://scholar.google.com/scholar?q=related:9yicTkHprOwJ:scholar.google.com/&scioq=guitar%7C%22electric+guitar%22+%22artificial+intelligence%22%7C%22machine+learning%22%7C%22deep+learning%22%7C%22audio+analysis%22+feedback%7C%22performance+analysis%22%7Cevaluation%7Cexpressivity&hl=en&as_sdt=2007"
479,"F Santoni de Sio, G Mecacci","Four responsibility gaps with artificial intelligence: Why they matter and how to address them",2021,"Philosophy &technology","Springer","https://link.springer.com/article/10.1007/s13347-021-00450-x","https://scholar.google.com/scholar?cites=4322825812905694671&as_sdt=2005&sciodt=2007&hl=en",791,"2025-12-14 08:01:17","HTML","10.1007/s13347-021-00450-x","","",,,,,479,119.75,240,2,4,"The notion of “responsibility gap” with artificial intelligence (AI) was originally introduced in the philosophical debate to indicate the concern that “learning automata” may make more …","https://link.springer.com/article/10.1007/s13347-021-00450-x","https://scholar.google.com/scholar?q=related:zxUibCzD_TsJ:scholar.google.com/&scioq=guitar%7C%22electric+guitar%22+%22artificial+intelligence%22%7C%22machine+learning%22%7C%22deep+learning%22%7C%22audio+analysis%22+feedback%7C%22performance+analysis%22%7Cevaluation%7Cexpressivity&hl=en&as_sdt=2007"
2,"V Mabirizi, S Kawuma, D Natumanya, ...","Deep Learning Techniques in DICOM Files Classification: A Systematic Review",2025,"Artificial Intelligence …","researchgate.net","https://www.researchgate.net/profile/Vicent-Mabirizi/publication/389944336_Deep_Learning_Techniques_in_DICOM_Files_Classification_A_Systematic_Review/links/67d9d0327c5b5569dcc0cdb2/Deep-Learning-Techniques-in-DICOM-Files-Classification-A-Systematic-Review.pdf","https://scholar.google.com/scholar?cites=15151598469934355275&as_sdt=2005&sciodt=2007&hl=en",792,"2025-12-14 08:01:17","PDF","","","",,,,,2,2.00,1,4,1,"… [8] proposed a processing pipeline using machine learning techniques to convert DICOM … [45] conducted a systematic evaluation of the performance of several state-of-the-art object …","https://www.researchgate.net/profile/Vicent-Mabirizi/publication/389944336_Deep_Learning_Techniques_in_DICOM_Files_Classification_A_Systematic_Review/links/67d9d0327c5b5569dcc0cdb2/Deep-Learning-Techniques-in-DICOM-Files-Classification-A-Systematic-Review.pdf","https://scholar.google.com/scholar?q=related:SxPKI4hKRdIJ:scholar.google.com/&scioq=guitar%7C%22electric+guitar%22+%22artificial+intelligence%22%7C%22machine+learning%22%7C%22deep+learning%22%7C%22audio+analysis%22+feedback%7C%22performance+analysis%22%7Cevaluation%7Cexpressivity&hl=en&as_sdt=2007"
7,"R Nalla, M Varela, M Oispuu","Evaluation of Image Classification Networks on Impulse Sound Classification Task",2021,"2021 IEEE International …","ieeexplore.ieee.org","https://ieeexplore.ieee.org/abstract/document/9591202/","https://scholar.google.com/scholar?cites=2447078358775255359&as_sdt=2005&sciodt=2007&hl=en",793,"2025-12-14 08:01:17","","","","",,,,,7,1.75,2,3,4,"… The main aim of this paper is to evaluate the performance of deep learning image … the traditional machine learning techniques. But the acoustic event classes used are acoustic guitar, …","","https://scholar.google.com/scholar?q=related:P1FYWM3E9SEJ:scholar.google.com/&scioq=guitar%7C%22electric+guitar%22+%22artificial+intelligence%22%7C%22machine+learning%22%7C%22deep+learning%22%7C%22audio+analysis%22+feedback%7C%22performance+analysis%22%7Cevaluation%7Cexpressivity&hl=en&as_sdt=2007"
2,"S Bengani, S Vadivel, JAA Jothi","Efficient music auto-tagging with convolutional neural networks",2019,"Journal of Computer Science","academia.edu","https://www.academia.edu/download/88805851/jcssp.2019.1203.1208.pdf","https://scholar.google.com/scholar?cites=1371951360351026811&as_sdt=2005&sciodt=2007&hl=en",794,"2025-12-14 08:01:17","PDF","","","",,,,,2,0.33,1,3,6,"… , deep learning techniques using convolutional neural networks produce state- ofthe-art results for this task. Several deep learning … In this paper, we present a deep learning-based …","https://www.academia.edu/download/88805851/jcssp.2019.1203.1208.pdf","https://scholar.google.com/scholar?q=related:ez7WSn4mChMJ:scholar.google.com/&scioq=guitar%7C%22electric+guitar%22+%22artificial+intelligence%22%7C%22machine+learning%22%7C%22deep+learning%22%7C%22audio+analysis%22+feedback%7C%22performance+analysis%22%7Cevaluation%7Cexpressivity&hl=en&as_sdt=2007"
3,"TM Walker, SP Whalen","Dynamic recombination of evolving guitar sounds (DREGS): A genetic algorithm approach to guitar synthesizer control",2013,"2013 IEEE International Symposium …","ieeexplore.ieee.org","https://ieeexplore.ieee.org/abstract/document/6746799/","https://scholar.google.com/scholar?cites=12471317476672117443&as_sdt=2005&sciodt=2007&hl=en",795,"2025-12-14 08:01:17","","","","",,,,,3,0.25,2,2,12,"… of the parameter space of a guitar synthesizer. The musician is removed entirely from any direct control of the parameters; rather, he or she provides feedback to an intelligent agent that …","","https://scholar.google.com/scholar?q=related:w5opTisFE60J:scholar.google.com/&scioq=guitar%7C%22electric+guitar%22+%22artificial+intelligence%22%7C%22machine+learning%22%7C%22deep+learning%22%7C%22audio+analysis%22+feedback%7C%22performance+analysis%22%7Cevaluation%7Cexpressivity&hl=en&as_sdt=2007"
103,"T Singh, DK Vishwakarma","Video benchmarks of human action datasets: a review",2019,"Artificial Intelligence Review","Springer","https://link.springer.com/article/10.1007/s10462-018-9651-1","https://scholar.google.com/scholar?cites=15913712059560771571&as_sdt=2005&sciodt=2007&hl=en",796,"2025-12-14 08:01:17","","10.1007/s10462-018-9651-1","","",,,,,103,17.17,52,2,6,"… In comparison with earlier surveys, our works give a better presentation of datasets on the well-organised comparison, challenges, and latest evaluation technique on existing datasets. …","https://www.researchgate.net/profile/Dr-Singh-21/publication/327078109_Video_benchmarks_of_human_action_datasets_a_review/links/5b77b588299bf1d5a711cc6c/Video-benchmarks-of-human-action-datasets-a-review.pdf","https://scholar.google.com/scholar?q=related:8z_4v83c2NwJ:scholar.google.com/&scioq=guitar%7C%22electric+guitar%22+%22artificial+intelligence%22%7C%22machine+learning%22%7C%22deep+learning%22%7C%22audio+analysis%22+feedback%7C%22performance+analysis%22%7Cevaluation%7Cexpressivity&hl=en&as_sdt=2007"
24,"JA O'Malia, AP Hartmann, K Bitsakos, ...","Artificial intelligence framework",2019,"US Patent App. 16 …","Google Patents","https://patents.google.com/patent/US20190108448A1/en","https://scholar.google.com/scholar?cites=8350499605093168808&as_sdt=2005&sciodt=2007&hl=en",797,"2025-12-14 08:01:17","","","","",,,,,24,4.00,6,4,6,"… create enough feedback about the … guitar. The agent may create notes. An example of an action may be to generate waveforms which represent a melody being played on a guitar …","https://patentimages.storage.googleapis.com/66/c6/ae/13afe4e7ec23ab/US20190108448A1.pdf","https://scholar.google.com/scholar?q=related:qDae4iXv4nMJ:scholar.google.com/&scioq=guitar%7C%22electric+guitar%22+%22artificial+intelligence%22%7C%22machine+learning%22%7C%22deep+learning%22%7C%22audio+analysis%22+feedback%7C%22performance+analysis%22%7Cevaluation%7Cexpressivity&hl=en&as_sdt=2007"
30,"N Khaleghi, TY Rezaii, S Beheshti, ...","Developing an efficient functional connectivity-based geometric deep network for automatic EEG-based visual decoding",2023,"… Signal Processing and …","Elsevier","https://www.sciencedirect.com/science/article/pii/S1746809422006759","https://scholar.google.com/scholar?cites=11539830568070367481&as_sdt=2005&sciodt=2007&hl=en",798,"2025-12-14 08:01:17","","","","",,,,,30,15.00,8,4,2,"Neural decoding is of great importance in computational neuroscience to automatically interpret brain activities in order to address the challenging problem of mind-reading. Analyzing …","","https://scholar.google.com/scholar?q=related:-UgH0sK2JaAJ:scholar.google.com/&scioq=guitar%7C%22electric+guitar%22+%22artificial+intelligence%22%7C%22machine+learning%22%7C%22deep+learning%22%7C%22audio+analysis%22+feedback%7C%22performance+analysis%22%7Cevaluation%7Cexpressivity&hl=en&as_sdt=2007"
6,"Y Tang, X Han, X Li, Q Yu, J Xu, Y Hao, L Hu, ...","More text, less point: Towards 3d data-efficient point-language understanding",2025,"… on Artificial Intelligence","ojs.aaai.org","https://ojs.aaai.org/index.php/AAAI/article/view/32783","https://scholar.google.com/scholar?cites=727293061776740934&as_sdt=2005&sciodt=2007&hl=en",799,"2025-12-14 08:01:17","","","","",,,,,6,6.00,1,8,1,"… We observe that existing evaluation approaches often rely on GPT-4 and GPT-3.5 to assess … This is a 3D model of a cartoon-style electric guitar. The guitar is predominantly black, giving …","https://ojs.aaai.org/index.php/AAAI/article/download/32783/34938","https://scholar.google.com/scholar?q=related:RhLPsi_dFwoJ:scholar.google.com/&scioq=guitar%7C%22electric+guitar%22+%22artificial+intelligence%22%7C%22machine+learning%22%7C%22deep+learning%22%7C%22audio+analysis%22+feedback%7C%22performance+analysis%22%7Cevaluation%7Cexpressivity&hl=en&as_sdt=2007"
71,"QM Areeb, M Nadeem, R Alroobaea, F Anwer","Helping hearing-impaired in emergency situations: A deep learning-based approach",2022,"IEEE Access","ieeexplore.ieee.org","https://ieeexplore.ieee.org/abstract/document/9681062/","https://scholar.google.com/scholar?cites=11597387435912512757&as_sdt=2005&sciodt=2007&hl=en",800,"2025-12-14 08:01:17","","","","",,,,,71,23.67,18,4,3,"… In the present study, deep learning-based hand gesture recognition models are developed to accurately predict the emergency signs of Indian Sign Language (ISL). The dataset used …","https://ieeexplore.ieee.org/iel7/6287639/6514899/09681062.pdf","https://scholar.google.com/scholar?q=related:9cQkaG0y8qAJ:scholar.google.com/&scioq=guitar%7C%22electric+guitar%22+%22artificial+intelligence%22%7C%22machine+learning%22%7C%22deep+learning%22%7C%22audio+analysis%22+feedback%7C%22performance+analysis%22%7Cevaluation%7Cexpressivity&hl=en&as_sdt=2007"
3,"T Woo, WT Kuo, V Komma","System and method for generating emoji mashups with machine learning",2022,"US Patent 11,423,596","Google Patents","https://patents.google.com/patent/US11423596B2/en","https://scholar.google.com/scholar?cites=11931720177287406485&as_sdt=2005&sciodt=2007&hl=en",801,"2025-12-14 08:01:17","","","","",,,,,3,1.00,1,3,3,"… the guitar emoji 504 and star emoji 506 were presented in response to high data points that may have been determined from the initial training by the machine learning … and feedback is …","https://patentimages.storage.googleapis.com/1d/37/3f/83108470ccf9ca/US11423596.pdf","https://scholar.google.com/scholar?q=related:laOTxkj8laUJ:scholar.google.com/&scioq=guitar%7C%22electric+guitar%22+%22artificial+intelligence%22%7C%22machine+learning%22%7C%22deep+learning%22%7C%22audio+analysis%22+feedback%7C%22performance+analysis%22%7Cevaluation%7Cexpressivity&hl=en&as_sdt=2007"
6,"A Bozal Chaves","Personalized image classification from EEG signals using deep learning",2017,"","Universitat Politècnica de Catalunya","","https://scholar.google.com/scholar?cites=14965927136265343209&as_sdt=2005&sciodt=2007&hl=en",802,"2025-12-14 08:01:17","CITATION","","","",,,,,6,0.75,6,1,8,"","","https://scholar.google.com/scholar?q=related:6ZB5A3Cnsc8J:scholar.google.com/&scioq=guitar%7C%22electric+guitar%22+%22artificial+intelligence%22%7C%22machine+learning%22%7C%22deep+learning%22%7C%22audio+analysis%22+feedback%7C%22performance+analysis%22%7Cevaluation%7Cexpressivity&hl=en&as_sdt=2007"
10,"S Singla","Machine Learning for Finance",2020,"","sciendo.com","https://sciendo.com/2/v2/download/chapter/9789389328622/10.0000/9789389328622-001.pdf?Token=eyJhbGciOiJIUzI1NiIsInR5cCI6IkpXVCJ9.eyJ1c2VycyI6W3sic3ViIjoyNTY3ODUxNywicHVicmVmIjoiNzY0NDg4IiwibmFtZSI6Ikdvb2dsZSBHb29nbGVib3QgLSBXZWIgQ3Jhd2xlciBTRU8iLCJ0eXBlIjoiaW5zdGl0dXRpb24iLCJsb2dvdXRfbGluayI6Imh0dHBzOi8vY29ubmVjdC5saWJseW54LmNvbS9sb2dvdXQvNjdmNThlNTAxMTQ1Y2ZlYTdlZDk3NmFiNDkxMWMyNjUiLCJhdXRoX21ldGhvZCI6ImlwIiwiaXAiOiI2Ni4yNDkuNzYuMTYwIn1dLCJpYXQiOjE3NDQxNDY2NDQsImV4cCI6MTc0NTM1NjI0NH0.EFDirskOw-wyNqfyn_E8QWEHQVvcM1h7Tz21INc8XlQ","https://scholar.google.com/scholar?cites=6899719220754802670&as_sdt=2005&sciodt=2007&hl=en",803,"2025-12-14 08:01:17","BOOK","10.0000/9789389328622-001","","",,,,,10,2.00,10,1,5,"… our products, and our authors can see your feedback on their book. Thank you! … guitar, that’sa process that describes machine learning. If someone asks you to look for the best guitar …","https://sciendo.com/2/v2/download/chapter/9789389328622/10.0000/9789389328622-001.pdf?Token=eyJhbGciOiJIUzI1NiIsInR5cCI6IkpXVCJ9.eyJ1c2VycyI6W3sic3ViIjoyNTY3ODUxNywicHVicmVmIjoiNzY0NDg4IiwibmFtZSI6Ikdvb2dsZSBHb29nbGVib3QgLSBXZWIgQ3Jhd2xlciBTRU8iLCJ0eXBlIjoiaW5zdGl0dXRpb24iLCJsb2dvdXRfbGluayI6Imh0dHBzOi8vY29ubmVjdC5saWJseW54LmNvbS9sb2dvdXQvNjdmNThlNTAxMTQ1Y2ZlYTdlZDk3NmFiNDkxMWMyNjUiLCJhdXRoX21ldGhvZCI6ImlwIiwiaXAiOiI2Ni4yNDkuNzYuMTYwIn1dLCJpYXQiOjE3NDQxNDY2NDQsImV4cCI6MTc0NTM1NjI0NH0.EFDirskOw-wyNqfyn_E8QWEHQVvcM1h7Tz21INc8XlQ","https://scholar.google.com/scholar?q=related:7mcGMxO6wF8J:scholar.google.com/&scioq=guitar%7C%22electric+guitar%22+%22artificial+intelligence%22%7C%22machine+learning%22%7C%22deep+learning%22%7C%22audio+analysis%22+feedback%7C%22performance+analysis%22%7Cevaluation%7Cexpressivity&hl=en&as_sdt=2007"
7,"N Zamzami, N Bouguila","An accurate evaluation of msd log-likelihood and its application in human action recognition",2019,"2019 IEEE Global Conference on …","ieeexplore.ieee.org","https://ieeexplore.ieee.org/abstract/document/8969324/","https://scholar.google.com/scholar?cites=8273043708971655145&as_sdt=2005&sciodt=2007&hl=en",804,"2025-12-14 08:01:17","","","","",,,,,7,1.17,4,2,6,"… Abstract—In this paper, we examine the problem of modeling overdispersed frequency vectors that are naturally generated by several machine learning and computer vision …","https://sigport.org/sites/default/files/docs/MSD_MeshPres.pdf","https://scholar.google.com/scholar?q=related:6R-JvGvBz3IJ:scholar.google.com/&scioq=guitar%7C%22electric+guitar%22+%22artificial+intelligence%22%7C%22machine+learning%22%7C%22deep+learning%22%7C%22audio+analysis%22+feedback%7C%22performance+analysis%22%7Cevaluation%7Cexpressivity&hl=en&as_sdt=2007"
9,"R Schuerkamp, J Barrett, A Bales, A Wegner, ...","Enabling new interactions with library digital collections: automatic gender recognition in historical postcards via deep learning",2023,"The Journal of Academic …","Elsevier","https://www.sciencedirect.com/science/article/pii/S0099133323000757","https://scholar.google.com/scholar?cites=1693316311922281119&as_sdt=2005&sciodt=2007&hl=en",805,"2025-12-14 08:01:17","","","","",,,,,9,4.50,2,5,2,"The Walter Havighurst Special Collections from University Archives &Preservation at Miami University's King Library has a growing collection of over 600,000 historical postcards, with …","","https://scholar.google.com/scholar?q=related:n4qA0DbefxcJ:scholar.google.com/&scioq=guitar%7C%22electric+guitar%22+%22artificial+intelligence%22%7C%22machine+learning%22%7C%22deep+learning%22%7C%22audio+analysis%22+feedback%7C%22performance+analysis%22%7Cevaluation%7Cexpressivity&hl=en&as_sdt=2007"
41,"S Koffas, L Pajola, S Picek, ...","Going in style: Audio backdoors through stylistic transformations",2023,"ICASSP 2023-2023 IEEE …","ieeexplore.ieee.org","https://ieeexplore.ieee.org/abstract/document/10096332/","https://scholar.google.com/scholar?cites=12359723035865228961&as_sdt=2005&sciodt=2007&hl=en",806,"2025-12-14 08:01:17","","","","",,,,,41,20.50,10,4,2,"… Backdoor attacks are a class of machine learning threats … Triggers are generated through electric guitar effects that do … attack through an extensive evaluation considering 444 models, …","https://arxiv.org/pdf/2211.03117","https://scholar.google.com/scholar?q=related:oab10p2OhqsJ:scholar.google.com/&scioq=guitar%7C%22electric+guitar%22+%22artificial+intelligence%22%7C%22machine+learning%22%7C%22deep+learning%22%7C%22audio+analysis%22+feedback%7C%22performance+analysis%22%7Cevaluation%7Cexpressivity&hl=en&as_sdt=2007"
2,"G DUTTA","Create caption by extracting features from image and video using deep learning model",2021,"","researchgate.net","https://www.researchgate.net/profile/Goutam-Dutta-7/publication/348540850_CREATE_CAPTION_BY_EXTRACTING_FEATURES_FROM_IMAGE_AND_VIDEO_USING_DEEP_LEARNING_MODEL/links/6002b51d92851c13fe148f61/CREATE-CAPTION-BY-EXTRACTING-FEATURES-FROM-IMAGE-AND-VIDEO-USING-DEEP-LEARNING-MODEL.pdf","https://scholar.google.com/scholar?cites=13343857356144424513&as_sdt=2005&sciodt=2007&hl=en",807,"2025-12-14 08:01:17","PDF","","","",,,,,2,0.50,2,1,4,"… for Image Processing was made on deep leaning methods for image captioning, where various deep learning methods were studied and evaluation criteria’s were observed and …","https://www.researchgate.net/profile/Goutam-Dutta-7/publication/348540850_CREATE_CAPTION_BY_EXTRACTING_FEATURES_FROM_IMAGE_AND_VIDEO_USING_DEEP_LEARNING_MODEL/links/6002b51d92851c13fe148f61/CREATE-CAPTION-BY-EXTRACTING-FEATURES-FROM-IMAGE-AND-VIDEO-USING-DEEP-LEARNING-MODEL.pdf","https://scholar.google.com/scholar?q=related:QbZ4DpHnLrkJ:scholar.google.com/&scioq=guitar%7C%22electric+guitar%22+%22artificial+intelligence%22%7C%22machine+learning%22%7C%22deep+learning%22%7C%22audio+analysis%22+feedback%7C%22performance+analysis%22%7Cevaluation%7Cexpressivity&hl=en&as_sdt=2007"
495,"H Wang, B Raj","On the origin of deep learning",2017,"arXiv preprint arXiv:1702.07800","arxiv.org","https://arxiv.org/abs/1702.07800","https://scholar.google.com/scholar?cites=6320914473616249121&as_sdt=2005&sciodt=2007&hl=en",808,"2025-12-14 08:01:17","","","","",,,,,495,61.88,248,2,8,"… models in (Schmidhuber, 2015), we also discuss those recent deep learning work that builds from classical linear models. Another article that readers could read as a complementary is (…","https://arxiv.org/pdf/1702.07800","https://scholar.google.com/scholar?q=related:IZGFXzlmuFcJ:scholar.google.com/&scioq=guitar%7C%22electric+guitar%22+%22artificial+intelligence%22%7C%22machine+learning%22%7C%22deep+learning%22%7C%22audio+analysis%22+feedback%7C%22performance+analysis%22%7Cevaluation%7Cexpressivity&hl=en&as_sdt=2007"
97,"A Glassner","Deep learning: a visual approach",2021,"","books.google.com","https://books.google.com/books?hl=en&lr=&id=NgTyDwAAQBAJ&oi=fnd&pg=PT22&dq=guitar%7C%22electric+guitar%22+%22artificial+intelligence%22%7C%22machine+learning%22%7C%22deep+learning%22%7C%22audio+analysis%22+feedback%7C%22performance+analysis%22%7Cevaluation%7Cexpressivity&ots=Xrh5-23FZg&sig=LYm1Z8CN0l2acEjO61q4kt5G7eU","https://scholar.google.com/scholar?cites=17587175917927950280&as_sdt=2005&sciodt=2007&hl=en",809,"2025-12-14 08:01:17","BOOK","","","",,,,,97,24.25,97,1,4,"… Deep learning is the source of many of these breakthroughs, and its remarkable ability to … growing field in artificial intelligence (AI). Digital assistants on our phones use deep learning to …","","https://scholar.google.com/scholar?q=related:yGdmBlEzEvQJ:scholar.google.com/&scioq=guitar%7C%22electric+guitar%22+%22artificial+intelligence%22%7C%22machine+learning%22%7C%22deep+learning%22%7C%22audio+analysis%22+feedback%7C%22performance+analysis%22%7Cevaluation%7Cexpressivity&hl=en&as_sdt=2007"
2493,"D Cer, M Diab, E Agirre, I Lopez-Gazpio, ...","Semeval-2017 task 1: Semantic textual similarity-multilingual and cross-lingual focused evaluation",2017,"arXiv preprint arXiv …","arxiv.org","https://arxiv.org/abs/1708.00055","https://scholar.google.com/scholar?cites=14846717083380854089&as_sdt=2005&sciodt=2007&hl=en",810,"2025-12-14 08:01:17","","","","",,,,,2493,311.63,499,5,8,"… Participating teams explore techniques ranging from state-of-the-art deep learning models to elaborate feature engineered systems. Prediction signals include surface similarity scores …","https://arxiv.org/pdf/1708.00055","https://scholar.google.com/scholar?q=related:Sa2jq4YiCs4J:scholar.google.com/&scioq=guitar%7C%22electric+guitar%22+%22artificial+intelligence%22%7C%22machine+learning%22%7C%22deep+learning%22%7C%22audio+analysis%22+feedback%7C%22performance+analysis%22%7Cevaluation%7Cexpressivity&hl=en&as_sdt=2007"
62,"S Nercessian","Neural parametric equalizer matching using differentiable biquads",2020,"Proc. Int. Conf. Digital Audio Effects (eDAFx-20)","dafx2020.mdw.ac.at","https://dafx2020.mdw.ac.at/proceedings/papers/DAFx2020_paper_7.pdf","https://scholar.google.com/scholar?cites=9266415195527587535&as_sdt=2005&sciodt=2007&hl=en",811,"2025-12-14 08:01:17","PDF","","","",,,,,62,12.40,62,1,5,"… to the training and evaluation of deep learning algorithms. Here… are recordings of the same guitar performance using a dynamic … In this paper, a novel application of deep learning to the …","https://dafx2020.mdw.ac.at/proceedings/papers/DAFx2020_paper_7.pdf","https://scholar.google.com/scholar?q=related:zya0VobrmIAJ:scholar.google.com/&scioq=guitar%7C%22electric+guitar%22+%22artificial+intelligence%22%7C%22machine+learning%22%7C%22deep+learning%22%7C%22audio+analysis%22+feedback%7C%22performance+analysis%22%7Cevaluation%7Cexpressivity&hl=en&as_sdt=2007"
3,"R Kumar, A Anand, N Singh, D Singh, ...","An Efficient Machine Learning Approach for Detecting Malwares in IoT Environment",2023,"2023 3rd International …","ieeexplore.ieee.org","https://ieeexplore.ieee.org/abstract/document/10390194/","https://scholar.google.com/scholar?cites=17240695653964935359&as_sdt=2005&sciodt=2007&hl=en",812,"2025-12-14 08:01:17","","","","",,,,,3,1.50,1,5,2,"… The machine learning algorithms suffer from excessive computational cost and the potential of privacy leakage. In this paper a machine learning … Gani, “Evaluation of machine learning …","","https://scholar.google.com/scholar?q=related:v3AzJ1pBQ-8J:scholar.google.com/&scioq=guitar%7C%22electric+guitar%22+%22artificial+intelligence%22%7C%22machine+learning%22%7C%22deep+learning%22%7C%22audio+analysis%22+feedback%7C%22performance+analysis%22%7Cevaluation%7Cexpressivity&hl=en&as_sdt=2007"
97,"YR Guo, DHL Goh","Evaluation of affective embodied agents in an information literacy game",2016,"Computers &Education","Elsevier","https://www.sciencedirect.com/science/article/pii/S0360131516301762","https://scholar.google.com/scholar?cites=13971441132827815773&as_sdt=2005&sciodt=2007&hl=en",813,"2025-12-14 08:01:17","","","","",,,,,97,10.78,49,2,9,"Digital game-based learning (DGBL) has become increasingly popular. With elements such as narratives, rewards, rules, and interactivity, DGBL can actively engage learners, …","","https://scholar.google.com/scholar?q=related:Xa97uq-H5MEJ:scholar.google.com/&scioq=guitar%7C%22electric+guitar%22+%22artificial+intelligence%22%7C%22machine+learning%22%7C%22deep+learning%22%7C%22audio+analysis%22+feedback%7C%22performance+analysis%22%7Cevaluation%7Cexpressivity&hl=en&as_sdt=2007"
46,"M Larmuseau, M Sluydts, K Theuwissen, L Duprez, ...","Race against the Machine: can deep learning recognize microstructures as well as the trained human eye?",2021,"Scripta materialia","Elsevier","https://www.sciencedirect.com/science/article/pii/S1359646220306849","https://scholar.google.com/scholar?cites=251026943997818906&as_sdt=2005&sciodt=2007&hl=en",814,"2025-12-14 08:01:17","","","","",,,,,46,11.50,9,5,4,"… The promising results of deep learning in image recognition suggest a huge potential for … This allows for a highly data-efficient training of complex deep learning models. Our results …","https://www.academia.edu/download/100610932/j.scriptamat.2020.10.02620230403-1-3ehown.pdf","https://scholar.google.com/scholar?q=related:GrgK8qzTewMJ:scholar.google.com/&scioq=guitar%7C%22electric+guitar%22+%22artificial+intelligence%22%7C%22machine+learning%22%7C%22deep+learning%22%7C%22audio+analysis%22+feedback%7C%22performance+analysis%22%7Cevaluation%7Cexpressivity&hl=en&as_sdt=2007"
1,"A Shakeel","Service robot for the visually impaired: Providing navigational assistance using Deep Learning",2017,"","rave.ohiolink.edu","https://rave.ohiolink.edu/etdc/view?acc_num=miami1500647716257366","https://scholar.google.com/scholar?cites=13005906098313379412&as_sdt=2005&sciodt=2007&hl=en",815,"2025-12-14 08:01:17","","","","",,,,,1,0.13,1,1,8,"… feedback, these systems can be classified as passive assistance. In [7], vibrotactile and audio feedback … For the acoustic guitar its confidence is an average of 0.822 and for the folding …","https://etd.ohiolink.edu/acprod/odb_etd/ws/send_file/send?accession=miami1500647716257366&disposition=inline","https://scholar.google.com/scholar?q=related:VD4OLLBCfrQJ:scholar.google.com/&scioq=guitar%7C%22electric+guitar%22+%22artificial+intelligence%22%7C%22machine+learning%22%7C%22deep+learning%22%7C%22audio+analysis%22+feedback%7C%22performance+analysis%22%7Cevaluation%7Cexpressivity&hl=en&as_sdt=2007"
10,"S Özdem, IM Orak","A novel method based on deep learning algorithms for material deformation rate detection",2025,"Journal of Intelligent Manufacturing","Springer","https://link.springer.com/article/10.1007/s10845-024-02409-z","https://scholar.google.com/scholar?cites=5548432734151621087&as_sdt=2005&sciodt=2007&hl=en",816,"2025-12-14 08:01:17","HTML","10.1007/s10845-024-02409-z","","",,,,,10,10.00,5,2,1,"… Utilizing advanced artificial intelligence techniques, microstructure images of S235-JR were … This research utilized deep learning (DL) architectures ResNet50, ResNet101, ResNet152, …","https://link.springer.com/article/10.1007/s10845-024-02409-z","https://scholar.google.com/scholar?q=related:37lBwyz-_0wJ:scholar.google.com/&scioq=guitar%7C%22electric+guitar%22+%22artificial+intelligence%22%7C%22machine+learning%22%7C%22deep+learning%22%7C%22audio+analysis%22+feedback%7C%22performance+analysis%22%7Cevaluation%7Cexpressivity&hl=en&as_sdt=2007"
113,"SK Nemala, J Laroche","Noise suppression for speech processing based on machine-learning mask estimation",2017,"US Patent 9,640,194","Google Patents","https://patents.google.com/patent/US9640194B1/en","https://scholar.google.com/scholar?cites=1264158130031099430&as_sdt=2005&sciodt=2007&hl=en",817,"2025-12-14 08:01:17","","","","",,,,,113,14.13,57,2,8,"… machine-learning algorithms of the training system 410 may be the same machine-learning … In some other alternative embodiments, the one or more machine-learning algorithms of the …","https://patentimages.storage.googleapis.com/1e/1f/cf/f0e1bdcf5dfbde/US9640194.pdf","https://scholar.google.com/scholar?q=related:Jv5sGB8xixEJ:scholar.google.com/&scioq=guitar%7C%22electric+guitar%22+%22artificial+intelligence%22%7C%22machine+learning%22%7C%22deep+learning%22%7C%22audio+analysis%22+feedback%7C%22performance+analysis%22%7Cevaluation%7Cexpressivity&hl=en&as_sdt=2007"
6,"T Vlasenko, S Glowacki, V Vlasovets, T Hutsol, T Nurek, ...","Increasing exploitation durability of two-layer cast mill rolls and assessment of the applicability of the XGBoost machine learning method to manage their …",2024,"Materials","mdpi.com","https://www.mdpi.com/1996-1944/17/13/3231","https://scholar.google.com/scholar?cites=1777385982892251978&as_sdt=2005&sciodt=2007&hl=en",818,"2025-12-14 08:01:17","HTML","","","",,,,,6,6.00,1,6,1,"… of ensemble machine learning algorithms … machine learning algorithms: “XGBoost”, “Random Forest”, “Support Vector Machine” and “Multi-Layer Perceptron”. Based on the evaluation …","https://www.mdpi.com/1996-1944/17/13/3231","https://scholar.google.com/scholar?q=related:ShsNayKLqhgJ:scholar.google.com/&scioq=guitar%7C%22electric+guitar%22+%22artificial+intelligence%22%7C%22machine+learning%22%7C%22deep+learning%22%7C%22audio+analysis%22+feedback%7C%22performance+analysis%22%7Cevaluation%7Cexpressivity&hl=en&as_sdt=2007"
13,"NA Guitar, DM Connelly, K Prentice, A Nguyen, ...","The role of nurses in inpatient geriatric rehabilitation units: A scoping review",2023,"Nursing …","Wiley Online Library","https://onlinelibrary.wiley.com/doi/abs/10.1002/nop2.1951","https://scholar.google.com/scholar?cites=15149174273127700251&as_sdt=2005&sciodt=2007&hl=en",819,"2025-12-14 08:01:17","","10.1002/nop2.1951","","",,,,,13,6.50,3,5,2,"The role of nurses in inpatient geriatric rehabilitation units: A scoping review - Guitar - 2023 … to providing patient motivation and evaluation, as well as goal-oriented rehabilitation care …","https://onlinelibrary.wiley.com/doi/pdfdirect/10.1002/nop2.1951","https://scholar.google.com/scholar?q=related:G1dD1rytPNIJ:scholar.google.com/&scioq=guitar%7C%22electric+guitar%22+%22artificial+intelligence%22%7C%22machine+learning%22%7C%22deep+learning%22%7C%22audio+analysis%22+feedback%7C%22performance+analysis%22%7Cevaluation%7Cexpressivity&hl=en&as_sdt=2007"
3,"CH Chi, C Ding, KY Lam","Study for fusion of different sources to determine relevance",2002,"… on Tools with Artificial Intelligence …","ieeexplore.ieee.org","https://ieeexplore.ieee.org/abstract/document/1180846/","https://scholar.google.com/scholar?cites=8861053303846589549&as_sdt=2005&sciodt=2007&hl=en",820,"2025-12-14 08:01:17","","","","",,,,,3,0.13,1,3,23,"… The whole evaluation procedure was logged in a specially configured proxy server to collect the usage data. Based on the judgment data and their evaluation results, parameters …","https://scholar.archive.org/work/3kcze43owvevvg7yisa5unvm5i/access/wayback/http://www.scs.ryerson.ca:80/~cding/papers/ictai02-rankfusion.pdf","https://scholar.google.com/scholar?q=related:bdSTLwjJ-HoJ:scholar.google.com/&scioq=guitar%7C%22electric+guitar%22+%22artificial+intelligence%22%7C%22machine+learning%22%7C%22deep+learning%22%7C%22audio+analysis%22+feedback%7C%22performance+analysis%22%7Cevaluation%7Cexpressivity&hl=en&as_sdt=2007"
7,"T O'Hara, N Schüler, Y Lu, DE Tamir","Inferring Chord Sequence Meanings via Lyrics: Process and Evaluation.",2012,"ISMIR","ismir2012.ismir.net","https://ismir2012.ismir.net/event/papers/463_ISMIR_2012.pdf","https://scholar.google.com/scholar?cites=10236138436963819508&as_sdt=2005&sciodt=2007&hl=en",821,"2025-12-14 08:01:17","PDF","","","",,,,,7,0.54,2,4,13,"… upon earlier Usenet-based guitar forums (eg, alt.guitar.tab). … serve as ground truth for machine learning algorithms. A few have … [1] extract chord annotations to augment a guitar tutor …","https://ismir2012.ismir.net/event/papers/463_ISMIR_2012.pdf","https://scholar.google.com/scholar?q=related:9F_zzqwRDo4J:scholar.google.com/&scioq=guitar%7C%22electric+guitar%22+%22artificial+intelligence%22%7C%22machine+learning%22%7C%22deep+learning%22%7C%22audio+analysis%22+feedback%7C%22performance+analysis%22%7Cevaluation%7Cexpressivity&hl=en&as_sdt=2007"
463,"J Kaplan","Humans Need Not Apply: A Guide to Wealth &Work in the Age of Artificial Intelligence",2020,"","books.google.com","https://books.google.com/books?hl=en&lr=&id=yatJCgAAQBAJ&oi=fnd&pg=PP1&dq=guitar%7C%22electric+guitar%22+%22artificial+intelligence%22%7C%22machine+learning%22%7C%22deep+learning%22%7C%22audio+analysis%22+feedback%7C%22performance+analysis%22%7Cevaluation%7Cexpressivity&ots=dr4doFvyjo&sig=et-SsP0MHRJFA51xo7QbL1monKk","https://scholar.google.com/scholar?cites=3022930545406377945&as_sdt=2005&sciodt=2007&hl=en",822,"2025-12-14 08:01:17","BOOK","","","",,,,,463,92.60,463,1,5,"… are finally cracking the code on artificial intelligence. Society stands on the cusp of unprecedented change, driven by advances in robotics, machine learning, and perception powering …","https://www.carnegiecouncil.org/media/series/39/20160111-humans-need-not-apply-a-guide-to-wealth-and-work-in-the-age-of-artificial-intelligence","https://scholar.google.com/scholar?q=related:2f-fm1Cb8ykJ:scholar.google.com/&scioq=guitar%7C%22electric+guitar%22+%22artificial+intelligence%22%7C%22machine+learning%22%7C%22deep+learning%22%7C%22audio+analysis%22+feedback%7C%22performance+analysis%22%7Cevaluation%7Cexpressivity&hl=en&as_sdt=2007"
24,"L Deng, A Smith, N Dixon, H Yuan","Automatic classification of landslide kinematics using acoustic emission measurements and machine learning",2021,"Landslides","Springer","https://link.springer.com/article/10.1007/s10346-021-01676-8","https://scholar.google.com/scholar?cites=12526832664034458275&as_sdt=2005&sciodt=2007&hl=en",823,"2025-12-14 08:01:17","HTML","10.1007/s10346-021-01676-8","","",,,,,24,6.00,6,4,4,"… The objective of this study was to develop and demonstrate the use of machine learning (ML) approaches to automatically classify landslide kinematics using AE measurements, based …","https://link.springer.com/article/10.1007/s10346-021-01676-8","https://scholar.google.com/scholar?q=related:o7qIHPA_2K0J:scholar.google.com/&scioq=guitar%7C%22electric+guitar%22+%22artificial+intelligence%22%7C%22machine+learning%22%7C%22deep+learning%22%7C%22audio+analysis%22+feedback%7C%22performance+analysis%22%7Cevaluation%7Cexpressivity&hl=en&as_sdt=2007"
33,"K Dashtipour, M Gogate, A Gelbukh, ...","Extending persian sentiment lexicon with idiomatic expressions for sentiment analysis",2022,"Social Network Analysis …","Springer","https://link.springer.com/article/10.1007/s13278-021-00840-1","https://scholar.google.com/scholar?cites=10091803386599941991&as_sdt=2005&sciodt=2007&hl=en",824,"2025-12-14 08:01:17","HTML","10.1007/s13278-021-00840-1","","",,,,,33,11.00,8,4,3,"… using the lexicon in a machine learning-based sentiment analysis … 4, we describe our procedure for the evaluation of the … “I really love the movie but the acting did not play guitar with my …","https://link.springer.com/article/10.1007/s13278-021-00840-1","https://scholar.google.com/scholar?q=related:Z6dfIbZJDYwJ:scholar.google.com/&scioq=guitar%7C%22electric+guitar%22+%22artificial+intelligence%22%7C%22machine+learning%22%7C%22deep+learning%22%7C%22audio+analysis%22+feedback%7C%22performance+analysis%22%7Cevaluation%7Cexpressivity&hl=en&as_sdt=2007"
19,"T Maemura, H Terasaki, K Tsutsui, K Uto, ...","Interpretability of deep learning classification for low-carbon steel microstructures",2020,"Materials …","jstage.jst.go.jp","https://www.jstage.jst.go.jp/article/matertrans/61/8/61_MT-M2020131/_article/-char/ja/","https://scholar.google.com/scholar?cites=11925621057936997546&as_sdt=2005&sciodt=2007&hl=en",825,"2025-12-14 08:01:17","","","","",,,,,19,3.80,4,5,5,"… steel by deep learning. In classifying steel microstructures using a machine learning model, … In this study, evaluation was conducted in two ways, as shown in Fig. 3. First, predictions …","https://www.jstage.jst.go.jp/article/matertrans/61/8/61_MT-M2020131/_pdf","https://scholar.google.com/scholar?q=related:qrxA5CpRgKUJ:scholar.google.com/&scioq=guitar%7C%22electric+guitar%22+%22artificial+intelligence%22%7C%22machine+learning%22%7C%22deep+learning%22%7C%22audio+analysis%22+feedback%7C%22performance+analysis%22%7Cevaluation%7Cexpressivity&hl=en&as_sdt=2007"
2,"M Abdolalipour Miandoab","Application of machine learning algorithms on VIV fatigue life assessment of multi-spanning subsea pipelines",2023,"","memorial.scholaris.ca","https://memorial.scholaris.ca/items/5834d6c1-791f-4e5d-86d9-9102d6c66326","https://scholar.google.com/scholar?cites=611970759931849307&as_sdt=2005&sciodt=2007&hl=en",826,"2025-12-14 08:01:17","","","","",,,,,2,1.00,2,1,2,"… In this study, machine-learning algorithms are adopted to develop a cost-effective and easyto… dataset, machine learning methods have been employed for fast and accurate evaluation of …","https://memorial.scholaris.ca/bitstreams/cd192435-f03e-4120-8f8a-37e03d2c7af5/download","https://scholar.google.com/scholar?q=related:W-qp7ikofggJ:scholar.google.com/&scioq=guitar%7C%22electric+guitar%22+%22artificial+intelligence%22%7C%22machine+learning%22%7C%22deep+learning%22%7C%22audio+analysis%22+feedback%7C%22performance+analysis%22%7Cevaluation%7Cexpressivity&hl=en&as_sdt=2007"
6,"C Shackell, L De Vine","Quantifying the genericness of trademarks using natural language processing: an introduction with suggested metrics",2022,"Artificial Intelligence and Law","Springer","https://link.springer.com/article/10.1007/s10506-021-09291-7","https://scholar.google.com/scholar?cites=10154445362600930267&as_sdt=2005&sciodt=2007&hl=en",827,"2025-12-14 08:01:17","","10.1007/s10506-021-09291-7","","",,,,,6,2.00,3,2,3,"… Likewise, the evaluation of results was rudimentary: the table of ten known genericized, … of resonator guitar rated somewhat generic among the examples of Table 1. We chose guitar …","","https://scholar.google.com/scholar?q=related:2-vwuEHW64wJ:scholar.google.com/&scioq=guitar%7C%22electric+guitar%22+%22artificial+intelligence%22%7C%22machine+learning%22%7C%22deep+learning%22%7C%22audio+analysis%22+feedback%7C%22performance+analysis%22%7Cevaluation%7Cexpressivity&hl=en&as_sdt=2007"
481,"TS Saponas, DS Tan, D Morris, ...","Enabling always-available input with muscle-computer interfaces",2009,"Proceedings of the …","dl.acm.org","https://dl.acm.org/doi/abs/10.1145/1622176.1622208","https://scholar.google.com/scholar?cites=900342403671941941&as_sdt=2005&sciodt=2007&hl=en",828,"2025-12-14 08:01:17","","10.1145/1622176.1622208","","",,,,,481,30.06,120,4,16,"… both with and without visual feedback. The order of the … into a form suitable for our machine learning algorithm. We divide the … In Guitar Hero, users hold a guitarlike controller and press …","https://www.microsoft.com/en-us/research/wp-content/uploads/2016/11/SaponasUIST2009EMG.pdf","https://scholar.google.com/scholar?q=related:NWMWW6WofgwJ:scholar.google.com/&scioq=guitar%7C%22electric+guitar%22+%22artificial+intelligence%22%7C%22machine+learning%22%7C%22deep+learning%22%7C%22audio+analysis%22+feedback%7C%22performance+analysis%22%7Cevaluation%7Cexpressivity&hl=en&as_sdt=2007"
3,"T Magnusson","Instrumental investigations at emute lab",2020,"Proceedings of the International Conference on New …","nime.org","https://www.nime.org/proceedings/2020/nime2020_paper97.pdf","https://scholar.google.com/scholar?cites=13827946085269491338&as_sdt=2005&sciodt=2007&hl=en",829,"2025-12-14 08:01:17","PDF","","","",,,,,3,0.60,3,1,5,"… feedback cellos and feedback bass [18]. Eldridge is currently commissioned by the ERC FluCoMa project to make new machine listening/ machine learning … and processed guitar. The …","https://www.nime.org/proceedings/2020/nime2020_paper97.pdf","https://scholar.google.com/scholar?q=related:is69cbO75r8J:scholar.google.com/&scioq=guitar%7C%22electric+guitar%22+%22artificial+intelligence%22%7C%22machine+learning%22%7C%22deep+learning%22%7C%22audio+analysis%22+feedback%7C%22performance+analysis%22%7Cevaluation%7Cexpressivity&hl=en&as_sdt=2007"
32,"Y Wang, D Stoller, RM Bittner, ...","Few-shot musical source separation",2022,"ICASSP 2022-2022 IEEE …","ieeexplore.ieee.org","https://ieeexplore.ieee.org/abstract/document/9747536/","https://scholar.google.com/scholar?cites=17872625973288588449&as_sdt=2005&sciodt=2007&hl=en",830,"2025-12-14 08:01:17","","","","",,,,,32,10.67,8,4,3,"… Deep learning-based approaches to musical source separation are often limited to the … For the few-shot model, we further experiment with different evaluation setups with different …","https://arxiv.org/pdf/2205.01273","https://scholar.google.com/scholar?q=related:oVRJJaFSCPgJ:scholar.google.com/&scioq=guitar%7C%22electric+guitar%22+%22artificial+intelligence%22%7C%22machine+learning%22%7C%22deep+learning%22%7C%22audio+analysis%22+feedback%7C%22performance+analysis%22%7Cevaluation%7Cexpressivity&hl=en&as_sdt=2007"
46,"X Zhao, VGV Vydiswaran","Lirex: Augmenting language inference with relevant explanations",2021,"… the AAAI conference on artificial intelligence","ojs.aaai.org","https://ojs.aaai.org/index.php/AAAI/article/view/17708","https://scholar.google.com/scholar?cites=16354392756602066980&as_sdt=2005&sciodt=2007&hl=en",831,"2025-12-14 08:01:17","","","","",,,,,46,11.50,23,2,4,"… So, in addition to the F1-based evaluation, we also conducted a manual verification of 100 … The difference between automated and human evaluation shows that, although the …","https://ojs.aaai.org/index.php/AAAI/article/view/17708/17515","https://scholar.google.com/scholar?q=related:JNh8FpB59uIJ:scholar.google.com/&scioq=guitar%7C%22electric+guitar%22+%22artificial+intelligence%22%7C%22machine+learning%22%7C%22deep+learning%22%7C%22audio+analysis%22+feedback%7C%22performance+analysis%22%7Cevaluation%7Cexpressivity&hl=en&as_sdt=2007"
14,"JM Hilgefort, D Arp, K Rieck","Spying through virtual backgrounds of video calls",2021,"… ACM workshop on artificial intelligence …","dl.acm.org","https://dl.acm.org/doi/abs/10.1145/3474369.3486870","https://scholar.google.com/scholar?cites=1105689656723806524&as_sdt=2005&sciodt=2007&hl=en",832,"2025-12-14 08:01:17","","10.1145/3474369.3486870","","",,,,,14,3.50,5,3,4,"… various objects in the background, such as a guitar, a poster, or a fan. Since our approach … To provide a basis for the design and evaluation of our attack, we introduce a threat model …","https://www.mlsec.org/docs/2021a-aisec.pdf","https://scholar.google.com/scholar?q=related:PJnYdOIyWA8J:scholar.google.com/&scioq=guitar%7C%22electric+guitar%22+%22artificial+intelligence%22%7C%22machine+learning%22%7C%22deep+learning%22%7C%22audio+analysis%22+feedback%7C%22performance+analysis%22%7Cevaluation%7Cexpressivity&hl=en&as_sdt=2007"
67,"S Dhingra, M Singh, N Malviya, SS Gill","Mind meets machine: Unravelling GPT-4's cognitive psychology",2023,"BenchCouncil Transactions on …","Elsevier","https://www.sciencedirect.com/science/article/pii/S277248592300056X","https://scholar.google.com/scholar?cites=15016439509526551753&as_sdt=2005&sciodt=2007&hl=en",833,"2025-12-14 08:01:17","HTML","","","",,,,,67,33.50,17,4,2,"… In this study, we focus on the evaluation of GPT-4’s performance … to revolutionise the field of Artificial Intelligence (AI), by … may mistake a monkey carrying a guitar for a person, since …","https://www.sciencedirect.com/science/article/pii/S277248592300056X","https://scholar.google.com/scholar?q=related:yZx4ZCwcZdAJ:scholar.google.com/&scioq=guitar%7C%22electric+guitar%22+%22artificial+intelligence%22%7C%22machine+learning%22%7C%22deep+learning%22%7C%22audio+analysis%22+feedback%7C%22performance+analysis%22%7Cevaluation%7Cexpressivity&hl=en&as_sdt=2007"
11,"A Singh, TD Singh, S Bandyopadhyay","A comprehensive review on recent methods and challenges of video description",2020,"arXiv preprint arXiv:2011.14752","arxiv.org","https://arxiv.org/abs/2011.14752","https://scholar.google.com/scholar?cites=6164368178465834259&as_sdt=2005&sciodt=2007&hl=en",834,"2025-12-14 08:01:17","","","","",,,,,11,2.20,4,3,5,"… a special focus on recent deep learning approaches. In this … of automatic evaluation metrics and human evaluation is also … Two men with mic and guitar singing and then a drummer is …","https://arxiv.org/pdf/2011.14752","https://scholar.google.com/scholar?q=related:E4UttjI8jFUJ:scholar.google.com/&scioq=guitar%7C%22electric+guitar%22+%22artificial+intelligence%22%7C%22machine+learning%22%7C%22deep+learning%22%7C%22audio+analysis%22+feedback%7C%22performance+analysis%22%7Cevaluation%7Cexpressivity&hl=en&as_sdt=2007"
7,"A Wasielewski","Authenticity and the Poor Image in the Age of Deep Learning",2023,"photographies","Taylor &Francis","https://www.tandfonline.com/doi/abs/10.1080/17540763.2023.2189158","https://scholar.google.com/scholar?cites=1979564191957407884&as_sdt=2005&sciodt=2007&hl=en",835,"2025-12-14 08:01:17","","10.1080/17540763.2023.2189158","","",,,,,7,3.50,7,1,2,"… Object recognition exercises in machine learning also … in a photograph, machine learning training sets understand the … more complicated than ‘woman playing guitar’ or ‘table is wooden’…","https://www.tandfonline.com/doi/pdf/10.1080/17540763.2023.2189158","https://scholar.google.com/scholar?q=related:jFi09yTTeBsJ:scholar.google.com/&scioq=guitar%7C%22electric+guitar%22+%22artificial+intelligence%22%7C%22machine+learning%22%7C%22deep+learning%22%7C%22audio+analysis%22+feedback%7C%22performance+analysis%22%7Cevaluation%7Cexpressivity&hl=en&as_sdt=2007"
39,"HH Lund","Modern artificial intelligence for human-robot interaction",2004,"Proceedings of the IEEE","ieeexplore.ieee.org","https://ieeexplore.ieee.org/abstract/document/1347462/","https://scholar.google.com/scholar?cites=13911471411006764123&as_sdt=2005&sciodt=2007&hl=en",836,"2025-12-14 08:01:17","","","","",,,,,39,1.86,39,1,21,"… For the legs, the switches (S1 for the left and S2 for the right) were made from guitar strings … vide simple feedback, while potentiometers can give further detailed feedback for supervised …","","https://scholar.google.com/scholar?q=related:W3QPzIp5D8EJ:scholar.google.com/&scioq=guitar%7C%22electric+guitar%22+%22artificial+intelligence%22%7C%22machine+learning%22%7C%22deep+learning%22%7C%22audio+analysis%22+feedback%7C%22performance+analysis%22%7Cevaluation%7Cexpressivity&hl=en&as_sdt=2007"
102,"WL Ostroff","Cultivating curiosity in K-12 classrooms: How to promote and sustain deep learning",2016,"","books.google.com","https://books.google.com/books?hl=en&lr=&id=uYvgEAAAQBAJ&oi=fnd&pg=PP7&dq=guitar%7C%22electric+guitar%22+%22artificial+intelligence%22%7C%22machine+learning%22%7C%22deep+learning%22%7C%22audio+analysis%22+feedback%7C%22performance+analysis%22%7Cevaluation%7Cexpressivity&ots=jNiCl7qGN6&sig=31mmScc5TlazaRVUYfIz7shJ23A","https://scholar.google.com/scholar?cites=1286410743509998075&as_sdt=2005&sciodt=2007&hl=en",837,"2025-12-14 08:01:17","BOOK","","","",,,,,102,11.33,102,1,9,"Curiosity comes from within—we just have to know how to unleash it. We learn by engaging and exploring, asking questions and testing out answers. Yet our classrooms are not always …","","https://scholar.google.com/scholar?q=related:-9koasE_2hEJ:scholar.google.com/&scioq=guitar%7C%22electric+guitar%22+%22artificial+intelligence%22%7C%22machine+learning%22%7C%22deep+learning%22%7C%22audio+analysis%22+feedback%7C%22performance+analysis%22%7Cevaluation%7Cexpressivity&hl=en&as_sdt=2007"
4,"A Madani, S MacKinnon","Debugging Machine Learning Models with Python",2023,"","sciendo.com","https://sciendo.com/2/v2/download/book/9781800201132.pdf?Token=eyJhbGciOiJIUzI1NiIsInR5cCI6IkpXVCJ9.eyJ1c2VycyI6W3sic3ViIjoyNTY3ODUxNywicHVicmVmIjoiNzY0NDg4IiwibmFtZSI6Ikdvb2dsZSBHb29nbGVib3QgLSBXZWIgQ3Jhd2xlciBTRU8iLCJ0eXBlIjoiaW5zdGl0dXRpb24iLCJsb2dvdXRfbGluayI6Imh0dHBzOi8vY29ubmVjdC5saWJseW54LmNvbS9sb2dvdXQvNjgxZDUzOTAyMTRkM2JlYjA3ZTI1MDg0Y2UzZjQwMzYiLCJhdXRoX21ldGhvZCI6ImlwIiwiaXAiOiI2Ni4yNDkuNzkuNiIsImNvdW50ZXJwYXJ0eV9pZCI6Ijc2NDQ4OCJ9XSwiaWF0IjoxNzQ2NzU0NzU5LCJleHAiOjE3NDc5NjQzNTl9.DoWU2GWNmdyZFmOFqr2jCRCdwAP8v3GW5vpIu0zSWeU","https://scholar.google.com/scholar?cites=13954608238845163839&as_sdt=2005&sciodt=2007&hl=en",838,"2025-12-14 08:01:17","BOOK","","","",,,,,4,2.00,2,2,2,"… , he is unsuccessfully trying to learn to play the guitar. … As we progress, we’ll also explore the frontier of deep learning and … , such as data wrangling and model training and evaluation. …","https://sciendo.com/2/v2/download/book/9781800201132.pdf?Token=eyJhbGciOiJIUzI1NiIsInR5cCI6IkpXVCJ9.eyJ1c2VycyI6W3sic3ViIjoyNTY3ODUxNywicHVicmVmIjoiNzY0NDg4IiwibmFtZSI6Ikdvb2dsZSBHb29nbGVib3QgLSBXZWIgQ3Jhd2xlciBTRU8iLCJ0eXBlIjoiaW5zdGl0dXRpb24iLCJsb2dvdXRfbGluayI6Imh0dHBzOi8vY29ubmVjdC5saWJseW54LmNvbS9sb2dvdXQvNjgxZDUzOTAyMTRkM2JlYjA3ZTI1MDg0Y2UzZjQwMzYiLCJhdXRoX21ldGhvZCI6ImlwIiwiaXAiOiI2Ni4yNDkuNzkuNiIsImNvdW50ZXJwYXJ0eV9pZCI6Ijc2NDQ4OCJ9XSwiaWF0IjoxNzQ2NzU0NzU5LCJleHAiOjE3NDc5NjQzNTl9.DoWU2GWNmdyZFmOFqr2jCRCdwAP8v3GW5vpIu0zSWeU","https://scholar.google.com/scholar?q=related:P_kaMEK6qMEJ:scholar.google.com/&scioq=guitar%7C%22electric+guitar%22+%22artificial+intelligence%22%7C%22machine+learning%22%7C%22deep+learning%22%7C%22audio+analysis%22+feedback%7C%22performance+analysis%22%7Cevaluation%7Cexpressivity&hl=en&as_sdt=2007"
4,"K Song, X Liang, J Wu","Vit-based vq-vae generative network for accompaniment generation",2021,"… Algorithms, Computing and Artificial Intelligence","dl.acm.org","https://dl.acm.org/doi/abs/10.1145/3508546.3508612","https://scholar.google.com/scholar?cites=6018808448475297253&as_sdt=2005&sciodt=2007&hl=en",839,"2025-12-14 08:01:17","","10.1145/3508546.3508612","","",,,,,4,1.00,1,3,4,"… In LPD-5cleansed, the tracks are merged into five common categories: Drums, Piano, Guitar, … Objective Evaluation. There is no standard set of objective metrics for music generation up …","","https://scholar.google.com/scholar?q=related:5XV9FmUah1MJ:scholar.google.com/&scioq=guitar%7C%22electric+guitar%22+%22artificial+intelligence%22%7C%22machine+learning%22%7C%22deep+learning%22%7C%22audio+analysis%22+feedback%7C%22performance+analysis%22%7Cevaluation%7Cexpressivity&hl=en&as_sdt=2007"
22,"K Tran, JP Bøtker, A Aframian, ...","Artificial intelligence for medical imaging",2020,"Artificial intelligence in …","Elsevier","https://www.sciencedirect.com/science/article/pii/B978012818438700006X","https://scholar.google.com/scholar?cites=15426900406290619937&as_sdt=2005&sciodt=2007&hl=en",840,"2025-12-14 08:01:17","","","","",,,,,22,4.40,6,4,5,"… Compared to a person with no musical experience, a guitar player can transfer their previously … Using this technique, a comprehensive evaluation of the heart can be obtained in 10 min. …","","https://scholar.google.com/scholar?q=related:IR5ILi9cF9YJ:scholar.google.com/&scioq=guitar%7C%22electric+guitar%22+%22artificial+intelligence%22%7C%22machine+learning%22%7C%22deep+learning%22%7C%22audio+analysis%22+feedback%7C%22performance+analysis%22%7Cevaluation%7Cexpressivity&hl=en&as_sdt=2007"
48,"J Fu, T Mei, K Yang, H Lu, Y Rui","Tagging personal photos with transfer deep learning",2015,"… of the 24th international conference on …","dl.acm.org","https://dl.acm.org/doi/abs/10.1145/2736277.2741112","https://scholar.google.com/scholar?cites=15468602341611764965&as_sdt=2005&sciodt=2007&hl=en",841,"2025-12-14 08:01:17","","10.1145/2736277.2741112","","",,,,,48,4.80,10,5,10,"… , we present a novel transfer deep learning approach to tag … and ontology priors by deep learning with bottom-up and top-down … -based and deep learning-based methods, respectively. …","https://www.microsoft.com/en-us/research/wp-content/uploads/2016/08/deepTaggingwww2015_cameraReady.pdf","https://scholar.google.com/scholar?q=related:5XyLn9-Dq9YJ:scholar.google.com/&scioq=guitar%7C%22electric+guitar%22+%22artificial+intelligence%22%7C%22machine+learning%22%7C%22deep+learning%22%7C%22audio+analysis%22+feedback%7C%22performance+analysis%22%7Cevaluation%7Cexpressivity&hl=en&as_sdt=2007"
1095,"SY Shih, FK Sun, H Lee","Temporal pattern attention for multivariate time series forecasting",2019,"Machine Learning","Springer","https://link.springer.com/article/10.1007/s10994-019-05815-0","https://scholar.google.com/scholar?cites=6847736450426586958&as_sdt=2005&sciodt=2007&hl=en",842,"2025-12-14 08:01:17","HTML","10.1007/s10994-019-05815-0","","",,,,,1095,182.50,365,3,6,"… On typical MTS datasets, since we compared the proposed model with LSTNet, we followed the same evaluation metrics: RAE, RSE and CORR. The first metric is the relative absolute …","https://link.springer.com/article/10.1007/s10994-019-05815-0","https://scholar.google.com/scholar?q=related:TscrUwUMCF8J:scholar.google.com/&scioq=guitar%7C%22electric+guitar%22+%22artificial+intelligence%22%7C%22machine+learning%22%7C%22deep+learning%22%7C%22audio+analysis%22+feedback%7C%22performance+analysis%22%7Cevaluation%7Cexpressivity&hl=en&as_sdt=2007"
24,"XU Zonghuang","Machine learning-based quantitative structure-activity relationship and ADMET prediction models for erα activity of anti-breast cancer drug candidates",2023,"Wuhan University Journal of Natural …","wujns.edpsciences.org","https://wujns.edpsciences.org/articles/wujns/abs/2023/03/wujns-1007-1202-2023-03-0257-14/wujns-1007-1202-2023-03-0257-14.html","https://scholar.google.com/scholar?cites=10349222552434736735&as_sdt=2005&sciodt=2007&hl=en",843,"2025-12-14 08:01:17","","","","",,,,,24,12.00,24,1,2,"Breast cancer is presently one of the most common malignancies worldwide, with a higher fatality rate. In this study, a quantitative structure-activity relationship (QSAR) model of …","https://wujns.edpsciences.org/articles/wujns/pdf/2023/03/wujns-1007-1202-2023-03-0257-14.pdf","https://scholar.google.com/scholar?q=related:X35VMxTTn48J:scholar.google.com/&scioq=guitar%7C%22electric+guitar%22+%22artificial+intelligence%22%7C%22machine+learning%22%7C%22deep+learning%22%7C%22audio+analysis%22+feedback%7C%22performance+analysis%22%7Cevaluation%7Cexpressivity&hl=en&as_sdt=2007"
172,"A Jalal, S Kamal, D Kim","A depth video-based human detection and activity recognition using multi-features and embedded hidden Markov models for health care monitoring systems",2017,"","reunir.unir.net","https://reunir.unir.net/handle/123456789/11756","https://scholar.google.com/scholar?cites=2631862778436406384&as_sdt=2005&sciodt=2007&hl=en",844,"2025-12-14 08:01:17","","","","",,,,,172,21.50,57,3,8,"… In addition, Table V shows the performance evaluation of online self-annotated activity recognition dataset from all three indicators such as precision, recall and F-measure. It is clearly …","https://reunir.unir.net/bitstream/handle/123456789/11756/ijimai20174_4_7_pdf_14110.pdf?sequence=1&isAllowed=y","https://scholar.google.com/scholar?q=related:cExGtkBBhiQJ:scholar.google.com/&scioq=guitar%7C%22electric+guitar%22+%22artificial+intelligence%22%7C%22machine+learning%22%7C%22deep+learning%22%7C%22audio+analysis%22+feedback%7C%22performance+analysis%22%7Cevaluation%7Cexpressivity&hl=en&as_sdt=2007"
61,"S Holland","Learning about harmony with Harmony Space: an overview",1994,"Music Education: An Artificial Intelligence Approach …","Springer","https://link.springer.com/content/pdf/10.1007/978-1-4471-3571-5_2?pdf=chapter%20toc","https://scholar.google.com/scholar?cites=3409579503433162464&as_sdt=2005&sciodt=2007&hl=en",845,"2025-12-14 08:01:17","","10.1007/978-1-4471-3571-5_2","","",,,,,61,1.97,61,1,31,"… The guitar fretboard may be viewed as combining a chromatic, melodic-related axis with a … Some of the informal findings of the pilot evaluation were as follows. The pilot evaluation …","https://oro.open.ac.uk/59664/1/Hsp%20Music%20AI%20ED.pdf","https://scholar.google.com/scholar?q=related:4B6WX35CUS8J:scholar.google.com/&scioq=guitar%7C%22electric+guitar%22+%22artificial+intelligence%22%7C%22machine+learning%22%7C%22deep+learning%22%7C%22audio+analysis%22+feedback%7C%22performance+analysis%22%7Cevaluation%7Cexpressivity&hl=en&as_sdt=2007"
9,"AD Ramadhan, AE Permanasari, ...","Gamification opportunity in augmented reality-based learning media: A review",2022,"2022 2nd International …","ieeexplore.ieee.org","https://ieeexplore.ieee.org/abstract/document/10037922/","https://scholar.google.com/scholar?cites=8807737810478507367&as_sdt=2005&sciodt=2007&hl=en",846,"2025-12-14 08:01:17","","","","",,,,,9,3.00,3,3,3,"… Amazon Biology also applied machine learning to improve the accuracy of its AR … guitar could detect the guitar and provide feedback on the position of the user’s fingers by the guitar …","","https://scholar.google.com/scholar?q=related:ZyVZjN9eO3oJ:scholar.google.com/&scioq=guitar%7C%22electric+guitar%22+%22artificial+intelligence%22%7C%22machine+learning%22%7C%22deep+learning%22%7C%22audio+analysis%22+feedback%7C%22performance+analysis%22%7Cevaluation%7Cexpressivity&hl=en&as_sdt=2007"
1,"M Kumar, A Rana, Ankita, AK Yadav, ...","Human Activity Recognition in Videos Using Deep Learning",2022,"… Conference on Soft …","Springer","https://link.springer.com/chapter/10.1007/978-3-031-27609-5_23","https://scholar.google.com/scholar?cites=3232498166378678296&as_sdt=2005&sciodt=2007&hl=en",847,"2025-12-14 08:01:17","","10.1007/978-3-031-27609-5_23","","",,,,,1,0.33,0,5,3,"… This section discusses the literature on the application of deep learning on HAR. As … , model evaluation and training. Also, the reasons for selecting specific deep learning model …","","https://scholar.google.com/scholar?q=related:GEgasPQj3CwJ:scholar.google.com/&scioq=guitar%7C%22electric+guitar%22+%22artificial+intelligence%22%7C%22machine+learning%22%7C%22deep+learning%22%7C%22audio+analysis%22+feedback%7C%22performance+analysis%22%7Cevaluation%7Cexpressivity&hl=en&as_sdt=2007"
8,"S Singh, K Bhattacharjee, H Darbari, ...","Analyzing coreference tools for NLP application",2019,"International Journal of …","researchgate.net","https://www.researchgate.net/profile/Krishnanjan-Bhattacharjee/publication/335804146_Analyzing_Coreference_Tools_for_NLP_Application/links/5dde1ef44585159aa44ba2f2/Analyzing-Coreference-Tools-for-NLP-Application.pdf","https://scholar.google.com/scholar?cites=11800615822209866311&as_sdt=2005&sciodt=2007&hl=en",848,"2025-12-14 08:01:17","PDF","","","",,,,,8,1.33,2,4,6,"… , evaluation metrics and algorithm used from rulebased methods to deep learning methods … Raw text format is the preferred format except for Guitar which accepts only XML input and …","https://www.researchgate.net/profile/Krishnanjan-Bhattacharjee/publication/335804146_Analyzing_Coreference_Tools_for_NLP_Application/links/5dde1ef44585159aa44ba2f2/Analyzing-Coreference-Tools-for-NLP-Application.pdf","https://scholar.google.com/scholar?q=related:R1qsZZE1xKMJ:scholar.google.com/&scioq=guitar%7C%22electric+guitar%22+%22artificial+intelligence%22%7C%22machine+learning%22%7C%22deep+learning%22%7C%22audio+analysis%22+feedback%7C%22performance+analysis%22%7Cevaluation%7Cexpressivity&hl=en&as_sdt=2007"
36,"J Jiang, A Fares, SH Zhong","A context-supported deep learning framework for multimodal brain imaging classification",2019,"IEEE Transactions on Human …","ieeexplore.ieee.org","https://ieeexplore.ieee.org/abstract/document/8680664/","https://scholar.google.com/scholar?cites=13855593062897394947&as_sdt=2005&sciodt=2007&hl=en",849,"2025-12-14 08:01:17","","","","",,,,,36,6.00,12,3,6,"… , from which both training images and testing images are selected as stimuli to produce EEG signals, we apply deep learning based networks to extract brain feature vectorsBi ∈ Rdb , …","https://www.researchgate.net/profile/Ahmed-Fares-11/publication/332161037_A_Context-Supported_Deep_Learning_Framework_for_Multimodal_Brain_Imaging_Classification/links/5cf3f02ca6fdcc8475000818/A-Context-Supported-Deep-Learning-Framework-for-Multimodal-Brain-Imaging-Classification.pdf","https://scholar.google.com/scholar?q=related:A6VdCnv0SMAJ:scholar.google.com/&scioq=guitar%7C%22electric+guitar%22+%22artificial+intelligence%22%7C%22machine+learning%22%7C%22deep+learning%22%7C%22audio+analysis%22+feedback%7C%22performance+analysis%22%7Cevaluation%7Cexpressivity&hl=en&as_sdt=2007"
5,"IZ Tonu, A Matin, HB Kibria","Vision based human action classification using CNN model with mode calculation",2021,"2021 IEEE International Women in …","ieeexplore.ieee.org","https://ieeexplore.ieee.org/abstract/document/9829635/","https://scholar.google.com/scholar?cites=546997870989480754&as_sdt=2005&sciodt=2007&hl=en",850,"2025-12-14 08:01:17","","","","",,,,,5,1.25,2,3,4,"… Among all of the strategies, Deep learning has shown quite … a ladder to the world of deep learning-based computer vision … PERFORMANCE EVALUATION The outcome and accuracy …","","https://scholar.google.com/scholar?q=related:MhM5YapTlwcJ:scholar.google.com/&scioq=guitar%7C%22electric+guitar%22+%22artificial+intelligence%22%7C%22machine+learning%22%7C%22deep+learning%22%7C%22audio+analysis%22+feedback%7C%22performance+analysis%22%7Cevaluation%7Cexpressivity&hl=en&as_sdt=2007"
4,"M Mounir, P Karsmakers, ...","Annotations time shift: a key parameter in evaluating musical note onset detection algorithms",2019,"2019 IEEE Workshop …","ieeexplore.ieee.org","https://ieeexplore.ieee.org/abstract/document/8937251/","https://scholar.google.com/scholar?cites=1150945051231404051&as_sdt=2005&sciodt=2007&hl=en",851,"2025-12-14 08:01:17","","","","",,,,,4,0.67,1,3,6,"… than LSF when applied to guitar chord progressions. The same … For the probabilistic ODFs, deep learning algorithms were so … We show how this parameter makes the evaluation metric …","https://lirias.kuleuven.be/retrieve/603392","https://scholar.google.com/scholar?q=related:E0CkFm36-A8J:scholar.google.com/&scioq=guitar%7C%22electric+guitar%22+%22artificial+intelligence%22%7C%22machine+learning%22%7C%22deep+learning%22%7C%22audio+analysis%22+feedback%7C%22performance+analysis%22%7Cevaluation%7Cexpressivity&hl=en&as_sdt=2007"
40,"S Alharbi, M Hasan, AJH Simons, S Brumfitt, ...","Sequence labeling to detect stuttering events in read speech",2020,"Computer Speech & …","Elsevier","https://www.sciencedirect.com/science/article/pii/S0885230819302967","https://scholar.google.com/scholar?cites=12068845762177744133&as_sdt=2005&sciodt=2007&hl=en",852,"2025-12-14 08:01:17","","","","",,,,,40,8.00,8,5,5,"Stuttering is a speech disorder that, if treated during childhood, may be prevented from persisting into adolescence. A clinician must first determine the severity of stuttering, assessing a …","https://eprints.whiterose.ac.uk/id/eprint/154688/1/1-s2.0-S0885230819302967-main.pdf","https://scholar.google.com/scholar?q=related:BT2V90YnfacJ:scholar.google.com/&scioq=guitar%7C%22electric+guitar%22+%22artificial+intelligence%22%7C%22machine+learning%22%7C%22deep+learning%22%7C%22audio+analysis%22+feedback%7C%22performance+analysis%22%7Cevaluation%7Cexpressivity&hl=en&as_sdt=2007"
14,"Z Zhao, LJ Brown","Musical pitch tracking using internal model control based frequency cancellation",2003,"… Conference on Decision and Control (IEEE …","ieeexplore.ieee.org","https://ieeexplore.ieee.org/abstract/document/1272520/","https://scholar.google.com/scholar?cites=15171767497321840505&as_sdt=2005&sciodt=2007&hl=en",853,"2025-12-14 08:01:17","","","","",,,,,14,0.64,7,2,22,"… of machine perception and artificial intelligence. It aims at the … Instead, we accomplish that by using a feedback control … the simulation result of a single vibrato played by a real guitar. It …","https://www.researchgate.net/profile/Lyndon-Brown-2/publication/224746217_Musical_Pitch_Tracking_using_Internal_Model_Control_Based_Frequency_Cancellation/links/55b56da508ae092e9655870f/Musical-Pitch-Tracking-using-Internal-Model-Control-Based-Frequency-Cancellation.pdf","https://scholar.google.com/scholar?q=related:eX-vxCfyjNIJ:scholar.google.com/&scioq=guitar%7C%22electric+guitar%22+%22artificial+intelligence%22%7C%22machine+learning%22%7C%22deep+learning%22%7C%22audio+analysis%22+feedback%7C%22performance+analysis%22%7Cevaluation%7Cexpressivity&hl=en&as_sdt=2007"
36,"A Agarwal, M Vatsa, R Singh, ...","Noise is inside me! generating adversarial perturbations with noise derived from natural filters",2020,"Proceedings of the …","openaccess.thecvf.com","http://openaccess.thecvf.com/content_CVPRW_2020/html/w47/Agarwal_Noise_Is_Inside_Me_Generating_Adversarial_Perturbations_With_Noise_Derived_CVPRW_2020_paper.html","https://scholar.google.com/scholar?cites=4538520297024714588&as_sdt=2005&sciodt=2007&hl=en",854,"2025-12-14 08:01:17","","","","",,,,,36,7.20,9,4,5,"… Deep learning solutions are vulnerable to adversarial perturbations and can lead a “frog” image to be misclassified as a “deer” or random pattern into “guitar”. … used while evaluation is …","http://openaccess.thecvf.com/content_CVPRW_2020/papers/w47/Agarwal_Noise_Is_Inside_Me_Generating_Adversarial_Perturbations_With_Noise_Derived_CVPRW_2020_paper.pdf","https://scholar.google.com/scholar?q=related:XPcO_ikQ_D4J:scholar.google.com/&scioq=guitar%7C%22electric+guitar%22+%22artificial+intelligence%22%7C%22machine+learning%22%7C%22deep+learning%22%7C%22audio+analysis%22+feedback%7C%22performance+analysis%22%7Cevaluation%7Cexpressivity&hl=en&as_sdt=2007"
784,"Z Zhao, D Dua, S Singh","Generating natural adversarial examples",2017,"arXiv preprint arXiv:1710.11342","arxiv.org","https://arxiv.org/abs/1710.11342","https://scholar.google.com/scholar?cites=6487263081764376046&as_sdt=2005&sciodt=2007&hl=en",855,"2025-12-14 08:01:17","","","","",,,,,784,98.00,261,3,8,"… Due to their complex nature, it is hard to characterize the ways in which machine learning … Experiments and human evaluation also demonstrate that our approach can help evaluate …","https://arxiv.org/pdf/1710.11342","https://scholar.google.com/scholar?q=related:7k0S4WZjB1oJ:scholar.google.com/&scioq=guitar%7C%22electric+guitar%22+%22artificial+intelligence%22%7C%22machine+learning%22%7C%22deep+learning%22%7C%22audio+analysis%22+feedback%7C%22performance+analysis%22%7Cevaluation%7Cexpressivity&hl=en&as_sdt=2007"
11,"Y Kikuchi, A Naofumi, Y Dobashi","A study on automatic music genre classification based on the summarization of music data",2020,"… on artificial intelligence in …","ieeexplore.ieee.org","https://ieeexplore.ieee.org/abstract/document/9065046/","https://scholar.google.com/scholar?cites=15700156538678920453&as_sdt=2005&sciodt=2007&hl=en",856,"2025-12-14 08:01:17","","","","",,,,,11,2.20,4,3,5,"… and unrepeated section such as guitar solo in popular music, … For example, repeated sections such as guitar riffs in popular … The evaluation was performed with 10-fold cross validation …","","https://scholar.google.com/scholar?q=related:BcX7XTAp4tkJ:scholar.google.com/&scioq=guitar%7C%22electric+guitar%22+%22artificial+intelligence%22%7C%22machine+learning%22%7C%22deep+learning%22%7C%22audio+analysis%22+feedback%7C%22performance+analysis%22%7Cevaluation%7Cexpressivity&hl=en&as_sdt=2007"
10,"R Eardley, EL Tonkin, E Soubutts, A Ayobi, ...","Explanation before adoption: Supporting informed consent for complex machine learning and iot health platforms",2023,"Proceedings of the …","dl.acm.org","https://dl.acm.org/doi/abs/10.1145/3579482","https://scholar.google.com/scholar?cites=7369798298185379569&as_sdt=2005&sciodt=2007&hl=en",857,"2025-12-14 08:01:17","","10.1145/3579482","","",,,,,10,5.00,2,5,2,"… and the technology is under evaluation for use in the treatment of … Both Ex8 and Ex9 made comparisons with “guitar pick-ups” … Referring to machine learning functionality, Ex9 states “we …","https://dl.acm.org/doi/pdf/10.1145/3579482","https://scholar.google.com/scholar?q=related:8S6eXYHIRmYJ:scholar.google.com/&scioq=guitar%7C%22electric+guitar%22+%22artificial+intelligence%22%7C%22machine+learning%22%7C%22deep+learning%22%7C%22audio+analysis%22+feedback%7C%22performance+analysis%22%7Cevaluation%7Cexpressivity&hl=en&as_sdt=2007"
2,"L Holmberg",""" When Can I Trust It?"" Contextualising Explainability Methods for Classifiers",2023,"… 8th International Conference on Machine Learning …","dl.acm.org","https://dl.acm.org/doi/abs/10.1145/3589883.3589899","https://scholar.google.com/scholar?cites=13873121166899053831&as_sdt=2005&sciodt=2007&hl=en",858,"2025-12-14 08:01:17","","10.1145/3589883.3589899","","",,,,,2,1.00,2,1,2,"… electric guitar” (p=0.32), “acoustic guitar” (p=0.24) and “labrador retriever” (p=0.21). In our study we used a ResNet152 assigning the class labels “acoustic guitar… effective evaluation tool …","https://dl.acm.org/doi/pdf/10.1145/3589883.3589899","https://scholar.google.com/scholar?q=related:B4X4xjI6h8AJ:scholar.google.com/&scioq=guitar%7C%22electric+guitar%22+%22artificial+intelligence%22%7C%22machine+learning%22%7C%22deep+learning%22%7C%22audio+analysis%22+feedback%7C%22performance+analysis%22%7Cevaluation%7Cexpressivity&hl=en&as_sdt=2007"
48,"CC Wong, CM Vong","Persistent homology based graph convolution network for fine-grained 3d shape segmentation",2021,"Proceedings of the IEEE/CVF …","openaccess.thecvf.com","http://openaccess.thecvf.com/content/ICCV2021/html/Wong_Persistent_Homology_Based_Graph_Convolution_Network_for_Fine-Grained_3D_Shape_ICCV_2021_paper.html","https://scholar.google.com/scholar?cites=5378226127678308594&as_sdt=2005&sciodt=2007&hl=en",859,"2025-12-14 08:01:17","","","","",,,,,48,12.00,24,2,4,"… are incorporated with geometric deep learning model for the … is used as the metric in our evaluation, and is given for each … structures, such as lamp, guitar, and objects with thin parts, …","http://openaccess.thecvf.com/content/ICCV2021/papers/Wong_Persistent_Homology_Based_Graph_Convolution_Network_for_Fine-Grained_3D_Shape_ICCV_2021_paper.pdf","https://scholar.google.com/scholar?q=related:8oD9BStMo0oJ:scholar.google.com/&scioq=guitar%7C%22electric+guitar%22+%22artificial+intelligence%22%7C%22machine+learning%22%7C%22deep+learning%22%7C%22audio+analysis%22+feedback%7C%22performance+analysis%22%7Cevaluation%7Cexpressivity&hl=en&as_sdt=2007"
2,"R van de Ven","Emotion Hero",2017,"Proceedings of the 2017 ACM SIGCHI Conference on …","dl.acm.org","https://dl.acm.org/doi/abs/10.1145/3059454.3059490","https://scholar.google.com/scholar?cites=7869601505323161407&as_sdt=2005&sciodt=2007&hl=en",860,"2025-12-14 08:01:17","","10.1145/3059454.3059490","","",,,,,2,0.25,2,1,8,"… by Guitar Hero, the user scores points by following given cues. It provides detailed feedback … However, rather than being objective systems, the Machine Learning-based algorithms that …","","https://scholar.google.com/scholar?q=related:P5eqyN9wNm0J:scholar.google.com/&scioq=guitar%7C%22electric+guitar%22+%22artificial+intelligence%22%7C%22machine+learning%22%7C%22deep+learning%22%7C%22audio+analysis%22+feedback%7C%22performance+analysis%22%7Cevaluation%7Cexpressivity&hl=en&as_sdt=2007"
42,"JK Kim, MN Bae, KB Lee, SG Hong","Identification of patients with sarcopenia using gait parameters based on inertial sensors",2021,"Sensors","mdpi.com","https://www.mdpi.com/1424-8220/21/5/1786","https://scholar.google.com/scholar?cites=4983939198741778788&as_sdt=2005&sciodt=2007&hl=en",861,"2025-12-14 08:01:17","HTML","","","",,,,,42,10.50,11,4,4,"… samples were used as input for deep learning. For evaluation, nine subjects in each group … We will apply various deep learning techniques and deep learning-based XAI techniques in …","https://www.mdpi.com/1424-8220/21/5/1786","https://scholar.google.com/scholar?q=related:ZBEmk0uCKkUJ:scholar.google.com/&scioq=guitar%7C%22electric+guitar%22+%22artificial+intelligence%22%7C%22machine+learning%22%7C%22deep+learning%22%7C%22audio+analysis%22+feedback%7C%22performance+analysis%22%7Cevaluation%7Cexpressivity&hl=en&as_sdt=2007"
46,"A Jalal, S Kamal","Improved behavior monitoring and classification using cues parameters extraction from camera array images",2019,"","reunir.unir.net","https://reunir.unir.net/handle/123456789/12503","https://scholar.google.com/scholar?cites=2862576745962140107&as_sdt=2005&sciodt=2007&hl=en",862,"2025-12-14 08:01:17","","","","",,,,,46,7.67,23,2,6,"… tracking information by considering unique cue evaluation techniques using OpenNI environment, and … Following are the sub-sections that describe the features under our evaluation. …","https://reunir.unir.net/bitstream/handle/123456789/12503/ijimai_5_5_9_pdf_48446.pdf?sequence=1","https://scholar.google.com/scholar?q=related:y_FdRWLquScJ:scholar.google.com/&scioq=guitar%7C%22electric+guitar%22+%22artificial+intelligence%22%7C%22machine+learning%22%7C%22deep+learning%22%7C%22audio+analysis%22+feedback%7C%22performance+analysis%22%7Cevaluation%7Cexpressivity&hl=en&as_sdt=2007"
6,"S Majumder, BD Smith","Music recombination using a genetic algorithm",2018,"","scholarworks.indianapolis.iu.edu","https://scholarworks.indianapolis.iu.edu/items/54b43b27-1a76-4b3d-af91-59eae55fed6a","https://scholar.google.com/scholar?cites=15454098056924108671&as_sdt=2005&sciodt=2007&hl=en",863,"2025-12-14 08:01:17","","","","",,,,,6,0.86,3,2,7,"… rithm uses heuristic search and biological evaluation process to … of a song to generate rhythmic accompaniment for guitar. Two … A paper uses machine learning and artificial intelligence …","https://scholarworks.indianapolis.iu.edu/bitstreams/fbab5c96-54f9-424b-b298-64bdc1037026/download","https://scholar.google.com/scholar?q=related:fxcEr038d9YJ:scholar.google.com/&scioq=guitar%7C%22electric+guitar%22+%22artificial+intelligence%22%7C%22machine+learning%22%7C%22deep+learning%22%7C%22audio+analysis%22+feedback%7C%22performance+analysis%22%7Cevaluation%7Cexpressivity&hl=en&as_sdt=2007"
4,"OD Jora, M Iacob, VI Rosca, MR Nedelcu, ...","Artificial intelligence and artistic imagination: Revisiting the cultural economy of industrial revolutions",2024,"Amfiteatru …","ceeol.com","https://www.ceeol.com/search/article-detail?id=1244559","https://scholar.google.com/scholar?cites=15894570255453936296&as_sdt=2005&sciodt=2007&hl=en",864,"2025-12-14 08:01:17","","","","",,,,,4,4.00,1,5,1,"… This in turn frees up more effort to be used for other kinds of creative work, thus creating a feedback loop that enables mankind’s third most … Rock and roll required the electric guitar …","https://www.econstor.eu/bitstream/10419/300613/1/1895404150.pdf","https://scholar.google.com/scholar?q=related:qFrSLW_blNwJ:scholar.google.com/&scioq=guitar%7C%22electric+guitar%22+%22artificial+intelligence%22%7C%22machine+learning%22%7C%22deep+learning%22%7C%22audio+analysis%22+feedback%7C%22performance+analysis%22%7Cevaluation%7Cexpressivity&hl=en&as_sdt=2007"
23,"BT Zhang","Cognitive learning and the multimodal memory game: Toward human-level machine learning",2008,"2008 IEEE International Joint Conference on …","ieeexplore.ieee.org","https://ieeexplore.ieee.org/abstract/document/4634261/","https://scholar.google.com/scholar?cites=9218224514503833648&as_sdt=2005&sciodt=2007&hl=en",865,"2025-12-14 08:01:17","","","","",,,,,23,1.35,23,1,17,"… Why is the game platform appropriate to study cognitive machine learning toward human-… -level machine learning. First, the movies can be played as long as time allows (evaluation of …","https://www.researchgate.net/profile/Byoung-Tak-Zhang/publication/224331058_Cognitive_Learning_and_the_Multimodal_Memory_Game_Toward_Human-Level_Machine_Learning/links/0fcfd50f9c0e5dd8da000000/Cognitive-Learning-and-the-Multimodal-Memory-Game-Toward-Human-Level-Machine-Learning.pdf","https://scholar.google.com/scholar?q=related:MHjMDlu27X8J:scholar.google.com/&scioq=guitar%7C%22electric+guitar%22+%22artificial+intelligence%22%7C%22machine+learning%22%7C%22deep+learning%22%7C%22audio+analysis%22+feedback%7C%22performance+analysis%22%7Cevaluation%7Cexpressivity&hl=en&as_sdt=2007"
1,"R van der Goot, G Bouma","Automatic estimation of semantic relatedness for sentences using machine learning",2014,"","robvanderg.github.io","https://robvanderg.github.io/doc/masterthesis.pdf","https://scholar.google.com/scholar?cites=2149176511356531283&as_sdt=2005&sciodt=2007&hl=en",866,"2025-12-14 08:01:17","PDF","","","",,,,,1,0.09,1,2,11,"… The SICK corpus used for evaluation in this paper uses a simplified version of natural language. If this model is used for real world language use many pre-processing steps needs to be …","https://robvanderg.github.io/doc/masterthesis.pdf","https://scholar.google.com/scholar?q=related:U_IEd6Zo0x0J:scholar.google.com/&scioq=guitar%7C%22electric+guitar%22+%22artificial+intelligence%22%7C%22machine+learning%22%7C%22deep+learning%22%7C%22audio+analysis%22+feedback%7C%22performance+analysis%22%7Cevaluation%7Cexpressivity&hl=en&as_sdt=2007"
46,"Z Jiao, H You, F Yang, X Li, H Zhang, D Shen","Decoding EEG by Visual-guided Deep Neural Networks.",2019,"IJCAI","researchgate.net","https://www.researchgate.net/profile/Han-Zhang-193/publication/334843997_Decoding_EEG_by_Visual-guided_Deep_Neural_Networks/links/5d6e731e45851542789f2465/Decoding-EEG-by-Visual-guided-Deep-Neural-Networks.pdf","https://scholar.google.com/scholar?cites=6357696192323261021&as_sdt=2005&sciodt=2007&hl=en",867,"2025-12-14 08:01:17","PDF","","","",,,,,46,7.67,8,6,6,"… Inspired by the success of deep learning on image … tional machine learning methods and deep learning models … is usually chosen as an evaluation criterion for generative models. In …","https://www.researchgate.net/profile/Han-Zhang-193/publication/334843997_Decoding_EEG_by_Visual-guided_Deep_Neural_Networks/links/5d6e731e45851542789f2465/Decoding-EEG-by-Visual-guided-Deep-Neural-Networks.pdf","https://scholar.google.com/scholar?q=related:XRJInQATO1gJ:scholar.google.com/&scioq=guitar%7C%22electric+guitar%22+%22artificial+intelligence%22%7C%22machine+learning%22%7C%22deep+learning%22%7C%22audio+analysis%22+feedback%7C%22performance+analysis%22%7Cevaluation%7Cexpressivity&hl=en&as_sdt=2007"
36,"L Hoang, SH Lee, KR Kwon","A 3D shape recognition method using hybrid deep learning network CNN–SVM",2020,"Electronics","mdpi.com","https://www.mdpi.com/2079-9292/9/4/649","https://scholar.google.com/scholar?cites=10245619022994708571&as_sdt=2005&sciodt=2007&hl=en",868,"2025-12-14 08:01:17","HTML","","","",,,,,36,7.20,12,3,5,"3D shape recognition becomes necessary due to the popularity of 3D data resources. This paper aims to introduce the new method, hybrid deep learning network convolution neural …","https://www.mdpi.com/2079-9292/9/4/649","https://scholar.google.com/scholar?q=related:W5iVwTfAL44J:scholar.google.com/&scioq=guitar%7C%22electric+guitar%22+%22artificial+intelligence%22%7C%22machine+learning%22%7C%22deep+learning%22%7C%22audio+analysis%22+feedback%7C%22performance+analysis%22%7Cevaluation%7Cexpressivity&hl=en&as_sdt=2007"
56,"X Huang, H Wang, W Xue, S Xiang, H Huang, ...","Study on time-temperature-transformation diagrams of stainless steel using machine-learning approach",2020,"Computational Materials …","Elsevier","https://www.sciencedirect.com/science/article/pii/S0927025619305816","https://scholar.google.com/scholar?cites=8275006066746005467&as_sdt=2005&sciodt=2007&hl=en",869,"2025-12-14 08:01:17","","","","",,,,,56,11.20,9,6,5,"… In the present work, a combination of machine learning (ML) algorithms, including BP … empirical formulas illustrate the obvious advantage of machine learning approaches. Also, the ML …","","https://scholar.google.com/scholar?q=related:2xeZwiy61nIJ:scholar.google.com/&scioq=guitar%7C%22electric+guitar%22+%22artificial+intelligence%22%7C%22machine+learning%22%7C%22deep+learning%22%7C%22audio+analysis%22+feedback%7C%22performance+analysis%22%7Cevaluation%7Cexpressivity&hl=en&as_sdt=2007"
6,"I Gurulian, GP Hancke, K Markantonakis, ...","May the force be with you: Force-based relay attack detection",2017,"… Conference on Smart …","Springer","https://link.springer.com/chapter/10.1007/978-3-319-75208-2_9","https://scholar.google.com/scholar?cites=4700850772222805221&as_sdt=2005&sciodt=2007&hl=en",870,"2025-12-14 08:01:17","","10.1007/978-3-319-75208-2_9","","",,,,,6,0.75,2,4,8,"… Evaluation Frameworks: The design of two evaluation frameworks… in playing some musical instrument (guitar, piano, or both), … The results of both threshold- and machine learning-based …","https://www.researchgate.net/profile/Raja-Naeem-Akram/publication/322712014_May_the_Force_Be_with_You_Force-Based_Relay_Attack_Detection/links/5f7b5b7c458515b7cf68f0b8/May-the-Force-Be-with-You-Force-Based-Relay-Attack-Detection.pdf","https://scholar.google.com/scholar?q=related:5QR2BN_GPEEJ:scholar.google.com/&scioq=guitar%7C%22electric+guitar%22+%22artificial+intelligence%22%7C%22machine+learning%22%7C%22deep+learning%22%7C%22audio+analysis%22+feedback%7C%22performance+analysis%22%7Cevaluation%7Cexpressivity&hl=en&as_sdt=2007"
30,"X Yu, H Cheng, X Liu, D Roth, J Gao","Reeval: Automatic hallucination evaluation for retrieval-augmented large language models via transferable adversarial attacks",2024,"Findings of the Association …","aclanthology.org","https://aclanthology.org/2024.findings-naacl.85/","https://scholar.google.com/scholar?cites=6027002451640268491&as_sdt=2005&sciodt=2007&hl=en",871,"2025-12-14 08:01:17","","","","",,,,,30,30.00,6,5,1,"… Inspired by adversarial machine learning, we investigate the feasibility of automatically perturbing existing static one for dynamic evaluation. Specifically, this paper presents ReEval, an …","https://aclanthology.org/2024.findings-naacl.85.pdf","https://scholar.google.com/scholar?q=related:yzZtHsw2pFMJ:scholar.google.com/&scioq=guitar%7C%22electric+guitar%22+%22artificial+intelligence%22%7C%22machine+learning%22%7C%22deep+learning%22%7C%22audio+analysis%22+feedback%7C%22performance+analysis%22%7Cevaluation%7Cexpressivity&hl=en&as_sdt=2007"
261,"N Mündler, J He, S Jenko, M Vechev","Self-contradictory hallucinations of large language models: Evaluation, detection and mitigation",2023,"arXiv preprint arXiv:2305.15852","arxiv.org","https://arxiv.org/abs/2305.15852","https://scholar.google.com/scholar?cites=2847662295796397862&as_sdt=2005&sciodt=2007&hl=en",872,"2025-12-14 08:01:17","","","","",,,,,261,130.50,65,4,2,"… Our primary evaluation task is open-domain text generation, … an extensive evaluation on four modern LMs: GPT-4 (OpenAI… Our evaluation highlights the significance of self-contradiction…","https://arxiv.org/pdf/2305.15852","https://scholar.google.com/scholar?q=related:Jrc3PcXthCcJ:scholar.google.com/&scioq=guitar%7C%22electric+guitar%22+%22artificial+intelligence%22%7C%22machine+learning%22%7C%22deep+learning%22%7C%22audio+analysis%22+feedback%7C%22performance+analysis%22%7Cevaluation%7Cexpressivity&hl=en&as_sdt=2007"
41,"P Zhong, Y Liu, H Wang, C Miao","Keyword-guided neural conversational model",2021,"… Conference on Artificial Intelligence","ojs.aaai.org","https://ojs.aaai.org/index.php/AAAI/article/view/17712","https://scholar.google.com/scholar?cites=12212199316118019838&as_sdt=2005&sciodt=2007&hl=en",873,"2025-12-14 08:01:17","","","","",,,,,41,10.25,10,4,4,"… model prediction in both training and evaluation, we also only output keywords that are in the … I love music and playing my guitar and violin. A: That’s awesome! However, my favorite is …","https://ojs.aaai.org/index.php/AAAI/article/download/17712/17519","https://scholar.google.com/scholar?q=related:_p57M5NyeqkJ:scholar.google.com/&scioq=guitar%7C%22electric+guitar%22+%22artificial+intelligence%22%7C%22machine+learning%22%7C%22deep+learning%22%7C%22audio+analysis%22+feedback%7C%22performance+analysis%22%7Cevaluation%7Cexpressivity&hl=en&as_sdt=2007"
6,"L Houghton, A Ruth","Making information systems less scrugged: Reflecting on the processes of change in teaching and learning",2010,"Journal of Information …","research-repository.griffith.edu.au","https://research-repository.griffith.edu.au/items/f977468e-da8b-5d21-9a1f-60dfa966cbe7","https://scholar.google.com/scholar?cites=11472450754496582256&as_sdt=2005&sciodt=2007&hl=en",874,"2025-12-14 08:01:17","","","","",,,,,6,0.40,3,2,15,"… how to swim or play the guitar for example. Deep learning is much more appropriate when … used, but the course team also collected feedback from these reflections and used these to …","https://research-repository.griffith.edu.au/bitstreams/16f17191-ee9d-5e0f-8f5b-88ee7350264b/download","https://scholar.google.com/scholar?q=related:cFLudC1VNp8J:scholar.google.com/&scioq=guitar%7C%22electric+guitar%22+%22artificial+intelligence%22%7C%22machine+learning%22%7C%22deep+learning%22%7C%22audio+analysis%22+feedback%7C%22performance+analysis%22%7Cevaluation%7Cexpressivity&hl=en&as_sdt=2007"
6,"Y Yan","Deep learning based imbalanced data classification and information retrieval for multimedia big data",2018,"","search.proquest.com","https://search.proquest.com/openview/fc8ef20527dbfdecefe2670a91c4ff5f/1?pq-origsite=gscholar&cbl=18750","https://scholar.google.com/scholar?cites=10763241634633713422&as_sdt=2005&sciodt=2007&hl=en",875,"2025-12-14 08:01:17","","","","",,,,,6,0.86,6,1,7,"… In case of the TRECVID confidence score evaluation, we have to work with the unstructured key-value pairs of the TRECVID video shots. There is a need to store the massive TRECVID …","https://scholarship.miami.edu/esploro/fulltext/doctoral/Deep-Learning-Based-Imbalanced-Data-Classification/991031447777102976?repId=12355396120002976&mId=13355514210002976&institution=01UOML_INST","https://scholar.google.com/scholar?q=related:DocJmD23XpUJ:scholar.google.com/&scioq=guitar%7C%22electric+guitar%22+%22artificial+intelligence%22%7C%22machine+learning%22%7C%22deep+learning%22%7C%22audio+analysis%22+feedback%7C%22performance+analysis%22%7Cevaluation%7Cexpressivity&hl=en&as_sdt=2007"
15,"K Bhandari, A Roy, K Wang, G Puri, S Colton, ...","Text2midi: Generating symbolic music from captions",2025,"… on Artificial Intelligence","ojs.aaai.org","https://ojs.aaai.org/index.php/AAAI/article/view/34516","https://scholar.google.com/scholar?cites=2305602129703909670&as_sdt=2005&sciodt=2007&hl=en",876,"2025-12-14 08:01:17","","","","",,,,,15,15.00,3,6,1,"… , clean electric guitar, acoustic guitar, and overdriven guitar. The … In the objective evaluation of our model, we address three … To answer these, we use three types of evaluation metrics as …","https://ojs.aaai.org/index.php/AAAI/article/view/34516/36671","https://scholar.google.com/scholar?q=related:Jrli3usk_x8J:scholar.google.com/&scioq=guitar%7C%22electric+guitar%22+%22artificial+intelligence%22%7C%22machine+learning%22%7C%22deep+learning%22%7C%22audio+analysis%22+feedback%7C%22performance+analysis%22%7Cevaluation%7Cexpressivity&hl=en&as_sdt=2007"
4,"DM RamÌrez Guerra, ...","Neutrosophic statistical analysis of the use of Chess in Alzheimer's disease.",2023,"… & Machine Learning","search.ebscohost.com","https://search.ebscohost.com/login.aspx?direct=true&profile=ehost&scope=site&authtype=crawler&jrnl=25741098&AN=173769101&h=cmNWBUdhG%2By5eCwLgSuiDBzVh%2FYHYSzJB4vFVpocWBZUjebLS1m21vVbLGj0BpogJ0Y6y53zTFNc5EZDvtSSww%3D%3D&crl=c","https://scholar.google.com/scholar?cites=3859976431527854873&as_sdt=2005&sciodt=2007&hl=en",877,"2025-12-14 08:01:17","","","","",,,,,4,2.00,2,2,2,"… results were obtained after the evaluation of the memory of the older … instruments (piano, violin or guitar), reading texts of different … The use of neutrosophy for the evaluation of cognitive …","","https://scholar.google.com/scholar?q=related:GQOZCh1kkTUJ:scholar.google.com/&scioq=guitar%7C%22electric+guitar%22+%22artificial+intelligence%22%7C%22machine+learning%22%7C%22deep+learning%22%7C%22audio+analysis%22+feedback%7C%22performance+analysis%22%7Cevaluation%7Cexpressivity&hl=en&as_sdt=2007"
44,"SY Zhang, SW Zhang, XN Fan, J Meng, ...","Global analysis of N6-methyladenosine functions and its disease association using deep learning and network-based methods",2019,"PLoS computational …","journals.plos.org","https://journals.plos.org/ploscompbiol/article?id=10.1371/journal.pcbi.1006663","https://scholar.google.com/scholar?cites=5511478245122827264&as_sdt=2005&sciodt=2007&hl=en",878,"2025-12-14 08:01:17","HTML","","","",,,,,44,7.33,9,5,6,"… 6 A-associated disease, which includes Deep-m 6 A, the first model for detecting condition-specific m 6 A sites from MeRIP-Seq data with a single base resolution using deep …","https://journals.plos.org/ploscompbiol/article?id=10.1371/journal.pcbi.1006663","https://scholar.google.com/scholar?q=related:AOTWS0O0fEwJ:scholar.google.com/&scioq=guitar%7C%22electric+guitar%22+%22artificial+intelligence%22%7C%22machine+learning%22%7C%22deep+learning%22%7C%22audio+analysis%22+feedback%7C%22performance+analysis%22%7Cevaluation%7Cexpressivity&hl=en&as_sdt=2007"
5,"Z Gu, K Kjell, HA Schwartz, O Kjell","Natural language response formats for assessing depression and worry with large language models: A sequential evaluation with model pre-registration",2025,"Assessment","journals.sagepub.com","https://journals.sagepub.com/doi/abs/10.1177/10731911251364022","https://scholar.google.com/scholar?cites=6430713261284675491&as_sdt=2005&sciodt=2007&hl=en",879,"2025-12-14 08:01:17","","10.1177/10731911251364022","","",,,,,5,5.00,1,4,1,"… Using the Sequential Evaluation with Model Pre-Registration design, machine-learning models were trained on a development dataset (N= 963), and then pre-registered before tested …","https://journals.sagepub.com/doi/pdf/10.1177/10731911251364022","https://scholar.google.com/scholar?q=related:o09Ex6N7PlkJ:scholar.google.com/&scioq=guitar%7C%22electric+guitar%22+%22artificial+intelligence%22%7C%22machine+learning%22%7C%22deep+learning%22%7C%22audio+analysis%22+feedback%7C%22performance+analysis%22%7Cevaluation%7Cexpressivity&hl=en&as_sdt=2007"
1,"R Aman, V Kumar, D Chaudhary","Deep Learning for Unearthing Emotions in Twitter A Hybrid Emotional Recognition Model",2024,"Defence Science Journal","search.proquest.com","https://search.proquest.com/openview/7888b513340051a18b1a8a601d5a4abf/1?pq-origsite=gscholar&cbl=2028808","https://scholar.google.com/scholar?cites=11261280251655450605&as_sdt=2005&sciodt=2007&hl=en",880,"2025-12-14 08:01:17","","","","",,,,,1,1.00,0,3,1,"… Machine learning approaches are applied of categorizing the emotional information set, … Furthermore, entities underlying emotions might be obtained using the deep learning model …","","https://scholar.google.com/scholar?q=related:7W8LXLkaSJwJ:scholar.google.com/&scioq=guitar%7C%22electric+guitar%22+%22artificial+intelligence%22%7C%22machine+learning%22%7C%22deep+learning%22%7C%22audio+analysis%22+feedback%7C%22performance+analysis%22%7Cevaluation%7Cexpressivity&hl=en&as_sdt=2007"
32,"M Joselli, JR Da Silva, M Zamith, E Clua, ...","An architecture for game interaction using mobile",2012,"2012 IEEE …","ieeexplore.ieee.org","https://ieeexplore.ieee.org/abstract/document/6329846/","https://scholar.google.com/scholar?cites=7853542829200382510&as_sdt=2005&sciodt=2007&hl=en",881,"2025-12-14 08:01:17","","","","",,,,,32,2.46,6,5,13,"… , realistic physics, artificial intelligence and even from user … as vibration feedback, sound feedback, image feedback and … In [5], the authors developed a framework for playing a guitar …","","https://scholar.google.com/scholar?q=related:LhrO4pdj_WwJ:scholar.google.com/&scioq=guitar%7C%22electric+guitar%22+%22artificial+intelligence%22%7C%22machine+learning%22%7C%22deep+learning%22%7C%22audio+analysis%22+feedback%7C%22performance+analysis%22%7Cevaluation%7Cexpressivity&hl=en&as_sdt=2007"
24,"SG Glisic, B Lorenzo","Artificial intelligence and quantum computing for advanced wireless networks",2022,"","books.google.com","https://books.google.com/books?hl=en&lr=&id=P8l6EAAAQBAJ&oi=fnd&pg=PR13&dq=guitar%7C%22electric+guitar%22+%22artificial+intelligence%22%7C%22machine+learning%22%7C%22deep+learning%22%7C%22audio+analysis%22+feedback%7C%22performance+analysis%22%7Cevaluation%7Cexpressivity&ots=Tj1sULXAWY&sig=uMRmg4jJS2ttvNBkwGQhXM4t4go","https://scholar.google.com/scholar?cites=13315569929792359210&as_sdt=2005&sciodt=2007&hl=en",882,"2025-12-14 08:01:17","BOOK","","","",,,,,24,8.00,12,2,3,"… A practical overview of the implementation of artificial intelligence and … of artificial intelligence (Al) for planning network deployment, optimization, and dynamic control. Machine learning …","","https://scholar.google.com/scholar?q=related:KoslX01oyrgJ:scholar.google.com/&scioq=guitar%7C%22electric+guitar%22+%22artificial+intelligence%22%7C%22machine+learning%22%7C%22deep+learning%22%7C%22audio+analysis%22+feedback%7C%22performance+analysis%22%7Cevaluation%7Cexpressivity&hl=en&as_sdt=2007"
24,"X Xiao, D Xu, W Wan","Overview: Video recognition from handcrafted method to deep learning method",2016,"2016 International Conference on Audio …","ieeexplore.ieee.org","https://ieeexplore.ieee.org/abstract/document/7846652/","https://scholar.google.com/scholar?cites=13285812981467579505&as_sdt=2005&sciodt=2007&hl=en",883,"2025-12-14 08:01:17","","","","",,,,,24,2.67,8,3,9,"… Then we introduce some deep learning action recognition models. As deep learning becomes … We find that the deep learning methods outperform handcrafted methods at large scale …","","https://scholar.google.com/scholar?q=related:cQSm8IOwYLgJ:scholar.google.com/&scioq=guitar%7C%22electric+guitar%22+%22artificial+intelligence%22%7C%22machine+learning%22%7C%22deep+learning%22%7C%22audio+analysis%22+feedback%7C%22performance+analysis%22%7Cevaluation%7Cexpressivity&hl=en&as_sdt=2007"
320,"A Jordanous","A standardised procedure for evaluating creative systems: Computational creativity evaluation based on what it is to be creative",2012,"Cognitive Computation","Springer","https://link.springer.com/article/10.1007/s12559-012-9156-1","https://scholar.google.com/scholar?cites=95598406493259666&as_sdt=2005&sciodt=2007&hl=en",884,"2025-12-14 08:01:17","","10.1007/s12559-012-9156-1","","",,,,,320,24.62,320,1,13,"… evaluation results, and evaluation decisions can be critiqued and/or learned from. In artificial intelligence, to … how confused research aims, unclear evaluation criteria and poor continuity …","https://kar.kent.ac.uk/42379/1/evaluatingComputationalCreativity2.pdf","https://scholar.google.com/scholar?q=related:kscfhD6iUwEJ:scholar.google.com/&scioq=guitar%7C%22electric+guitar%22+%22artificial+intelligence%22%7C%22machine+learning%22%7C%22deep+learning%22%7C%22audio+analysis%22+feedback%7C%22performance+analysis%22%7Cevaluation%7Cexpressivity&hl=en&as_sdt=2007"
5,"MA Taha, SAAA Alsaidi, ...","Machine Learning Techniques for Predicting Heart Diseases",2022,"… Symposium on iNnovative …","ieeexplore.ieee.org","https://ieeexplore.ieee.org/abstract/document/10076238/","https://scholar.google.com/scholar?cites=17380148652912988019&as_sdt=2005&sciodt=2007&hl=en",885,"2025-12-14 08:01:17","","","","",,,,,5,1.67,2,3,3,"… Fret Width (FW), similar to how artists play guitar or violin [36]. The HS algorithm has been … set, are often used to establish the evaluation. Pearson coefficients of variance or correlations, …","https://www.researchgate.net/profile/Mohammed-Taha-32/publication/369612044_Machine_Learning_Techniques_for_Predicting_Heart_Diseases/links/64252c0a66f8522c38e23f99/Machine-Learning-Techniques-for-Predicting-Heart-Diseases.pdf","https://scholar.google.com/scholar?q=related:c89cqB2xMvEJ:scholar.google.com/&scioq=guitar%7C%22electric+guitar%22+%22artificial+intelligence%22%7C%22machine+learning%22%7C%22deep+learning%22%7C%22audio+analysis%22+feedback%7C%22performance+analysis%22%7Cevaluation%7Cexpressivity&hl=en&as_sdt=2007"
17,"M Al-Faris, J Chiverton, Y Yang, D Ndzi","Deep learning of fuzzy weighted multi-resolution depth motion maps with spatial feature fusion for action recognition",2019,"Journal of Imaging","mdpi.com","https://www.mdpi.com/2313-433X/5/10/82","https://scholar.google.com/scholar?cites=15004924368013272469&as_sdt=2005&sciodt=2007&hl=en",886,"2025-12-14 08:01:17","HTML","","","",,,,,17,2.83,4,4,6,"Human action recognition (HAR) is an important yet challenging task. This paper presents a novel method. First, fuzzy weight functions are used in computations of depth motion maps (…","https://www.mdpi.com/2313-433X/5/10/82","https://scholar.google.com/scholar?q=related:laUIlTYzPNAJ:scholar.google.com/&scioq=guitar%7C%22electric+guitar%22+%22artificial+intelligence%22%7C%22machine+learning%22%7C%22deep+learning%22%7C%22audio+analysis%22+feedback%7C%22performance+analysis%22%7Cevaluation%7Cexpressivity&hl=en&as_sdt=2007"
9,"UP Nayak, M Müller, D Britz, MA Guitar, ...","Image processing using open source tools and their implementation in the analysis of complex microstructures",2021,"Practical …","degruyterbrill.com","https://www.degruyterbrill.com/document/doi/10.1515/pm-2021-0039","https://scholar.google.com/scholar?cites=4377033507620338350&as_sdt=2005&sciodt=2007&hl=en",887,"2025-12-14 08:01:17","","10.1515/pm-2021-0039","","",,,,,9,2.25,2,5,4,"… The trainable WEKA segmentation [SI 5] is an inbuilt FIJI plugin that combines a collection of machine learning algorithms with a set of selected image features to produce pixel-based …","","https://scholar.google.com/scholar?q=related:rjqx38hYvjwJ:scholar.google.com/&scioq=guitar%7C%22electric+guitar%22+%22artificial+intelligence%22%7C%22machine+learning%22%7C%22deep+learning%22%7C%22audio+analysis%22+feedback%7C%22performance+analysis%22%7Cevaluation%7Cexpressivity&hl=en&as_sdt=2007"
28,"D Merrill","Head-tracking for gestural and continuous control of parameterized audio effects",2003,"Proceedings of the 2003 conference on New interfaces …","academia.edu","https://www.academia.edu/download/81296915/nime2003_218.pdf","https://scholar.google.com/scholar?cites=542313283597420100&as_sdt=2005&sciodt=2007&hl=en",888,"2025-12-14 08:01:17","PDF","","","",,,,,28,1.27,28,1,22,"… The Line6 Pod 2.0 [6] proved to be a useful guitar effects … In time, machine-learning-based tools could be developed to … A system which collects either implicit or explicit feedback …","https://www.academia.edu/download/81296915/nime2003_218.pdf","https://scholar.google.com/scholar?q=related:RMbM4Q6vhgcJ:scholar.google.com/&scioq=guitar%7C%22electric+guitar%22+%22artificial+intelligence%22%7C%22machine+learning%22%7C%22deep+learning%22%7C%22audio+analysis%22+feedback%7C%22performance+analysis%22%7Cevaluation%7Cexpressivity&hl=en&as_sdt=2007"
354,"W Dai, Q Yang, GR Xue, Y Yu","Self-taught clustering",2008,"… conference on Machine learning","dl.acm.org","https://dl.acm.org/doi/abs/10.1145/1390156.1390182","https://scholar.google.com/scholar?cites=17920143410160724771&as_sdt=2005&sciodt=2007&hl=en",889,"2025-12-14 08:01:17","","10.1145/1390156.1390182","","",,,,,354,20.82,89,4,17,"This paper focuses on a new clustering task, called self-taught clustering. Self-taught clustering is an instance of unsupervised transfer learning, which aims at clustering a small …","https://cse.hkust.edu.hk/faculty/qyang/Docs/2008/dwyakicml.pdf","https://scholar.google.com/scholar?q=related:I-uvjnwjsfgJ:scholar.google.com/&scioq=guitar%7C%22electric+guitar%22+%22artificial+intelligence%22%7C%22machine+learning%22%7C%22deep+learning%22%7C%22audio+analysis%22+feedback%7C%22performance+analysis%22%7Cevaluation%7Cexpressivity&hl=en&as_sdt=2007"
21,"Z Gao, S Guo, C Xu, J Zhang, M Gong, ...","Multi-domain adversarial variational Bayesian inference for domain generalization",2022,"… on Circuits and …","ieeexplore.ieee.org","https://ieeexplore.ieee.org/abstract/document/9999244/","https://scholar.google.com/scholar?cites=6874118660951491868&as_sdt=2005&sciodt=2007&hl=en",890,"2025-12-14 08:01:17","","","","",,,,,21,7.00,4,6,3,"… in recent machine learning research [1–3]. It aims to address the dataset bias issue when generalizing machine learning … feedback and without the classification feedback, respectively. …","","https://scholar.google.com/scholar?q=related:HMXlYYDGZV8J:scholar.google.com/&scioq=guitar%7C%22electric+guitar%22+%22artificial+intelligence%22%7C%22machine+learning%22%7C%22deep+learning%22%7C%22audio+analysis%22+feedback%7C%22performance+analysis%22%7Cevaluation%7Cexpressivity&hl=en&as_sdt=2007"
0,"JD Bennett, BR Rao","Automated artificial intelligence topology generation based on frames",2025,"US Patent App. 18/806,809","Google Patents","https://patents.google.com/patent/US20250068976A1/en","",891,"2025-12-14 08:01:17","","","","",,,,,0,0.00,0,2,1,"… a guitar. A child paging through the music book can then find sheet music that they are interested in and then start playback of the guitar … , is used in feedback path training of the AI node …","","https://scholar.google.com/scholar?q=related:0FMxRLTG2KoJ:scholar.google.com/&scioq=guitar%7C%22electric+guitar%22+%22artificial+intelligence%22%7C%22machine+learning%22%7C%22deep+learning%22%7C%22audio+analysis%22+feedback%7C%22performance+analysis%22%7Cevaluation%7Cexpressivity&hl=en&as_sdt=2007"
6,"L Mion, G De Poli","Music expression understanding based on a joint semantic space",2007,"… of the Italian Association for Artificial Intelligence","Springer","https://link.springer.com/chapter/10.1007/978-3-540-74782-6_53","https://scholar.google.com/scholar?cites=15804404916429374888&as_sdt=2005&sciodt=2007&hl=en",892,"2025-12-14 08:01:17","","10.1007/978-3-540-74782-6_53","","",,,,,6,0.33,3,2,18,"… In particular, we are interested in actions and feedback … multi-sensorial scenario, machine-learning techniques can supply the … set G for guitar. We found that expressions from …","https://www.researchgate.net/profile/Giovanni-De-Poli/publication/221153315_Music_Expression_Understanding_Based_on_a_Joint_Semantic_Space/links/00463516bb26d55659000000/Music-Expression-Understanding-Based-on-a-Joint-Semantic-Space.pdf","https://scholar.google.com/scholar?q=related:qMU1QomGVNsJ:scholar.google.com/&scioq=guitar%7C%22electric+guitar%22+%22artificial+intelligence%22%7C%22machine+learning%22%7C%22deep+learning%22%7C%22audio+analysis%22+feedback%7C%22performance+analysis%22%7Cevaluation%7Cexpressivity&hl=en&as_sdt=2007"
1,"C Kwon, J King, J Carney, J Stamper","A Schema-Based Approach to the Linkage of Multimodal Learning Sources with Generative AI",2024,"… Conference on Artificial Intelligence …","Springer","https://link.springer.com/chapter/10.1007/978-3-031-64312-5_1","https://scholar.google.com/scholar?cites=5494596602403117745&as_sdt=2005&sciodt=2007&hl=en",893,"2025-12-14 08:01:17","","10.1007/978-3-031-64312-5_1","","",,,,,1,1.00,0,4,1,"… maintenance, cooking, or guitar playing while relying exclusively … observation, practice, and feedback. This pedagogical approach… iterative engagement and personalized feedback [13]. …","https://drive.google.com/file/d/1xLjsVU-dAXVDjXEFdtMXxsRYIep3ZTIg/view","https://scholar.google.com/scholar?q=related:sVpOjn-6QEwJ:scholar.google.com/&scioq=guitar%7C%22electric+guitar%22+%22artificial+intelligence%22%7C%22machine+learning%22%7C%22deep+learning%22%7C%22audio+analysis%22+feedback%7C%22performance+analysis%22%7Cevaluation%7Cexpressivity&hl=en&as_sdt=2007"
9,"O Mengara","A backdoor approach with inverted labels using dirty label-flipping attacks",2024,"IEEE Access","ieeexplore.ieee.org","https://ieeexplore.ieee.org/abstract/document/10483076/","https://scholar.google.com/scholar?cites=14373718045518957699&as_sdt=2005&sciodt=2007&hl=en",894,"2025-12-14 08:01:17","","","","",,,,,9,9.00,9,1,1,"… Audio-based machine learning systems frequently use public or third-party data, which … as well as for the development and evaluation of automatic speech recognition systems. TIMIT …","https://ieeexplore.ieee.org/iel7/6287639/6514899/10483076.pdf","https://scholar.google.com/scholar?q=related:g4zHPGi0eccJ:scholar.google.com/&scioq=guitar%7C%22electric+guitar%22+%22artificial+intelligence%22%7C%22machine+learning%22%7C%22deep+learning%22%7C%22audio+analysis%22+feedback%7C%22performance+analysis%22%7Cevaluation%7Cexpressivity&hl=en&as_sdt=2007"
4,"D Shrier","Basic AI: a human guide to artificial intelligence",2024,"","books.google.com","https://books.google.com/books?hl=en&lr=&id=wRDKEAAAQBAJ&oi=fnd&pg=PT13&dq=guitar%7C%22electric+guitar%22+%22artificial+intelligence%22%7C%22machine+learning%22%7C%22deep+learning%22%7C%22audio+analysis%22+feedback%7C%22performance+analysis%22%7Cevaluation%7Cexpressivity&ots=W2tSduPwN5&sig=DrwiVqw1aPy1r-t7luZ6PNF1D1s","https://scholar.google.com/scholar?cites=8066494036419598785&as_sdt=2005&sciodt=2007&hl=en",895,"2025-12-14 08:01:17","BOOK","","","",,,,,4,4.00,4,1,1,"… of artificial intelligence, delivering fascinating insights and exploring the impact this powerful technology will have on our lives and world. Artificial intelligence … a re-evaluation of the way …","","https://scholar.google.com/scholar?q=related:wdmYh5bx8W8J:scholar.google.com/&scioq=guitar%7C%22electric+guitar%22+%22artificial+intelligence%22%7C%22machine+learning%22%7C%22deep+learning%22%7C%22audio+analysis%22+feedback%7C%22performance+analysis%22%7Cevaluation%7Cexpressivity&hl=en&as_sdt=2007"
35,"XF Han, SJ Sun, XY Song, GQ Xiao","3D point cloud descriptors in hand-crafted and deep learning age: State-of-the-art",2018,"arXiv preprint arXiv:1802.02297","arxiv.org","https://arxiv.org/abs/1802.02297","https://scholar.google.com/scholar?cites=3689623873612319690&as_sdt=2005&sciodt=2007&hl=en",896,"2025-12-14 08:01:17","","","","",,,,,35,5.00,9,4,7,"… The authors reviewed the 3D shape descriptors from the machine learning point of view … , and evaluation of the 3D point cloud descriptors, especially these exploiting deep learning …","https://arxiv.org/pdf/1802.02297","https://scholar.google.com/scholar?q=related:yot2VV0tNDMJ:scholar.google.com/&scioq=guitar%7C%22electric+guitar%22+%22artificial+intelligence%22%7C%22machine+learning%22%7C%22deep+learning%22%7C%22audio+analysis%22+feedback%7C%22performance+analysis%22%7Cevaluation%7Cexpressivity&hl=en&as_sdt=2007"
41,"B Karan, GR Angadi","Artificial intelligence integration into school education: A review of Indian and foreign perspectives",2025,"Millennial Asia","journals.sagepub.com","https://journals.sagepub.com/doi/abs/10.1177/09763996231158229","https://scholar.google.com/scholar?cites=582332321752292662&as_sdt=2005&sciodt=2007&hl=en",897,"2025-12-14 08:01:17","","10.1177/09763996231158229","","",,,,,41,41.00,21,2,1,"The rise of artificial intelligence (AI) is rapidly influencing our education system. It is apparent that the students of today are mostly attached with their smart mobile phones, tablets, …","","https://scholar.google.com/scholar?q=related:Nh1GSyncFAgJ:scholar.google.com/&scioq=guitar%7C%22electric+guitar%22+%22artificial+intelligence%22%7C%22machine+learning%22%7C%22deep+learning%22%7C%22audio+analysis%22+feedback%7C%22performance+analysis%22%7Cevaluation%7Cexpressivity&hl=en&as_sdt=2007"
17,"MJ Khan, F Ilievski, JG Breslin, ...","A survey of neurosymbolic visual reasoning with scene graphs and common sense knowledge",2025,"… Artificial Intelligence","journals.sagepub.com","https://journals.sagepub.com/doi/abs/10.3233/NAI-240719","https://scholar.google.com/scholar?cites=12748614331725962693&as_sdt=2005&sciodt=2007&hl=en",898,"2025-12-14 08:01:17","","10.3233/NAI-240719","","",,,,,17,17.00,4,4,1,"… reasoning approaches based on deep learning, common sense … on the types of deep learning architecture, common sense … tasks, datasets, evaluation metrics, key challenges and …","https://journals.sagepub.com/doi/pdf/10.3233/NAI-240719","https://scholar.google.com/scholar?q=related:xd36jDAt7LAJ:scholar.google.com/&scioq=guitar%7C%22electric+guitar%22+%22artificial+intelligence%22%7C%22machine+learning%22%7C%22deep+learning%22%7C%22audio+analysis%22+feedback%7C%22performance+analysis%22%7Cevaluation%7Cexpressivity&hl=en&as_sdt=2007"
11,"A Tammewar, A Cervone, G Riccardi","Emotion carrier recognition from personal narratives",2020,"arXiv preprint arXiv:2008.07481","arxiv.org","https://arxiv.org/abs/2008.07481","https://scholar.google.com/scholar?cites=15122613483664729775&as_sdt=2005&sciodt=2007&hl=en",899,"2025-12-14 08:01:17","","","","",,,,,11,2.20,4,3,5,"… We explore the task of ECR in a corpus of PNs manually annotated with emotion carriers and investigate different machine learning models for the task. We propose evaluation …","https://arxiv.org/pdf/2008.07481","https://scholar.google.com/scholar?q=related:r2ZeIddQ3tEJ:scholar.google.com/&scioq=guitar%7C%22electric+guitar%22+%22artificial+intelligence%22%7C%22machine+learning%22%7C%22deep+learning%22%7C%22audio+analysis%22+feedback%7C%22performance+analysis%22%7Cevaluation%7Cexpressivity&hl=en&as_sdt=2007"
7,"S Sharma, K Baishya, M Pandey, ...","Hybrid Product Recommendation System using Popularity Based and Content-Based Filtering",2023,"… & Artificial Intelligence …","ieeexplore.ieee.org","https://ieeexplore.ieee.org/abstract/document/10452564/","https://scholar.google.com/scholar?cites=11127501444925483352&as_sdt=2005&sciodt=2007&hl=en",900,"2025-12-14 08:01:17","","","","",,,,,7,3.50,2,4,2,"… Furthermore, the evaluation metrics of our hybrid system demonstrate superior performance … system offers enhanced personalization and improved evaluation metrics, making it a more …","","https://scholar.google.com/scholar?q=related:WOltrpvTbJoJ:scholar.google.com/&scioq=guitar%7C%22electric+guitar%22+%22artificial+intelligence%22%7C%22machine+learning%22%7C%22deep+learning%22%7C%22audio+analysis%22+feedback%7C%22performance+analysis%22%7Cevaluation%7Cexpressivity&hl=en&as_sdt=2007"
17,"L Xu, D Towey, AP French, S Benford, ...","Enhancing supervised classifications with metamorphic relations",2018,"Proceedings of the 3rd …","dl.acm.org","https://dl.acm.org/doi/abs/10.1145/3193977.3193978","https://scholar.google.com/scholar?cites=5153187455952735266&as_sdt=2005&sciodt=2007&hl=en",901,"2025-12-14 08:01:17","","10.1145/3193977.3193978","","",,,,,17,2.43,3,5,7,"… the inputs and outputs of a machine learning system. To the best of … The experimental evaluation also showed the importance of the … The Carolan guitar: a thing that tells its own life …","https://eprints.nottingham.ac.uk/53764/1/MRAugmentedClassifierMET2018.pdf","https://scholar.google.com/scholar?q=related:IswPPbDMg0cJ:scholar.google.com/&scioq=guitar%7C%22electric+guitar%22+%22artificial+intelligence%22%7C%22machine+learning%22%7C%22deep+learning%22%7C%22audio+analysis%22+feedback%7C%22performance+analysis%22%7Cevaluation%7Cexpressivity&hl=en&as_sdt=2007"
35,"J Sen, S Dasgupta","Adversarial attacks on image classification models: FGSM and patch attacks and their impact",2023,"arXiv preprint arXiv:2307.02055","arxiv.org","https://arxiv.org/abs/2307.02055","https://scholar.google.com/scholar?cites=1756446209626208795&as_sdt=2005&sciodt=2007&hl=en",902,"2025-12-14 08:01:17","","","","",,,,,35,17.50,18,2,2,"… CNNs are very popular deeplearning models which are used … model robustness ness curves are useful in the evaluation of … The authors considered the evaluation from four different …","https://arxiv.org/pdf/2307.02055","https://scholar.google.com/scholar?q=related:G_rZh4UmYBgJ:scholar.google.com/&scioq=guitar%7C%22electric+guitar%22+%22artificial+intelligence%22%7C%22machine+learning%22%7C%22deep+learning%22%7C%22audio+analysis%22+feedback%7C%22performance+analysis%22%7Cevaluation%7Cexpressivity&hl=en&as_sdt=2007"
2,"A Ghorbani","Model interpretation and data valuation for machine learning",2021,"","search.proquest.com","https://search.proquest.com/openview/a461c1cdc7f38a02063b3ca51b6678a6/1?pq-origsite=gscholar&cbl=18750&diss=y","https://scholar.google.com/scholar?cites=9328091705063272634&as_sdt=2005&sciodt=2007&hl=en",903,"2025-12-14 08:01:17","BOOK","","","",,,,,2,0.50,2,1,4,"… , machine learning interpretability and fairness, data valuation, and machine learning for … framework used for robust evaluation of the causal importance-scores of input features of a …","https://stacks.stanford.edu/file/druid:dj449dg7488/AmirataGhorbaniThesis-augmented.pdf","https://scholar.google.com/scholar?q=related:unCQwPsJdIEJ:scholar.google.com/&scioq=guitar%7C%22electric+guitar%22+%22artificial+intelligence%22%7C%22machine+learning%22%7C%22deep+learning%22%7C%22audio+analysis%22+feedback%7C%22performance+analysis%22%7Cevaluation%7Cexpressivity&hl=en&as_sdt=2007"
45,"A Fares, S Zhong, J Jiang","EEG-based image classification via a region-level stacked bi-directional deep learning framework",2019,"BMC medical informatics and decision making","Springer","https://link.springer.com/article/10.1186/s12911-019-0967-9","https://scholar.google.com/scholar?cites=5406782771986278054&as_sdt=2005&sciodt=2007&hl=en",904,"2025-12-14 08:01:17","HTML","10.1186/s12911-019-0967-9","","",,,,,45,7.50,15,3,6,"… as the input of the deep learning model is extracted to further … level computation into the deep learning framework to provide … the existing methods that use deep learning models for EEG-…","https://link.springer.com/article/10.1186/s12911-019-0967-9","https://scholar.google.com/scholar?q=related:pqbx5UjACEsJ:scholar.google.com/&scioq=guitar%7C%22electric+guitar%22+%22artificial+intelligence%22%7C%22machine+learning%22%7C%22deep+learning%22%7C%22audio+analysis%22+feedback%7C%22performance+analysis%22%7Cevaluation%7Cexpressivity&hl=en&as_sdt=2007"
41,"J Singh, L Zheng","Divide, evaluate, and refine: Evaluating and improving text-to-image alignment with iterative vqa feedback",2023,"Advances in Neural Information …","proceedings.neurips.cc","https://proceedings.neurips.cc/paper_files/paper/2023/hash/dfd0bd56e8a6f82d1619f5d093d5f9ca-Abstract-Conference.html","https://scholar.google.com/scholar?cites=14163189837701334290&as_sdt=2005&sciodt=2007&hl=en",905,"2025-12-14 08:01:17","","","","",,,,,41,20.50,21,2,2,"… 7 while output images show both a lion and guitar, the lion does not seem to be playing the guitar. In contrast, Eval-and-Refine is able to describe both presence and relation between …","https://proceedings.neurips.cc/paper_files/paper/2023/file/dfd0bd56e8a6f82d1619f5d093d5f9ca-Paper-Conference.pdf","https://scholar.google.com/scholar?q=related:EkWcGh7CjcQJ:scholar.google.com/&scioq=guitar%7C%22electric+guitar%22+%22artificial+intelligence%22%7C%22machine+learning%22%7C%22deep+learning%22%7C%22audio+analysis%22+feedback%7C%22performance+analysis%22%7Cevaluation%7Cexpressivity&hl=en&as_sdt=2007"
71,"M Anderson, R McCartney","Diagram processing: Computing with diagrams",2003,"Artificial Intelligence","Elsevier","https://www.sciencedirect.com/science/article/pii/S0004370202003831","https://scholar.google.com/scholar?cites=4486237045555144023&as_sdt=2005&sciodt=2007&hl=en",906,"2025-12-14 08:01:17","","","","",,,,,71,3.23,36,2,22,"… to date (from an artificial intelligence perspective) has been a … Those familiar with the guitar can finger new chord diagrams … is, provided examples of fingered guitar chord diagrams, …","https://www.sciencedirect.com/science/article/pii/S0004370202003831/pdf?md5=28a086f481f2d5d72576cdb5807ccc30&pid=1-s2.0-S0004370202003831-main.pdf&_valck=1","https://scholar.google.com/scholar?q=related:VyWD5tJQQj4J:scholar.google.com/&scioq=guitar%7C%22electric+guitar%22+%22artificial+intelligence%22%7C%22machine+learning%22%7C%22deep+learning%22%7C%22audio+analysis%22+feedback%7C%22performance+analysis%22%7Cevaluation%7Cexpressivity&hl=en&as_sdt=2007"
3,"CW Sia, KH Lim, JTS Phang","Comparative Study of Point Cloud Classification Using Deep Learning Neural Networks",2023,"2023 International Conference …","ieeexplore.ieee.org","https://ieeexplore.ieee.org/abstract/document/10248818/","https://scholar.google.com/scholar?cites=8041187944798030249&as_sdt=2005&sciodt=2007&hl=en",907,"2025-12-14 08:01:17","","","","",,,,,3,1.50,1,3,2,"Point cloud processing using neural network is challenging due to its irregular and unstructured nature. In recent development, two general types of deep learning neural networks can …","","https://scholar.google.com/scholar?q=related:qQnX7dQJmG8J:scholar.google.com/&scioq=guitar%7C%22electric+guitar%22+%22artificial+intelligence%22%7C%22machine+learning%22%7C%22deep+learning%22%7C%22audio+analysis%22+feedback%7C%22performance+analysis%22%7Cevaluation%7Cexpressivity&hl=en&as_sdt=2007"
22,"DG Pai, R Kamath, M Balachandra","Deep learning techniques for weed detection in agricultural environments: A comprehensive review",2024,"IEEE Access","ieeexplore.ieee.org","https://ieeexplore.ieee.org/abstract/document/10570187/","https://scholar.google.com/scholar?cites=18438578908230058755&as_sdt=2005&sciodt=2007&hl=en",908,"2025-12-14 08:01:17","","","","",,,,,22,22.00,7,3,1,"… has been completely transformed by Deep Learning (DL) … with deep learning (DL), a vital aspect of machine learning (ML)… the present status of Deep Learning based weed identification …","https://ieeexplore.ieee.org/iel8/6287639/10380310/10570187.pdf","https://scholar.google.com/scholar?q=related:AwMQRNP94v8J:scholar.google.com/&scioq=guitar%7C%22electric+guitar%22+%22artificial+intelligence%22%7C%22machine+learning%22%7C%22deep+learning%22%7C%22audio+analysis%22+feedback%7C%22performance+analysis%22%7Cevaluation%7Cexpressivity&hl=en&as_sdt=2007"
509,"P Pan, Z Xu, Y Yang, F Wu, ...","Hierarchical recurrent neural encoder for video representation with application to captioning",2016,"Proceedings of the IEEE …","cv-foundation.org","https://www.cv-foundation.org/openaccess/content_cvpr_2016/html/Pan_Hierarchical_Recurrent_Neural_CVPR_2016_paper.html","https://scholar.google.com/scholar?cites=976441969976606731&as_sdt=2005&sciodt=2007&hl=en",909,"2025-12-14 08:01:17","","","","",,,,,509,56.56,102,5,9,"… Recently, deep learning approach, especially deep Convolutional … , or stop the training until the evaluation metric does not improve on … HRNE with attention: A man is playing a guitar …","https://www.cv-foundation.org/openaccess/content_cvpr_2016/papers/Pan_Hierarchical_Recurrent_Neural_CVPR_2016_paper.pdf","https://scholar.google.com/scholar?q=related:CwA9XMwEjQ0J:scholar.google.com/&scioq=guitar%7C%22electric+guitar%22+%22artificial+intelligence%22%7C%22machine+learning%22%7C%22deep+learning%22%7C%22audio+analysis%22+feedback%7C%22performance+analysis%22%7Cevaluation%7Cexpressivity&hl=en&as_sdt=2007"
13,"X Qin, JG Lu, C Chen, X Zhou, Y Gan, ...","Artificial intelligence quotient (AIQ)",2024,"Available at SSRN …","papers.ssrn.com","https://papers.ssrn.com/sol3/papers.cfm?abstract_id=4787320","https://scholar.google.com/scholar?cites=14618680657555272655&as_sdt=2005&sciodt=2007&hl=en",910,"2025-12-14 08:01:17","","","","",,,,,13,13.00,2,6,1,"… Zhang, and Anna Manyi Zheng for their helpful feedback on earlier drafts. We are grateful to … ChatGPT to brainstorm unusual uses for a guitar. Participants were informed that they would …","https://papers.ssrn.com/sol3/Delivery.cfm?abstractid=4787320","https://scholar.google.com/scholar?q=related:z7N03pr838oJ:scholar.google.com/&scioq=guitar%7C%22electric+guitar%22+%22artificial+intelligence%22%7C%22machine+learning%22%7C%22deep+learning%22%7C%22audio+analysis%22+feedback%7C%22performance+analysis%22%7Cevaluation%7Cexpressivity&hl=en&as_sdt=2007"
3,"L Jeantet, K Zondo, C Delvenne, ...","Automatic identification of the endangered hawksbill sea turtle behavior using deep learning and cross-species transfer learning",2024,"Journal of …","journals.biologists.com","https://journals.biologists.com/jeb/article/227/24/jeb249232/364854","https://scholar.google.com/scholar?cites=16784013329749806426&as_sdt=2005&sciodt=2007&hl=en",911,"2025-12-14 08:01:17","HTML","","","",,,,,3,3.00,1,4,1,"… Despite the automated analysis capabilities provided by deep learning, data scarcity … , leveraging deep learning and expanding the use of accelerometers for wildlife monitoring. …","https://journals.biologists.com/jeb/article/227/24/jeb249232/364854","https://scholar.google.com/scholar?q=related:Wo0oqTLL7OgJ:scholar.google.com/&scioq=guitar%7C%22electric+guitar%22+%22artificial+intelligence%22%7C%22machine+learning%22%7C%22deep+learning%22%7C%22audio+analysis%22+feedback%7C%22performance+analysis%22%7Cevaluation%7Cexpressivity&hl=en&as_sdt=2007"
14,"NA Guitar, DF Sherry","Decreased Neurogenesis Increases Spatial Reversal Errors in Chickadees (Poecile atricapillus)",2018,"Developmental Neurobiology","Wiley Online Library","https://onlinelibrary.wiley.com/doi/abs/10.1002/dneu.22641","https://scholar.google.com/scholar?cites=17949095576773877119&as_sdt=2005&sciodt=2007&hl=en",912,"2025-12-14 08:01:17","","10.1002/dneu.22641","","",,,,,14,2.00,7,2,7,"… range of individual estimate which allows for the evaluation of the robustness of our sampling … and data mining and training of artificial intelligence technologies or similar technologies. …","","https://scholar.google.com/scholar?q=related:f10kJVT_F_kJ:scholar.google.com/&scioq=guitar%7C%22electric+guitar%22+%22artificial+intelligence%22%7C%22machine+learning%22%7C%22deep+learning%22%7C%22audio+analysis%22+feedback%7C%22performance+analysis%22%7Cevaluation%7Cexpressivity&hl=en&as_sdt=2007"
15,"C Ding, CH Chi, T Luo","An improved usage-based ranking",2002,"International Conference on Web-Age Information …","Springer","https://link.springer.com/chapter/10.1007/3-540-45703-8_32","https://scholar.google.com/scholar?cites=6683987013320330471&as_sdt=2005&sciodt=2007&hl=en",913,"2025-12-14 08:01:17","","10.1007/3-540-45703-8_32","","",,,,,15,0.65,5,3,23,"… to provide feedback to refine the search, and such kind of feedback … Thus, explicit feedback is quite rare on the web. However, the … It is actually a kind of implicit feedback from users. We …","https://www.researchgate.net/profile/Tiejian-Luo/publication/221509096_An_Improved_Usage-Based_Ranking/links/54d388ff0cf2b0c6146daa95/An-Improved-Usage-Based-Ranking.pdf","https://scholar.google.com/scholar?q=related:50xIfMZKwlwJ:scholar.google.com/&scioq=guitar%7C%22electric+guitar%22+%22artificial+intelligence%22%7C%22machine+learning%22%7C%22deep+learning%22%7C%22audio+analysis%22+feedback%7C%22performance+analysis%22%7Cevaluation%7Cexpressivity&hl=en&as_sdt=2007"
103,"A Shah, M Kattel, A Nepal, ...","Chroma feature extraction",2019,"Chroma Feature Extraction …","researchgate.net","https://www.researchgate.net/profile/Ayush-Shah-6/publication/363487456_Chroma_Feature_Extractionpdf/data/631f9a1770cc936cd301efc1/Chroma-Feature-Extraction.pdf","https://scholar.google.com/scholar?cites=15655610187623167591&as_sdt=2005&sciodt=2007&hl=en",914,"2025-12-14 08:01:17","PDF","","","",,,,,103,17.17,26,4,6,"… This algorithm can be interpreted as a successive evaluation of Fourier transforms over short … a Machine Learning project called Guitar chord recognition that recognizes any guitar chord…","https://www.researchgate.net/profile/Ayush-Shah-6/publication/363487456_Chroma_Feature_Extractionpdf/data/631f9a1770cc936cd301efc1/Chroma-Feature-Extraction.pdf","https://scholar.google.com/scholar?q=related:Z_ZDx4TmQ9kJ:scholar.google.com/&scioq=guitar%7C%22electric+guitar%22+%22artificial+intelligence%22%7C%22machine+learning%22%7C%22deep+learning%22%7C%22audio+analysis%22+feedback%7C%22performance+analysis%22%7Cevaluation%7Cexpressivity&hl=en&as_sdt=2007"
19,"M Alzahrani, M Usman, SK Jarraya, S Anwar, ...","Deep models for multi-view 3D object recognition: a review",2024,"Artificial Intelligence …","Springer","https://link.springer.com/article/10.1007/s10462-024-10941-w","https://scholar.google.com/scholar?cites=198490109575212572&as_sdt=2005&sciodt=2007&hl=en",915,"2025-12-14 08:01:17","HTML","10.1007/s10462-024-10941-w","","",,,,,19,19.00,4,5,1,"This review paper focuses on the progress of deep learning-based methods for multi-view 3D object recognition. It covers the state-of-the-art techniques in this field, specifically those …","https://link.springer.com/article/10.1007/s10462-024-10941-w","https://scholar.google.com/scholar?q=related:HK6o-LMtwQIJ:scholar.google.com/&scioq=guitar%7C%22electric+guitar%22+%22artificial+intelligence%22%7C%22machine+learning%22%7C%22deep+learning%22%7C%22audio+analysis%22+feedback%7C%22performance+analysis%22%7Cevaluation%7Cexpressivity&hl=en&as_sdt=2007"
95,"DC Arroyo, Y Yilmaz","An open for replication study: The role of feedback timing in synchronous computer‐mediated communication",2018,"Language Learning","Wiley Online Library","https://onlinelibrary.wiley.com/doi/abs/10.1111/lang.12300","https://scholar.google.com/scholar?cites=10475016122437846101&as_sdt=2005&sciodt=2007&hl=en",916,"2025-12-14 08:01:17","","10.1111/lang.12300","","",,,,,95,13.57,48,2,7,"… -feedback group outperformed the delayed-feedback group in an oral production test, but there were no differences between the two feedback … of artificial intelligence technologies or …","https://www.academia.edu/download/63778404/Arroyo_et_al-2018-Language_Learning20200629-15585-5ymavt.pdf","https://scholar.google.com/scholar?q=related:VcRlEqq7XpEJ:scholar.google.com/&scioq=guitar%7C%22electric+guitar%22+%22artificial+intelligence%22%7C%22machine+learning%22%7C%22deep+learning%22%7C%22audio+analysis%22+feedback%7C%22performance+analysis%22%7Cevaluation%7Cexpressivity&hl=en&as_sdt=2007"
25,"T Sun, G Liu, R Li, S Liu, S Zhu, ...","Quadratic terms based point-to-surface 3D representation for deep learning of point cloud",2021,"IEEE Transactions on …","ieeexplore.ieee.org","https://ieeexplore.ieee.org/abstract/document/9475448/","https://scholar.google.com/scholar?cites=5271269318242914649&as_sdt=2005&sciodt=2007&hl=en",917,"2025-12-14 08:01:17","","","","",,,,,25,6.25,4,6,4,"… segmentation, we use the popular ScanNet [43] benchmark for evaluation. … guitar knife lamp laptopmotor bike … Qiao, “Spidercnn: Deep learning on point sets with parameterized …","https://drive.google.com/file/d/1DtSEKcijpMaGiES30WHXbrZpgbQqNqnD/view","https://scholar.google.com/scholar?q=related:WdFIPYRPJ0kJ:scholar.google.com/&scioq=guitar%7C%22electric+guitar%22+%22artificial+intelligence%22%7C%22machine+learning%22%7C%22deep+learning%22%7C%22audio+analysis%22+feedback%7C%22performance+analysis%22%7Cevaluation%7Cexpressivity&hl=en&as_sdt=2007"
125,"V Stoyanov, C Cardie, N Gilbert, E Riloff, D Buttler, ...","Coreference resolution with reconcile",2010,"","apps.dtic.mil","https://apps.dtic.mil/sti/html/tr/ADA577580/","https://scholar.google.com/scholar?cites=11624909368817707190&as_sdt=2005&sciodt=2007&hl=en",918,"2025-12-14 08:01:17","","","","",,,,,125,8.33,21,6,15,"… For the purpose of this sample evaluation, we create only one particular instantiation of Reconcile, which we will call Reconcile2010 to differentiate it from the general platform. …","https://apps.dtic.mil/sti/tr/pdf/ADA577580.pdf","https://scholar.google.com/scholar?q=related:tmh9wnr5U6EJ:scholar.google.com/&scioq=guitar%7C%22electric+guitar%22+%22artificial+intelligence%22%7C%22machine+learning%22%7C%22deep+learning%22%7C%22audio+analysis%22+feedback%7C%22performance+analysis%22%7Cevaluation%7Cexpressivity&hl=en&as_sdt=2007"
35,"VN Gadepally, BJ Hancock, KB Greenfield, ...","Recommender systems for the department of defense and intelligence community",2016,"Lincoln Laboratory …","ll.mit.edu","https://www.ll.mit.edu/sites/default/files/publication/doc/2019-04/recommender-systems-department-defense-intelligence-gadepally-108929.pdf","https://scholar.google.com/scholar?cites=7500445273598287474&as_sdt=2005&sciodt=2007&hl=en",919,"2025-12-14 08:01:17","PDF","","","",,,,,35,3.89,9,4,9,"… learning and artificial intelligence communities have done … One machine learning and artificial intelligence technique … -object pair and may come from explicit feedback (eg, thumbs-up …","https://www.ll.mit.edu/sites/default/files/publication/doc/2019-04/recommender-systems-department-defense-intelligence-gadepally-108929.pdf","https://scholar.google.com/scholar?q=related:cl4VvjzvFmgJ:scholar.google.com/&scioq=guitar%7C%22electric+guitar%22+%22artificial+intelligence%22%7C%22machine+learning%22%7C%22deep+learning%22%7C%22audio+analysis%22+feedback%7C%22performance+analysis%22%7Cevaluation%7Cexpressivity&hl=en&as_sdt=2007"
19,"I Hull","Machine learning for economics and finance in TensorFlow 2",2021,"Apress, Berkeley, CA","Springer","https://link.springer.com/content/pdf/10.1007/978-1-4842-6373-0.pdf","https://scholar.google.com/scholar?cites=12347203497563398590&as_sdt=2005&sciodt=2007&hl=en",920,"2025-12-14 08:01:17","","10.1007/978-1-4842-6373-0","","",,,,,19,4.75,19,1,4,"… writing blogs or working on projects, he likes to go on long walks or play his acoustic guitar. … in machine learning. There is, however, substantially more potential for machine learning to …","","https://scholar.google.com/scholar?q=related:viG6qSkUWqsJ:scholar.google.com/&scioq=guitar%7C%22electric+guitar%22+%22artificial+intelligence%22%7C%22machine+learning%22%7C%22deep+learning%22%7C%22audio+analysis%22+feedback%7C%22performance+analysis%22%7Cevaluation%7Cexpressivity&hl=en&as_sdt=2007"
18,"L Hoang, SH Lee, EJ Lee, KR Kwon","GSV-NET: A Multi-modal deep learning network for 3D point cloud classification",2022,"Applied Sciences","mdpi.com","https://www.mdpi.com/2076-3417/12/1/483","https://scholar.google.com/scholar?cites=2331490616329147208&as_sdt=2005&sciodt=2007&hl=en",921,"2025-12-14 08:01:17","HTML","","","",,,,,18,6.00,5,4,3,"… machine learning-based methods for point cloud classification [12,13,14]. Deep learning … Deep learning cannot apply directly to point cloud due to their irregular structure. Several …","https://www.mdpi.com/2076-3417/12/1/483","https://scholar.google.com/scholar?q=related:SJN031weWyAJ:scholar.google.com/&scioq=guitar%7C%22electric+guitar%22+%22artificial+intelligence%22%7C%22machine+learning%22%7C%22deep+learning%22%7C%22audio+analysis%22+feedback%7C%22performance+analysis%22%7Cevaluation%7Cexpressivity&hl=en&as_sdt=2007"
61,"DG Moursund","Brief introduction to educational implications of Artificial Intelligence",2006,"University of Oregon","scholarsbank.uoregon.edu","https://scholarsbank.uoregon.edu/server/api/core/bitstreams/fe7c9e4a-2322-48f9-922f-b7d8f29001d3/content","https://scholar.google.com/scholar?cites=796870531221606931&as_sdt=2005&sciodt=2007&hl=en",922,"2025-12-14 08:01:17","PDF","","","",,,,,61,3.21,61,1,19,"This book is designed to help preservice and inservice teachers learn about some of the educational implications of current uses of Artificial Intelligence as an aid to solving problems …","https://scholarsbank.uoregon.edu/server/api/core/bitstreams/fe7c9e4a-2322-48f9-922f-b7d8f29001d3/content","https://scholar.google.com/scholar?q=related:E9JwsYYNDwsJ:scholar.google.com/&scioq=guitar%7C%22electric+guitar%22+%22artificial+intelligence%22%7C%22machine+learning%22%7C%22deep+learning%22%7C%22audio+analysis%22+feedback%7C%22performance+analysis%22%7Cevaluation%7Cexpressivity&hl=en&as_sdt=2007"
11,"BJ Smith","Assessment tools and systems: Meaningful feedback approaches to promote critical and creative thinking",2022,"","books.google.com","https://books.google.com/books?hl=en&lr=&id=WYmeEAAAQBAJ&oi=fnd&pg=PR9&dq=guitar%7C%22electric+guitar%22+%22artificial+intelligence%22%7C%22machine+learning%22%7C%22deep+learning%22%7C%22audio+analysis%22+feedback%7C%22performance+analysis%22%7Cevaluation%7Cexpressivity&ots=WrZ09Fp4TY&sig=UHyqq5bvsf2zjb96NOgtweXoONE","https://scholar.google.com/scholar?cites=17169002988225774198&as_sdt=2005&sciodt=2007&hl=en",923,"2025-12-14 08:01:17","BOOK","","","",,,,,11,3.67,11,1,3,"… Implementing feedback systems that engage and prompt critical and creative thinking … can enhance deep learning. Assessment Tools and Systems: Meaningful Feedback Approaches …","","https://scholar.google.com/scholar?q=related:dkLRpECNRO4J:scholar.google.com/&scioq=guitar%7C%22electric+guitar%22+%22artificial+intelligence%22%7C%22machine+learning%22%7C%22deep+learning%22%7C%22audio+analysis%22+feedback%7C%22performance+analysis%22%7Cevaluation%7Cexpressivity&hl=en&as_sdt=2007"
32,"P Sarang","Artificial neural networks with TensorFlow 2",2021,"Apress: Berkeley, CA, USA","Springer","https://link.springer.com/content/pdf/10.1007/978-1-4842-6150-7.pdf","https://scholar.google.com/scholar?cites=12939527874013439018&as_sdt=2005&sciodt=2007&hl=en",924,"2025-12-14 08:01:17","","10.1007/978-1-4842-6150-7","","",,,,,32,8.00,32,1,4,"… coverage of various deep learning architectures. It is fully … a complete platform for machine learning. It describes the … you to the complete machine learning development cycle. The …","https://www.academia.edu/download/106639170/1.pdf","https://scholar.google.com/scholar?q=related:KiTWewtwkrMJ:scholar.google.com/&scioq=guitar%7C%22electric+guitar%22+%22artificial+intelligence%22%7C%22machine+learning%22%7C%22deep+learning%22%7C%22audio+analysis%22+feedback%7C%22performance+analysis%22%7Cevaluation%7Cexpressivity&hl=en&as_sdt=2007"
410,"R Ribani, M Marengoni","A survey of transfer learning for convolutional neural networks",2019,"2019 32nd SIBGRAPI conference on …","ieeexplore.ieee.org","https://ieeexplore.ieee.org/abstract/document/8920338/","https://scholar.google.com/scholar?cites=1694711155567883612&as_sdt=2005&sciodt=2007&hl=en",925,"2025-12-14 08:01:17","","","","",,,,,410,68.33,205,2,6,"… of guitar: “acoustic guitar” and “electric guitar”. What if I want to train a model to recognize different types of guitar … of deep learning and machine learning in general, the meta-learning. …","https://www.researchgate.net/profile/Ricardo-Ribani/publication/337794654_A_Survey_of_Transfer_Learning_for_Convolutional_Neural_Networks/links/61fd31821e98d168d7ee6adf/A-Survey-of-Transfer-Learning-for-Convolutional-Neural-Networks.pdf","https://scholar.google.com/scholar?q=related:XPWDKNHShBcJ:scholar.google.com/&scioq=guitar%7C%22electric+guitar%22+%22artificial+intelligence%22%7C%22machine+learning%22%7C%22deep+learning%22%7C%22audio+analysis%22+feedback%7C%22performance+analysis%22%7Cevaluation%7Cexpressivity&hl=en&as_sdt=2007"
14,"R Dodhia","AI for social good: Using artificial intelligence to save the world",2024,"","books.google.com","https://books.google.com/books?hl=en&lr=&id=P4rtEAAAQBAJ&oi=fnd&pg=PR1&dq=guitar%7C%22electric+guitar%22+%22artificial+intelligence%22%7C%22machine+learning%22%7C%22deep+learning%22%7C%22audio+analysis%22+feedback%7C%22performance+analysis%22%7Cevaluation%7Cexpressivity&ots=BAU8Azyrju&sig=D8bAU4JpeERPr70Nf3gtRdxg4oI","https://scholar.google.com/scholar?cites=4475194087820016812&as_sdt=2005&sciodt=2007&hl=en",926,"2025-12-14 08:01:17","BOOK","","","",,,,,14,14.00,14,1,1,"… Frequent communication and feedback loops ensure the AI model matches real- world … Marvin Minsky brought his electric guitar and played late into the night, entertaining his …","","https://scholar.google.com/scholar?q=related:rLxw8U8VGz4J:scholar.google.com/&scioq=guitar%7C%22electric+guitar%22+%22artificial+intelligence%22%7C%22machine+learning%22%7C%22deep+learning%22%7C%22audio+analysis%22+feedback%7C%22performance+analysis%22%7Cevaluation%7Cexpressivity&hl=en&as_sdt=2007"
254,"S Lv, D Guo, J Xu, D Tang, N Duan, M Gong, ...","Graph-based reasoning over heterogeneous external knowledge for commonsense question answering",2020,"… on artificial intelligence","aaai.org","https://aaai.org/ojs/index.php/AAAI/article/view/6364","https://scholar.google.com/scholar?cites=10689307869405657692&as_sdt=2005&sciodt=2007&hl=en",927,"2025-12-14 08:01:17","","","","",,,,,254,50.80,36,7,5,"… Figure 4: An example of constructed Wiki-Graph from the Wikipedia evidence “He began making music when he started guitar lessons” and “Making music and playing guitar are his …","https://aaai.org/ojs/index.php/AAAI/article/view/6364/6220","https://scholar.google.com/scholar?q=related:XDq2ct8MWJQJ:scholar.google.com/&scioq=guitar%7C%22electric+guitar%22+%22artificial+intelligence%22%7C%22machine+learning%22%7C%22deep+learning%22%7C%22audio+analysis%22+feedback%7C%22performance+analysis%22%7Cevaluation%7Cexpressivity&hl=en&as_sdt=2007"
18,"DK Jangid, NR Brodnik, A Khan, MG Goebel, ...","3d grain shape generation in polycrystals using generative adversarial networks",2022,"Integrating Materials and …","Springer","https://link.springer.com/article/10.1007/s40192-021-00244-1","https://scholar.google.com/scholar?cites=17982829078469968630&as_sdt=2005&sciodt=2007&hl=en",928,"2025-12-14 08:01:17","","10.1007/s40192-021-00244-1","","",,,,,18,6.00,4,5,3,"… Alongside this, we present an approach to train deep learning … , chair, guitar, etc.) from a publicly available dataset built for … goal of this work is direct evaluation of network performance, …","https://escholarship.org/content/qt28c9f19b/qt28c9f19b_noSplash_565373da8fb6067003177acd3651f7ca.pdf","https://scholar.google.com/scholar?q=related:9oLEDsXXj_kJ:scholar.google.com/&scioq=guitar%7C%22electric+guitar%22+%22artificial+intelligence%22%7C%22machine+learning%22%7C%22deep+learning%22%7C%22audio+analysis%22+feedback%7C%22performance+analysis%22%7Cevaluation%7Cexpressivity&hl=en&as_sdt=2007"
1,"D George, X Xie, YK Lai, GKL Tam","A deep learning driven active framework for segmentation of large 3D shape collections",2018,"arXiv preprint arXiv:1807.06551","arxiv.org","https://arxiv.org/abs/1807.06551","https://scholar.google.com/scholar?cites=2950945013802916845&as_sdt=2005&sciodt=2007&hl=en",929,"2025-12-14 08:01:17","","","","",,,,,1,0.14,0,4,7,"… By making use of a fast and robust deep learning model and effective refinement tools we … As we have no way of analyzing our model evaluation, we explored using entropy to rank the …","https://arxiv.org/pdf/1807.06551","https://scholar.google.com/scholar?q=related:7dtu89rc8ygJ:scholar.google.com/&scioq=guitar%7C%22electric+guitar%22+%22artificial+intelligence%22%7C%22machine+learning%22%7C%22deep+learning%22%7C%22audio+analysis%22+feedback%7C%22performance+analysis%22%7Cevaluation%7Cexpressivity&hl=en&as_sdt=2007"
64,"J Gao, W Bi, X Liu, J Li, S Shi","Generating multiple diverse responses for short-text conversation",2019,"… AAAI Conference on Artificial Intelligence","aaai.org","https://aaai.org/ojs/index.php/AAAI/article/view/4601","https://scholar.google.com/scholar?cites=12872901285855078543&as_sdt=2005&sciodt=2007&hl=en",930,"2025-12-14 08:01:17","","","","",,,,,64,10.67,13,5,6,"… “I play guitar sometimes” and “My favorite is camping and you can join me next time.”. Both “guitar” … The human evaluation results are provided in Table 4, and our method is still the best …","https://aaai.org/ojs/index.php/AAAI/article/download/4601/4479","https://scholar.google.com/scholar?q=related:j6gPFIS7pbIJ:scholar.google.com/&scioq=guitar%7C%22electric+guitar%22+%22artificial+intelligence%22%7C%22machine+learning%22%7C%22deep+learning%22%7C%22audio+analysis%22+feedback%7C%22performance+analysis%22%7Cevaluation%7Cexpressivity&hl=en&as_sdt=2007"
5,"A Ranjan, S Srivastava","Customer segmentation using machine learning: A literature review",2022,"AIP Conference Proceedings","pubs.aip.org","https://pubs.aip.org/aip/acp/article-abstract/2481/1/020036/2826844","https://scholar.google.com/scholar?cites=10806018623668901289&as_sdt=2005&sciodt=2007&hl=en",931,"2025-12-14 08:01:17","","10.1063/5.0103946/16212654/020036_1_online","","",,,,,5,1.67,3,2,3,"… For example: a small business of guitar should sell lower price segments of guitars to young people because … organize feedback columns to find out what we can change to attract them. …","https://pubs.aip.org/aip/acp/article-pdf/doi/10.1063/5.0103946/16212654/020036_1_online.pdf","https://scholar.google.com/scholar?q=related:qVUKfK-w9pUJ:scholar.google.com/&scioq=guitar%7C%22electric+guitar%22+%22artificial+intelligence%22%7C%22machine+learning%22%7C%22deep+learning%22%7C%22audio+analysis%22+feedback%7C%22performance+analysis%22%7Cevaluation%7Cexpressivity&hl=en&as_sdt=2007"
4,"L Erculiani, A Bontempelli, A Passerini, ...","Egocentric hierarchical visual semantics",2023,"HHAI 2023 …","ebooks.iospress.nl","https://ebooks.iospress.nl/volumearticle/63343","https://scholar.google.com/scholar?cites=14568945182690043601&as_sdt=2005&sciodt=2007&hl=en",932,"2025-12-14 08:01:17","","","","",,,,,4,2.00,1,4,2,"… This paper presents the algorithm and a first evaluation. … Thus, for instance, a guitar should be recognized first as a … Traditional machine learning assumes a closed-world setting, …","https://arxiv.org/pdf/2305.05422","https://scholar.google.com/scholar?q=related:0eZgPnRKL8oJ:scholar.google.com/&scioq=guitar%7C%22electric+guitar%22+%22artificial+intelligence%22%7C%22machine+learning%22%7C%22deep+learning%22%7C%22audio+analysis%22+feedback%7C%22performance+analysis%22%7Cevaluation%7Cexpressivity&hl=en&as_sdt=2007"
41,"P Singh, Singh","Machine learning with PySpark",2004,"","Springer","https://link.springer.com/content/pdf/10.1007/978-1-4842-7777-5.pdf","https://scholar.google.com/scholar?cites=14659705782059089779&as_sdt=2005&sciodt=2007&hl=en",933,"2025-12-14 08:01:17","BOOK","10.1007/978-1-4842-7777-5","","",,,,,41,1.95,21,2,21,"… The second section focuses on different machine learning … to the data science and Machine Learning field would find this … lies in explaining the Machine Learning algorithms in most …","","https://scholar.google.com/scholar?q=related:cz9fA728ccsJ:scholar.google.com/&scioq=guitar%7C%22electric+guitar%22+%22artificial+intelligence%22%7C%22machine+learning%22%7C%22deep+learning%22%7C%22audio+analysis%22+feedback%7C%22performance+analysis%22%7Cevaluation%7Cexpressivity&hl=en&as_sdt=2007"
104,"W Ren, H Yang, G Zhang, C Wei, X Du, ...","Consisti2v: Enhancing visual consistency for image-to-video generation",2024,"arXiv preprint arXiv …","arxiv.org","https://arxiv.org/abs/2402.04324","https://scholar.google.com/scholar?cites=8304353593494833811&as_sdt=2005&sciodt=2007&hl=en",934,"2025-12-14 08:01:17","","","","",,,,,104,104.00,17,6,1,"… evaluation benchmark for I2V generation. Our automatic and human … quantitative evaluation benchmark dedicated to evaluating I2V generation models. We will release our evaluation …","https://arxiv.org/pdf/2402.04324","https://scholar.google.com/scholar?q=related:k4p_TZj9PnMJ:scholar.google.com/&scioq=guitar%7C%22electric+guitar%22+%22artificial+intelligence%22%7C%22machine+learning%22%7C%22deep+learning%22%7C%22audio+analysis%22+feedback%7C%22performance+analysis%22%7Cevaluation%7Cexpressivity&hl=en&as_sdt=2007"
9,"A Srivastava, S Jha","Data-driven machine learning: A new approach to process and utilize biomedical data",2022,"Predictive Modeling in Biomedical Data Mining and …","Elsevier","https://www.sciencedirect.com/science/article/pii/B9780323998642000172","https://scholar.google.com/scholar?cites=17043989386392513914&as_sdt=2005&sciodt=2007&hl=en",935,"2025-12-14 08:01:17","","","","",,,,,9,3.00,5,2,3,"… Machine Learning (ML) and Artificial Intelligence (AI) have emerged as promising solutions, and … A brief overview of the current scenarios and future prospects of Machine Learning in …","https://pmc.ncbi.nlm.nih.gov/articles/PMC9464259/pdf/main.pdf","https://scholar.google.com/scholar?q=related:ei10QwtqiOwJ:scholar.google.com/&scioq=guitar%7C%22electric+guitar%22+%22artificial+intelligence%22%7C%22machine+learning%22%7C%22deep+learning%22%7C%22audio+analysis%22+feedback%7C%22performance+analysis%22%7Cevaluation%7Cexpressivity&hl=en&as_sdt=2007"
26,"H Kokel, M Katz, K Srinivas, S Sohrabi","Acpbench: Reasoning about action, change, and planning",2025,"… on Artificial Intelligence","ojs.aaai.org","https://ojs.aaai.org/index.php/AAAI/article/view/34857","https://scholar.google.com/scholar?cites=12124326503510125380&as_sdt=2005&sciodt=2007&hl=en",936,"2025-12-14 08:01:17","","","","",,,,,26,26.00,7,4,1,"… zoe is assigned guitar. Bool: Is the following action applicable in this state: trade guitar of zoe … In our work we do not modify prompts across models – our objective in the evaluation is to …","https://ojs.aaai.org/index.php/AAAI/article/download/34857/37012","https://scholar.google.com/scholar?q=related:RCuTrrdCQqgJ:scholar.google.com/&scioq=guitar%7C%22electric+guitar%22+%22artificial+intelligence%22%7C%22machine+learning%22%7C%22deep+learning%22%7C%22audio+analysis%22+feedback%7C%22performance+analysis%22%7Cevaluation%7Cexpressivity&hl=en&as_sdt=2007"
56,"S Breumier, TM Ostormujof, B Frincu, N Gey, ...","Leveraging EBSD data by deep learning for bainite, ferrite and martensite segmentation",2022,"Materials …","Elsevier","https://www.sciencedirect.com/science/article/pii/S1044580322000870","https://scholar.google.com/scholar?cites=8284153042365177335&as_sdt=2005&sciodt=2007&hl=en",937,"2025-12-14 08:01:17","","","","",,,,,56,18.67,11,5,3,"A U-Net model was trained to perform the segmentation of bainite, ferrite and martensite on EBSD maps using the kernel average misorientation and the pattern quality index as input. …","","https://scholar.google.com/scholar?q=related:990l-0w593IJ:scholar.google.com/&scioq=guitar%7C%22electric+guitar%22+%22artificial+intelligence%22%7C%22machine+learning%22%7C%22deep+learning%22%7C%22audio+analysis%22+feedback%7C%22performance+analysis%22%7Cevaluation%7Cexpressivity&hl=en&as_sdt=2007"
9,"Q Mei, F Wang, C Tong, J Zhang, ...","PACNet: a high-precision point cloud registration network based on deep learning",2021,"… and Signal Processing …","ieeexplore.ieee.org","https://ieeexplore.ieee.org/abstract/document/9613579/","https://scholar.google.com/scholar?cites=17370417304492421286&as_sdt=2005&sciodt=2007&hl=en",938,"2025-12-14 08:01:17","","","","",,,,,9,2.25,2,5,4,"… Fig.3 shows the training curve and test curve of our model on various evaluation indicators. It can be seen from the figure that the training curve is similar to the test curve. The error …","","https://scholar.google.com/scholar?q=related:prCRioEeEPEJ:scholar.google.com/&scioq=guitar%7C%22electric+guitar%22+%22artificial+intelligence%22%7C%22machine+learning%22%7C%22deep+learning%22%7C%22audio+analysis%22+feedback%7C%22performance+analysis%22%7Cevaluation%7Cexpressivity&hl=en&as_sdt=2007"
22,"M Raparthi, A Agarwal","Machine learning based deep cloud model to enhance robustness and noise interference",2023,"Journal of Engineering, Science and Mathematics …","jesm.in","https://jesm.in/wp-content/uploads/2024/02/Paper-3.pdf","https://scholar.google.com/scholar?cites=9894974518026575436&as_sdt=2005&sciodt=2007&hl=en",939,"2025-12-14 08:01:17","PDF","","","",,,,,22,11.00,11,2,2,"To improve the ability of the 3-D point cloud deep network classification model, this paper presents a competitive attention fusion module that may be applied to various classification …","https://jesm.in/wp-content/uploads/2024/02/Paper-3.pdf","https://scholar.google.com/scholar?q=related:TB6E-OUCUokJ:scholar.google.com/&scioq=guitar%7C%22electric+guitar%22+%22artificial+intelligence%22%7C%22machine+learning%22%7C%22deep+learning%22%7C%22audio+analysis%22+feedback%7C%22performance+analysis%22%7Cevaluation%7Cexpressivity&hl=en&as_sdt=2007"
15,"D Li, J Liu, D Lee, A Seyedmazloom, ...","A novel method to solve neural knapsack problems",2021,"… Machine Learning","proceedings.mlr.press","http://proceedings.mlr.press/v139/li21m.html","https://scholar.google.com/scholar?cites=6565969573531807386&as_sdt=2005&sciodt=2007&hl=en",940,"2025-12-14 08:01:17","","","","",,,,,15,3.75,3,5,4,"… guitar in the example. Note that the selected points successfully capture the key characteristics of the guitar… know for V ⊂ V ; and σ is an evaluation metric such as cross-entropy loss4. …","http://proceedings.mlr.press/v139/li21m/li21m.pdf","https://scholar.google.com/scholar?q=related:mu5iBIoCH1sJ:scholar.google.com/&scioq=guitar%7C%22electric+guitar%22+%22artificial+intelligence%22%7C%22machine+learning%22%7C%22deep+learning%22%7C%22audio+analysis%22+feedback%7C%22performance+analysis%22%7Cevaluation%7Cexpressivity&hl=en&as_sdt=2007"
5,"M Kahl","Machine learning for non-intrusive load monitoring",2019,"","mediatum.ub.tum.de","https://mediatum.ub.tum.de/1485452","https://scholar.google.com/scholar?cites=12106439893222389129&as_sdt=2005&sciodt=2007&hl=en",941,"2025-12-14 08:01:17","","","","",,,,,5,0.83,5,1,6,"… the evaluation of three deep learning architectures (AE, CAE, CNN) in comparison with a comprehensive classical machine learning … The belly formed shape of a guitar ampli er and the …","https://mediatum.ub.tum.de/doc/1485452/document.pdf","https://scholar.google.com/scholar?q=related:iXUjsvC2AqgJ:scholar.google.com/&scioq=guitar%7C%22electric+guitar%22+%22artificial+intelligence%22%7C%22machine+learning%22%7C%22deep+learning%22%7C%22audio+analysis%22+feedback%7C%22performance+analysis%22%7Cevaluation%7Cexpressivity&hl=en&as_sdt=2007"
7,"HTQ Bao, ST Chung","A light-weight gender/age estimation model based on multi-taking deep learning for an embedded system",2020,"Annual …","Korea Information Processing …","","https://scholar.google.com/scholar?cites=17443728086264291389&as_sdt=2005&sciodt=2007&hl=en",942,"2025-12-14 08:01:17","CITATION","","","",,,,,7,1.40,4,2,5,"","","https://scholar.google.com/scholar?q=related:PaBJDEaSFPIJ:scholar.google.com/&scioq=guitar%7C%22electric+guitar%22+%22artificial+intelligence%22%7C%22machine+learning%22%7C%22deep+learning%22%7C%22audio+analysis%22+feedback%7C%22performance+analysis%22%7Cevaluation%7Cexpressivity&hl=en&as_sdt=2007"
53,"SA Darmawan","Point-Voxel Transformer: An Efficient Approach To 3D Deep Learning",2021,"ArXiv","academia.edu","https://www.academia.edu/download/86582338/2108.06076v1.pdf","https://scholar.google.com/scholar?cites=9662540182707455041&as_sdt=2005&sciodt=2007&hl=en",943,"2025-12-14 08:01:17","HTML","","","",,,,,53,13.25,53,1,4,"… The unstructuredness of point clouds makes the use of deep learning for its direct … deep learning techniques, mainly focusing on raw point cloud data. The initial work on deep learning …","https://www.academia.edu/download/86582338/2108.06076v1.pdf","https://scholar.google.com/scholar?q=related:QUQ3Eho9GIYJ:scholar.google.com/&scioq=guitar%7C%22electric+guitar%22+%22artificial+intelligence%22%7C%22machine+learning%22%7C%22deep+learning%22%7C%22audio+analysis%22+feedback%7C%22performance+analysis%22%7Cevaluation%7Cexpressivity&hl=en&as_sdt=2007"
37,"C Douarre, R Schielein, C Frindel, S Gerth, ...","Deep learning based root-soil segmentation from X-ray tomography images",2016,"BioRxiv","biorxiv.org","https://www.biorxiv.org/content/10.1101/071662.abstract","https://scholar.google.com/scholar?cites=1665430809685813458&as_sdt=2005&sciodt=2007&hl=en",944,"2025-12-14 08:01:17","","10.1101/071662.abstract","","",,,,,37,4.11,7,5,9,"… In this paper, we address this root/soil segmentation problem from X-ray tomography using a new deep learning classification technique. The robustness of this technique, tested for the …","https://www.biorxiv.org/content/10.1101/071662.full.pdf","https://scholar.google.com/scholar?q=related:0mhQYX_MHBcJ:scholar.google.com/&scioq=guitar%7C%22electric+guitar%22+%22artificial+intelligence%22%7C%22machine+learning%22%7C%22deep+learning%22%7C%22audio+analysis%22+feedback%7C%22performance+analysis%22%7Cevaluation%7Cexpressivity&hl=en&as_sdt=2007"
29,"H Xie, Z Qin, X Tao, Z Han","Toward intelligent communications: Large model empowered semantic communications",2024,"IEEE Communications Magazine","ieeexplore.ieee.org","https://ieeexplore.ieee.org/abstract/document/10599117/","https://scholar.google.com/scholar?cites=17032887022987678713&as_sdt=2005&sciodt=2007&hl=en",945,"2025-12-14 08:01:17","","","","",,,,,29,29.00,7,4,1,"… witnessed the success of deep learning (DL) in fostering … model can offer information about playing guitar and Disney style. … to edge and then feedback the generated virtual items in VR. …","https://arxiv.org/pdf/2402.13073","https://scholar.google.com/scholar?q=related:-ZOK2ID4YOwJ:scholar.google.com/&scioq=guitar%7C%22electric+guitar%22+%22artificial+intelligence%22%7C%22machine+learning%22%7C%22deep+learning%22%7C%22audio+analysis%22+feedback%7C%22performance+analysis%22%7Cevaluation%7Cexpressivity&hl=en&as_sdt=2007"
4,"J Rao, S Zheng, Y Yang","Integrating supercomputing and artificial intelligence for life science",2022,"Patterns","cell.com","https://www.cell.com/patterns/fulltext/S2666-3899(22)00293-8","https://scholar.google.com/scholar?cites=11971209316843580582&as_sdt=2005&sciodt=2007&hl=en",946,"2025-12-14 08:01:17","HTML","","","",,,,,4,1.33,1,3,3,"… world of artificial intelligence for science. My research interest is to develop deep learning methods … When I am not working, I’m also a big fan of e-sports and a fingerstyle guitar player. …","https://www.cell.com/patterns/fulltext/S2666-3899(22)00293-8","https://scholar.google.com/scholar?q=related:puxOjnJHIqYJ:scholar.google.com/&scioq=guitar%7C%22electric+guitar%22+%22artificial+intelligence%22%7C%22machine+learning%22%7C%22deep+learning%22%7C%22audio+analysis%22+feedback%7C%22performance+analysis%22%7Cevaluation%7Cexpressivity&hl=en&as_sdt=2007"
400,"W Dai, Y Chen, GR Xue, Q Yang, ...","Translated learning: Transfer learning across different feature spaces",2008,"Advances in neural …","proceedings.neurips.cc","https://proceedings.neurips.cc/paper/2008/hash/0060ef47b12160b9198302ebdb144dcf-Abstract.html","https://scholar.google.com/scholar?cites=5349207077757057491&as_sdt=2005&sciodt=2007&hl=en",947,"2025-12-14 08:01:17","","","","",,,,,400,23.53,80,5,17,"… This paper investigates a new machine learning strategy called translated learning. Unlike … , http://www.dmoz.org/) were used in our evaluation, as the image and text corpora. Our ODP …","https://proceedings.neurips.cc/paper/2008/file/0060ef47b12160b9198302ebdb144dcf-Paper.pdf","https://scholar.google.com/scholar?q=related:0_m2834zPEoJ:scholar.google.com/&scioq=guitar%7C%22electric+guitar%22+%22artificial+intelligence%22%7C%22machine+learning%22%7C%22deep+learning%22%7C%22audio+analysis%22+feedback%7C%22performance+analysis%22%7Cevaluation%7Cexpressivity&hl=en&as_sdt=2007"
19,"J Mehan","Artificial intelligence: Ethical, social, and security impacts for the present and the future",2022,"","torrossa.com","https://www.torrossa.com/gs/resourceProxy?an=5750999&publisher=FZO328","https://scholar.google.com/scholar?cites=13313217622500571746&as_sdt=2005&sciodt=2007&hl=en",948,"2025-12-14 08:01:17","","","","",,,,,19,6.33,19,1,3,"Let’s start by saying that this book is not a guide on how to develop AI. There are plenty of those–and plenty of YouTube videos providing introductions to machine learning (ML) and AI. …","","https://scholar.google.com/scholar?q=related:YvqdJuQMwrgJ:scholar.google.com/&scioq=guitar%7C%22electric+guitar%22+%22artificial+intelligence%22%7C%22machine+learning%22%7C%22deep+learning%22%7C%22audio+analysis%22+feedback%7C%22performance+analysis%22%7Cevaluation%7Cexpressivity&hl=en&as_sdt=2007"
42,"K Zhiheng, L Ning","PyramNet: Point cloud pyramid attention network and graph embedding module for classification and segmentation",2019,"arXiv preprint arXiv:1906.03299","arxiv.org","https://arxiv.org/abs/1906.03299","https://scholar.google.com/scholar?cites=4097242446604858088&as_sdt=2005&sciodt=2007&hl=en",949,"2025-12-14 08:01:17","","","","",,,,,42,7.00,21,2,6,"… Furthermore, we provide extensive evaluation and analysis for the effectiveness of … characteristics of 3D point cloud when we apply deep learning on it. Furthermore, for the irregular …","https://arxiv.org/pdf/1906.03299","https://scholar.google.com/scholar?q=related:6PKIDExU3DgJ:scholar.google.com/&scioq=guitar%7C%22electric+guitar%22+%22artificial+intelligence%22%7C%22machine+learning%22%7C%22deep+learning%22%7C%22audio+analysis%22+feedback%7C%22performance+analysis%22%7Cevaluation%7Cexpressivity&hl=en&as_sdt=2007"
7,"X Oberson","Taxing artificial intelligence",2024,"","books.google.com","https://books.google.com/books?hl=en&lr=&id=Xzn7EAAAQBAJ&oi=fnd&pg=PR1&dq=guitar%7C%22electric+guitar%22+%22artificial+intelligence%22%7C%22machine+learning%22%7C%22deep+learning%22%7C%22audio+analysis%22+feedback%7C%22performance+analysis%22%7Cevaluation%7Cexpressivity&ots=GI-_j6AsLz&sig=pRmV1sJQPW5o5G9SlvvbLR2QpTk","https://scholar.google.com/scholar?cites=15284253464700055600&as_sdt=2005&sciodt=2007&hl=en",950,"2025-12-14 08:01:17","BOOK","","","",,,,,7,7.00,7,1,1,"… On a more personal side, this book is also the result of practicing over the years with an electric guitar in various bands and recording studios and the increasing use of technology in …","","https://scholar.google.com/scholar?q=related:MPB69IuTHNQJ:scholar.google.com/&scioq=guitar%7C%22electric+guitar%22+%22artificial+intelligence%22%7C%22machine+learning%22%7C%22deep+learning%22%7C%22audio+analysis%22+feedback%7C%22performance+analysis%22%7Cevaluation%7Cexpressivity&hl=en&as_sdt=2007"
309,"V Rani, ST Nabi, M Kumar, A Mittal, K Kumar","Self-supervised learning: A succinct review",2023,"Archives of Computational …","Springer","https://link.springer.com/article/10.1007/s11831-023-09884-2","https://scholar.google.com/scholar?cites=10982582678408562152&as_sdt=2005&sciodt=2007&hl=en",951,"2025-12-14 08:01:17","","10.1007/s11831-023-09884-2","","",,,,,309,154.50,62,5,2,"… is a subset of machine learning in which an agent learns from trial-and-error feedback [12]. … For example, two people want to learn how to play the guitar. One has no musical knowledge…","https://pmc.ncbi.nlm.nih.gov/articles/PMC9857922/pdf/11831_2023_Article_9884.pdf","https://scholar.google.com/scholar?q=related:6IXm_sH4aZgJ:scholar.google.com/&scioq=guitar%7C%22electric+guitar%22+%22artificial+intelligence%22%7C%22machine+learning%22%7C%22deep+learning%22%7C%22audio+analysis%22+feedback%7C%22performance+analysis%22%7Cevaluation%7Cexpressivity&hl=en&as_sdt=2007"
107,"S Holland","Artificial intelligence, education and music: The use of artificial intelligence to encourage and facilitate music composition by novices",1989,"","search.proquest.com","https://search.proquest.com/openview/1b48bbb37b7e1b5ebf5e8a96c43a5a0b/1?pq-origsite=gscholar&cbl=18750&diss=y","https://scholar.google.com/scholar?cites=6729129536352748175&as_sdt=2005&sciodt=2007&hl=en",952,"2025-12-14 08:01:17","BOOK","","","",,,,,107,2.97,107,1,36,"… and Mark Steedman for feedback on particular chapters or … Space using Balzano's theory 4 Expressivity of a version of … :5 to find ways of using artificial intelligence to encourage and …","https://files.eric.ed.gov/fulltext/ED329452.pdf","https://scholar.google.com/scholar?q=related:jwLlLamrYl0J:scholar.google.com/&scioq=guitar%7C%22electric+guitar%22+%22artificial+intelligence%22%7C%22machine+learning%22%7C%22deep+learning%22%7C%22audio+analysis%22+feedback%7C%22performance+analysis%22%7Cevaluation%7Cexpressivity&hl=en&as_sdt=2007"
492,"M Kosinski, Y Bachrach, P Kohli, D Stillwell, T Graepel","Manifestations of user personality in website choice and behaviour on online social networks",2014,"Machine learning","Springer","https://link.springer.com/article/10.1007/s10994-013-5415-y","https://scholar.google.com/scholar?cites=2089851346494339463&as_sdt=2005&sciodt=2007&hl=en",953,"2025-12-14 08:01:17","HTML","10.1007/s10994-013-5415-y","","",,,,,492,44.73,98,5,11,"… personality and other psychological tests and obtain feedback on their results. The project … and that they are more interested in getting feedback on their personality. Footnote 2 Note that …","https://link.springer.com/article/10.1007/s10994-013-5415-y","https://scholar.google.com/scholar?q=related:h7kqJbqkAB0J:scholar.google.com/&scioq=guitar%7C%22electric+guitar%22+%22artificial+intelligence%22%7C%22machine+learning%22%7C%22deep+learning%22%7C%22audio+analysis%22+feedback%7C%22performance+analysis%22%7Cevaluation%7Cexpressivity&hl=en&as_sdt=2007"
5,"P Pham","Deep learning methods for modelling forest biomass and structures from hyperspectral imagery",2019,"","aaltodoc.aalto.fi","https://aaltodoc.aalto.fi/items/1536307a-16e0-464f-940b-fd48128cb5f3","https://scholar.google.com/scholar?cites=240199912552979628&as_sdt=2005&sciodt=2007&hl=en",954,"2025-12-14 08:01:17","","","","",,,,,5,0.83,5,1,6,"… A person learning to play guitar and piano at the same time will likely take less time to … Evaluation metrics Choosing the right evaluation metric for training a machine learning model …","https://aaltodoc.aalto.fi/bitstreams/7cb92ff7-3933-4be1-9663-92d82a955801/download","https://scholar.google.com/scholar?q=related:rNzMPoxcVQMJ:scholar.google.com/&scioq=guitar%7C%22electric+guitar%22+%22artificial+intelligence%22%7C%22machine+learning%22%7C%22deep+learning%22%7C%22audio+analysis%22+feedback%7C%22performance+analysis%22%7Cevaluation%7Cexpressivity&hl=en&as_sdt=2007"
6,"D Zhan, D Liang, H Jin, X Wu","MBBOS-GCN: Minimum bounding box over-segmentation—Graph convolution 3D point cloud deep learning model",2022,"Journal of Applied Remote …","spiedigitallibrary.org","https://www.spiedigitallibrary.org/journals/journal-of-applied-remote-sensing/volume-16/issue-1/016502/MBBOS-GCN--minimum-bounding-box-over-segmentationgraph-convolution-3D/10.1117/1.JRS.16.016502.short","https://scholar.google.com/scholar?cites=12093695878145326204&as_sdt=2005&sciodt=2007&hl=en",955,"2025-12-14 08:01:17","","10.1117/1.JRS.16.016502.short","","",,,,,6,2.00,2,4,3,"… The deep learning model in this paper is built and run based on the TensorFlow deep learning framework using Ubntu 18.04 operating system. The computer is specifically configured …","https://www.spiedigitallibrary.org/journals/journal-of-applied-remote-sensing/volume-16/issue-01/016502/MBBOS-GCN--minimum-bounding-box-over-segmentationgraph-convolution-3D/10.1117/1.JRS.16.016502.pdf","https://scholar.google.com/scholar?q=related:fDx1dlNw1acJ:scholar.google.com/&scioq=guitar%7C%22electric+guitar%22+%22artificial+intelligence%22%7C%22machine+learning%22%7C%22deep+learning%22%7C%22audio+analysis%22+feedback%7C%22performance+analysis%22%7Cevaluation%7Cexpressivity&hl=en&as_sdt=2007"
1110,"WL Chiang, L Zheng, Y Sheng, ...","Chatbot arena: An open platform for evaluating llms by human preference",2024,"… on Machine Learning","openreview.net","https://openreview.net/forum?id=3MW8GKNyzI","https://scholar.google.com/scholar?cites=3554688913259716790&as_sdt=2005&sciodt=2007&hl=en",956,"2025-12-14 08:01:17","","","","",,,,,1110,1110.00,278,4,1,"… • We build the first large-scale crowd-sourced live LLM evaluation platform with over 1M … This paper presents work whose goal is to advance the field of Machine Learning. There are …","https://openreview.net/pdf?id=3MW8GKNyzI","https://scholar.google.com/scholar?q=related:tmDdqbvKVDEJ:scholar.google.com/&scioq=guitar%7C%22electric+guitar%22+%22artificial+intelligence%22%7C%22machine+learning%22%7C%22deep+learning%22%7C%22audio+analysis%22+feedback%7C%22performance+analysis%22%7Cevaluation%7Cexpressivity&hl=en&as_sdt=2007"
459,"M Palmer, D Gildea, N Xue","Semantic role labeling",2011,"","books.google.com","https://books.google.com/books?hl=en&lr=&id=saBdAQAAQBAJ&oi=fnd&pg=PR11&dq=guitar%7C%22electric+guitar%22+%22artificial+intelligence%22%7C%22machine+learning%22%7C%22deep+learning%22%7C%22audio+analysis%22+feedback%7C%22performance+analysis%22%7Cevaluation%7Cexpressivity&ots=2nLzgWxlQ0&sig=aqGEQ-IN1Spd4vfF5AlYm5gFSRE","https://scholar.google.com/scholar?cites=12784429074110195968&as_sdt=2005&sciodt=2007&hl=en",957,"2025-12-14 08:01:17","BOOK","","","",,,,,459,32.79,153,3,14,"… machine learning techniques. Chapter 3 presents the general principles of applying both supervised and unsupervised machine learning to … location for the guitar-playing event and is a …","http://dit.unitn.it/~moschitti/articles/2011/book-review-2011.pdf","https://scholar.google.com/scholar?q=related:AKmDEoJqa7EJ:scholar.google.com/&scioq=guitar%7C%22electric+guitar%22+%22artificial+intelligence%22%7C%22machine+learning%22%7C%22deep+learning%22%7C%22audio+analysis%22+feedback%7C%22performance+analysis%22%7Cevaluation%7Cexpressivity&hl=en&as_sdt=2007"
5,"S Sayenju, R Aygun, B Franks, ...","Stereotype and categorical bias evaluation via differential cosine bias measure",2022,"… Conference on Big …","ieeexplore.ieee.org","https://ieeexplore.ieee.org/abstract/document/10020924/","https://scholar.google.com/scholar?cites=15240882058431464989&as_sdt=2005&sciodt=2007&hl=en",958,"2025-12-14 08:01:17","","","","",,,,,5,1.67,1,4,3,"… While machine learning models are expected to automatically … Many bias evaluation measures have been designed and … models compared to the popular bias evaluation measures. …","","https://scholar.google.com/scholar?q=related:HYZuhHt9gtMJ:scholar.google.com/&scioq=guitar%7C%22electric+guitar%22+%22artificial+intelligence%22%7C%22machine+learning%22%7C%22deep+learning%22%7C%22audio+analysis%22+feedback%7C%22performance+analysis%22%7Cevaluation%7Cexpressivity&hl=en&as_sdt=2007"
296,"D Bogdanov, M Won, P Tovstogan, A Porter, X Serra","The mtg-jamendo dataset for automatic music tagging",2019,"","repositori.upf.edu","https://repositori.upf.edu/items/e48c8c42-dba1-404d-85b7-5a0d6ef99e6d","https://scholar.google.com/scholar?cites=9808727581535731982&as_sdt=2005&sciodt=2007&hl=en",959,"2025-12-14 08:01:17","","","","",,,,,296,49.33,59,5,6,"… For comparison, we also report results using top-50 tags, which is a common evaluation setup in previous works and for which our baseline was originally optimized (Choi et al.…","https://repositori.upf.edu/bitstreams/c66cf295-ad09-4576-a938-d9466a84ec48/download","https://scholar.google.com/scholar?q=related:DoEDPMSZH4gJ:scholar.google.com/&scioq=guitar%7C%22electric+guitar%22+%22artificial+intelligence%22%7C%22machine+learning%22%7C%22deep+learning%22%7C%22audio+analysis%22+feedback%7C%22performance+analysis%22%7Cevaluation%7Cexpressivity&hl=en&as_sdt=2007"
6,"Z Su, PS Tan, J Chow, J Wu, Y Cheong, ...","DV-ConvNet: Fully convolutional deep learning on point clouds with dynamic voxelization and 3d group convolution",2020,"arXiv preprint arXiv …","arxiv.org","https://arxiv.org/abs/2009.02918","https://scholar.google.com/scholar?cites=13708832090041859219&as_sdt=2005&sciodt=2007&hl=en",960,"2025-12-14 08:01:17","","","","",,,,,6,1.20,1,6,5,"… Our evaluation is conducted based on both 1-fold and 6-fold cross validation, and the … the-art performance regarding all the three main evaluation indices for 6-fold cross validation, and …","https://arxiv.org/pdf/2009.02918","https://scholar.google.com/scholar?q=related:k7xrRCeOP74J:scholar.google.com/&scioq=guitar%7C%22electric+guitar%22+%22artificial+intelligence%22%7C%22machine+learning%22%7C%22deep+learning%22%7C%22audio+analysis%22+feedback%7C%22performance+analysis%22%7Cevaluation%7Cexpressivity&hl=en&as_sdt=2007"
4,"G McGraw, H Figueroa, K McMahon, ...","An architectural risk analysis of large language models: Applied machine learning security",2024,"Berryville Inst. Mach …","berryvilleiml.com","https://berryvilleiml.com/docs/BIML-LLM24.pdf","https://scholar.google.com/scholar?cites=14453170283032988237&as_sdt=2005&sciodt=2007&hl=en",961,"2025-12-14 08:01:17","PDF","","","",,,,,4,4.00,1,4,1,"… Wrongness grows just like guitar feedback through an amp does. BIML identified this problem in 2020. See [BIML78 raw:8:looping], [LLMtop10:1:recursive pollution] and Shumailov.…","https://berryvilleiml.com/docs/BIML-LLM24.pdf","https://scholar.google.com/scholar?q=related:Tcpp1sv5k8gJ:scholar.google.com/&scioq=guitar%7C%22electric+guitar%22+%22artificial+intelligence%22%7C%22machine+learning%22%7C%22deep+learning%22%7C%22audio+analysis%22+feedback%7C%22performance+analysis%22%7Cevaluation%7Cexpressivity&hl=en&as_sdt=2007"
234,"D Liu, R Yu, H Su","Extending adversarial attacks and defenses to deep 3d point cloud classifiers",2019,"2019 IEEE International Conference on …","ieeexplore.ieee.org","https://ieeexplore.ieee.org/abstract/document/8803770/","https://scholar.google.com/scholar?cites=17225108459887689834&as_sdt=2005&sciodt=2007&hl=en",962,"2025-12-14 08:01:17","","","","",,,,,234,39.00,78,3,6,"… We present a preliminary evaluation of adversarial attacks on 3D … Recent advances in 3D deep learning have made strides in … Much of the research in 3D deep learning has been on …","https://arxiv.org/pdf/1901.03006","https://scholar.google.com/scholar?q=related:aoAuueHgC-8J:scholar.google.com/&scioq=guitar%7C%22electric+guitar%22+%22artificial+intelligence%22%7C%22machine+learning%22%7C%22deep+learning%22%7C%22audio+analysis%22+feedback%7C%22performance+analysis%22%7Cevaluation%7Cexpressivity&hl=en&as_sdt=2007"
33,"I Tvoroshenko, V Pomazan, V Gorokhovatskyi, ...","Application of video data classification models using convolutional neural networks",2023,"","openarchive.nure.ua","https://openarchive.nure.ua/bitstreams/186ba1e3-757f-4d23-b4e3-5d566bf98e7b/download","https://scholar.google.com/scholar?cites=1683366528197785922&as_sdt=2005&sciodt=2007&hl=en",963,"2025-12-14 08:01:17","PDF","","","",,,,,33,16.50,8,4,2,"… This paper aims to research and develop artificial intelligence … Overall deep learning methods have significantly enhanced … The accuracy metrics for this evaluation also experience an …","https://openarchive.nure.ua/bitstreams/186ba1e3-757f-4d23-b4e3-5d566bf98e7b/download","https://scholar.google.com/scholar?q=related:QvkCRPCEXBcJ:scholar.google.com/&scioq=guitar%7C%22electric+guitar%22+%22artificial+intelligence%22%7C%22machine+learning%22%7C%22deep+learning%22%7C%22audio+analysis%22+feedback%7C%22performance+analysis%22%7Cevaluation%7Cexpressivity&hl=en&as_sdt=2007"
79,"BI Schumacher, JT Rapp","Evaluation of the immediate and subsequent effects of response interruption and redirection on vocal stereotypy",2011,"Journal of Applied Behavior Analysis","Wiley Online Library","https://onlinelibrary.wiley.com/doi/abs/10.1901/jaba.2011.44-681","https://scholar.google.com/scholar?cites=1416698418603854853&as_sdt=2005&sciodt=2007&hl=en",964,"2025-12-14 08:01:17","","10.1901/jaba.2011.44-681","","",,,,,79,5.64,40,2,14,"… (eg, “Name an animal” or “What is a guitar?”), job descriptions of community helpers (eg, “What … and data mining and training of artificial intelligence technologies or similar technologies. …","https://pmc.ncbi.nlm.nih.gov/articles/PMC3177356/pdf/jaba-44-03-681.pdf","https://scholar.google.com/scholar?q=related:BYy9qrQfqRMJ:scholar.google.com/&scioq=guitar%7C%22electric+guitar%22+%22artificial+intelligence%22%7C%22machine+learning%22%7C%22deep+learning%22%7C%22audio+analysis%22+feedback%7C%22performance+analysis%22%7Cevaluation%7Cexpressivity&hl=en&as_sdt=2007"
2,"D Tuggener","Machine Learning für Koreferenz-Auflösung",2009,"… der Philosophischen Fakultät der Universität Zürich","cl.uzh.ch","https://www.cl.uzh.ch/dam/jcr:00000000-6a77-a254-ffff-ffff900d9fb3/tuggener_liz_machine_learning.pdf","https://scholar.google.com/scholar?cites=7749933282377414281&as_sdt=2005&sciodt=2007&hl=en",965,"2025-12-14 08:01:17","PDF","","","",,,,,2,0.13,2,1,16,"… Training des Classifiers ausgeschlossen und dann als Testkorpus zur Evaluation verwendet. Machine Learning kennt verschiedene Ansätze. Dabei kann zwischen regelbasiertem (rule …","https://www.cl.uzh.ch/dam/jcr:00000000-6a77-a254-ffff-ffff900d9fb3/tuggener_liz_machine_learning.pdf","https://scholar.google.com/scholar?q=related:iTYVaUJLjWsJ:scholar.google.com/&scioq=guitar%7C%22electric+guitar%22+%22artificial+intelligence%22%7C%22machine+learning%22%7C%22deep+learning%22%7C%22audio+analysis%22+feedback%7C%22performance+analysis%22%7Cevaluation%7Cexpressivity&hl=en&as_sdt=2007"
3,"S Sharif, J Lilja","Traffic sign recognition using machine learning",2020,"","diva-portal.org","https://www.diva-portal.org/smash/record.jsf?pid=diva2:1459556","https://scholar.google.com/scholar?cites=10849650010600366809&as_sdt=2005&sciodt=2007&hl=en",966,"2025-12-14 08:01:17","","","","",,,,,3,0.60,2,2,5,"… , and three object detection deep learning models are selected. … Evaluation of the case study shows that it is possible to … play the guitar if you already know how to play the piano. [10] …","https://www.diva-portal.org/smash/get/diva2:1459556/FULLTEXT01.pdf","https://scholar.google.com/scholar?q=related:2eIlYzOzkZYJ:scholar.google.com/&scioq=guitar%7C%22electric+guitar%22+%22artificial+intelligence%22%7C%22machine+learning%22%7C%22deep+learning%22%7C%22audio+analysis%22+feedback%7C%22performance+analysis%22%7Cevaluation%7Cexpressivity&hl=en&as_sdt=2007"
12,"K Compton, E Melcer, M Mateas","Generominos: Ideation cards for interactive generativity",2017,"… Conference on Artificial Intelligence …","ojs.aaai.org","https://ojs.aaai.org/index.php/AIIDE/article/view/12975","https://scholar.google.com/scholar?cites=2514002922449400725&as_sdt=2005&sciodt=2007&hl=en",967,"2025-12-14 08:01:17","","","","",,,,,12,1.50,4,3,8,"… evaluation of perceived usefulness in an undergraduate alternative controller class. … Novel controllers that produce events and states, like the DDR pad or the Rock Band guitar, are …","https://ojs.aaai.org/index.php/AIIDE/article/download/12975/12823","https://scholar.google.com/scholar?q=related:lfPjlFaI4yIJ:scholar.google.com/&scioq=guitar%7C%22electric+guitar%22+%22artificial+intelligence%22%7C%22machine+learning%22%7C%22deep+learning%22%7C%22audio+analysis%22+feedback%7C%22performance+analysis%22%7Cevaluation%7Cexpressivity&hl=en&as_sdt=2007"
1,"M Vazirgiannis","Artificial Intelligence: Challenges for the future",2020,"Annales des Mines-Enjeux numériques","shs.cairn.info","https://shs.cairn.info/revue-enjeux-numeriques-2020-2-page-32?tab=texte-integral","https://scholar.google.com/scholar?cites=10456907520180820669&as_sdt=2005&sciodt=2007&hl=en",968,"2025-12-14 08:01:17","","","","",,,,,1,0.20,1,1,5,"… if the shuttles weaved on their own and the guitar strings played on their own, then the architects … with or without feedback. Deep learning essentially – in the presence of a large enough …","https://www.annales.org/enjeux-numeriques/2020/en-2020-06/2020-06-7.pdf","https://scholar.google.com/scholar?q=related:vRp9jfxlHpEJ:scholar.google.com/&scioq=guitar%7C%22electric+guitar%22+%22artificial+intelligence%22%7C%22machine+learning%22%7C%22deep+learning%22%7C%22audio+analysis%22+feedback%7C%22performance+analysis%22%7Cevaluation%7Cexpressivity&hl=en&as_sdt=2007"
41,"M Harrison","Machine Learning–Guia de referência rápida: trabalhando com dados estruturados em Python",2019,"","books.google.com","https://books.google.com/books?hl=en&lr=&id=VvXADwAAQBAJ&oi=fnd&pg=PT7&dq=guitar%7C%22electric+guitar%22+%22artificial+intelligence%22%7C%22machine+learning%22%7C%22deep+learning%22%7C%22audio+analysis%22+feedback%7C%22performance+analysis%22%7Cevaluation%7Cexpressivity&ots=BjniJ00YKT&sig=kYsZUVo3-kgNBYMpOGl33MD_jAs","https://scholar.google.com/scholar?cites=14419709971776405209&as_sdt=2005&sciodt=2007&hl=en",969,"2025-12-14 08:01:17","BOOK","","","",,,,,41,6.83,41,1,6,"… pelo básico do machine learning com dados estruturados. O … iniciar o seu próximo projeto de machine learning. Ideal para … geral do processo de machine learning e da classificação …","","https://scholar.google.com/scholar?q=related:2f7jB9IZHcgJ:scholar.google.com/&scioq=guitar%7C%22electric+guitar%22+%22artificial+intelligence%22%7C%22machine+learning%22%7C%22deep+learning%22%7C%22audio+analysis%22+feedback%7C%22performance+analysis%22%7Cevaluation%7Cexpressivity&hl=en&as_sdt=2007"
19,"L Long, Z Xiangming","Beginning deep learning with tensorflow",2022,"","Springer","https://link.springer.com/content/pdf/10.1007/978-1-4842-7915-1.pdf","https://scholar.google.com/scholar?cites=13489456065727236489&as_sdt=2005&sciodt=2007&hl=en",970,"2025-12-14 08:01:17","BOOK","10.1007/978-1-4842-7915-1","","",,,,,19,6.33,10,2,3,"… is the design idea of algorithms, and deep learning frameworks are just our tools for implementing algorithms. In the following, we will demonstrate the three core functions of the …","","https://scholar.google.com/scholar?q=related:iQnpUtIsNLsJ:scholar.google.com/&scioq=guitar%7C%22electric+guitar%22+%22artificial+intelligence%22%7C%22machine+learning%22%7C%22deep+learning%22%7C%22audio+analysis%22+feedback%7C%22performance+analysis%22%7Cevaluation%7Cexpressivity&hl=en&as_sdt=2007"
33,"V Verdhan","Computer Vision Using Deep Learning",2021,"","Springer","https://link.springer.com/content/pdf/10.1007/978-1-4842-6616-8.pdf","https://scholar.google.com/scholar?cites=755996974963832364&as_sdt=2005&sciodt=2007&hl=en",971,"2025-12-14 08:01:17","BOOK","10.1007/978-1-4842-6616-8","","",,,,,33,8.25,33,1,4,"… blogs or working on projects, he likes to go on long walks or play his acoustic guitar. … and Deep Learning are allowing us to further enhance the innovative buckets. Using Deep Learning…","","https://scholar.google.com/scholar?q=related:LDb9Rz7XfQoJ:scholar.google.com/&scioq=guitar%7C%22electric+guitar%22+%22artificial+intelligence%22%7C%22machine+learning%22%7C%22deep+learning%22%7C%22audio+analysis%22+feedback%7C%22performance+analysis%22%7Cevaluation%7Cexpressivity&hl=en&as_sdt=2007"
0,"E Sharp","Feedback: Translations from the IrRational",2025,"","books.google.com","https://books.google.com/books?hl=en&lr=&id=hiGIEQAAQBAJ&oi=fnd&pg=PP1&dq=guitar%7C%22electric+guitar%22+%22artificial+intelligence%22%7C%22machine+learning%22%7C%22deep+learning%22%7C%22audio+analysis%22+feedback%7C%22performance+analysis%22%7Cevaluation%7Cexpressivity&ots=1Orpb1XvV5&sig=otVv83NkNDOot1SwuCKj1p2oAJ4","",972,"2025-12-14 08:01:17","BOOK","","","",,,,,0,0.00,0,1,1,"… time, at age thirteen, that I experienced acoustic feedback in a musical-or any other-context. … electric guitar informed me that this was the sound of feedback, caused by leaving the guitar …","","https://scholar.google.com/scholar?q=related:cgNZzEXa7tQJ:scholar.google.com/&scioq=guitar%7C%22electric+guitar%22+%22artificial+intelligence%22%7C%22machine+learning%22%7C%22deep+learning%22%7C%22audio+analysis%22+feedback%7C%22performance+analysis%22%7Cevaluation%7Cexpressivity&hl=en&as_sdt=2007"
1,"M Kaliakatsos-Papakostas, G Bastas, D Makris, ...","A machine learning approach for midi to guitar tablature conversion",2025,"arXiv preprint arXiv …","arxiv.org","https://arxiv.org/abs/2510.10619","https://scholar.google.com/scholar?cites=2274350471638492471&as_sdt=2005&sciodt=2007&hl=en",973,"2025-12-14 08:01:17","","","","",,,,,1,1.00,0,4,1,"… This paper presents a method for assigning guitar tablature … guitar-idiomatic expressional characteristics is involved (eg bending etc.) The current strategy is based on machine learning …","https://arxiv.org/pdf/2510.10619?","https://scholar.google.com/scholar?q=related:NyXBNLQdkB8J:scholar.google.com/&scioq=guitar%7C%22electric+guitar%22+%22artificial+intelligence%22%7C%22machine+learning%22%7C%22deep+learning%22%7C%22audio+analysis%22+feedback%7C%22performance+analysis%22%7Cevaluation%7Cexpressivity&hl=en&as_sdt=2007"
0,"N Silva, L Turchet","User-Centered Evaluation of Smart Musical Instruments with Embedded Real-Time Pattern Detection",2025,"2025 Immersive and 3D Audio: from …","ieeexplore.ieee.org","https://ieeexplore.ieee.org/abstract/document/11202088/","",974,"2025-12-14 08:01:17","","","","",,,,,0,0.00,0,2,1,"… deep learning that recognizes a set of predefined polyphonic patterns from an incoming audio stream. We embed such an algorithm into smart electric guitar … integrating deep learning-…","","https://scholar.google.com/scholar?q=related:mn7nx6T9LNwJ:scholar.google.com/&scioq=guitar%7C%22electric+guitar%22+%22artificial+intelligence%22%7C%22machine+learning%22%7C%22deep+learning%22%7C%22audio+analysis%22+feedback%7C%22performance+analysis%22%7Cevaluation%7Cexpressivity&hl=en&as_sdt=2007"
1,"J Loth, P Sarmento, S Sarkar, Z Guo, M Barthet, ...","GOAT: A Large Dataset of Paired Guitar Audio Recordings and Tablatures",2025,"arXiv preprint arXiv …","arxiv.org","https://arxiv.org/abs/2509.22655","https://scholar.google.com/scholar?cites=9950333008322502808&as_sdt=2005&sciodt=2007&hl=en",975,"2025-12-14 08:01:17","","","","",,,,,1,1.00,0,6,1,"… deep learning approaches, progress has been limited by the scarcity and limited annotations of datasets. To address this, we present the Guitar … ; (3) an evaluation of results when using …","https://arxiv.org/pdf/2509.22655?","https://scholar.google.com/scholar?q=related:mCDo5SavFooJ:scholar.google.com/&scioq=guitar%7C%22electric+guitar%22+%22artificial+intelligence%22%7C%22machine+learning%22%7C%22deep+learning%22%7C%22audio+analysis%22+feedback%7C%22performance+analysis%22%7Cevaluation%7Cexpressivity&hl=en&as_sdt=2007"
1,"G Storsve","'From metalheads to jazz fanatics': Experiences of deep learning across collaborative music-making contexts in Norwegian upper secondary schools",2025,"Journal of Popular Music Education","intellectdiscover.com","https://intellectdiscover.com/content/journals/10.1386/jpme_00162_1","https://scholar.google.com/scholar?cites=2480175299186617546&as_sdt=2005&sciodt=2007&hl=en",976,"2025-12-14 08:01:17","","10.1386/jpme_00162_1","","",,,,,1,1.00,1,1,1,"… deep learning in collaborative music-making contexts, examining the experiences of nine electric guitar … , active engagement and critical evaluation, leading to deeper understanding …","","https://scholar.google.com/scholar?q=related:ymy3SEtaayIJ:scholar.google.com/&scioq=guitar%7C%22electric+guitar%22+%22artificial+intelligence%22%7C%22machine+learning%22%7C%22deep+learning%22%7C%22audio+analysis%22+feedback%7C%22performance+analysis%22%7Cevaluation%7Cexpressivity&hl=en&as_sdt=2007"
5,"L Wei, Y Yu, Y Qin, S Zhang","From Tools to Creators: A Review on the Development and Application of Artificial Intelligence Music Generation",2025,"Information","mdpi.com","https://www.mdpi.com/2078-2489/16/8/656","https://scholar.google.com/scholar?cites=6529271378885740132&as_sdt=2005&sciodt=2007&hl=en",977,"2025-12-14 08:01:17","HTML","","","",,,,,5,5.00,1,4,1,"… feedback, … with guitar accompaniment created by George Harrison in 1995, effectively reviving the song from 45 years ago and showcasing the immense potential of artificial intelligence …","https://www.mdpi.com/2078-2489/16/8/656","https://scholar.google.com/scholar?q=related:ZAacvLmhnFoJ:scholar.google.com/&scioq=guitar%7C%22electric+guitar%22+%22artificial+intelligence%22%7C%22machine+learning%22%7C%22deep+learning%22%7C%22audio+analysis%22+feedback%7C%22performance+analysis%22%7Cevaluation%7Cexpressivity&hl=en&as_sdt=2007"
0,"H Chandrashekar, KT Swetha, V Ambika, ...","Music Instruments Classification Using Signal Processing and Machine Learning",2025,"2025 Third …","ieeexplore.ieee.org","https://ieeexplore.ieee.org/abstract/document/11187551/","",978,"2025-12-14 08:01:17","","","","",,,,,0,0.00,0,4,1,"… the significance of audio feature extraction and evaluation measures. EL Ding and Eshita … We only used five instruments for our classification purpose those are flute, acoustic guitar, …","","https://scholar.google.com/scholar?q=related:30rpEEAxUvUJ:scholar.google.com/&scioq=guitar%7C%22electric+guitar%22+%22artificial+intelligence%22%7C%22machine+learning%22%7C%22deep+learning%22%7C%22audio+analysis%22+feedback%7C%22performance+analysis%22%7Cevaluation%7Cexpressivity&hl=en&as_sdt=2007"
0,"S Chieppa","Automatic Guitar Transcription Using Deep Neural Networks",2024,"","mir.dei.uc.pt","https://mir.dei.uc.pt/pdf/Theses/MERGE/MSc_Thesis_2024_SimoneChieppa.pdf","",979,"2025-12-14 08:01:17","PDF","","","",,,,,0,0.00,0,1,1,"… Although there are many other important concepts in deep learning, only the most relevant … , this chapter aims to provide an unbiased evaluation of the model’s performance and its …","https://mir.dei.uc.pt/pdf/Theses/MERGE/MSc_Thesis_2024_SimoneChieppa.pdf","https://scholar.google.com/scholar?q=related:iveS74jVSN4J:scholar.google.com/&scioq=guitar%7C%22electric+guitar%22+%22artificial+intelligence%22%7C%22machine+learning%22%7C%22deep+learning%22%7C%22audio+analysis%22+feedback%7C%22performance+analysis%22%7Cevaluation%7Cexpressivity&hl=en&as_sdt=2007"
1,"D Cheng, X Qu","Intelligent generation and optimization of resources in music teaching reform based on artificial intelligence and deep learning",2025,"Scientific Reports","nature.com","https://www.nature.com/articles/s41598-025-16458-8","https://scholar.google.com/scholar?cites=604835751379595206&as_sdt=2005&sciodt=2007&hl=en",980,"2025-12-14 08:01:17","HTML","","","",,,,,1,1.00,1,2,1,"… deep learning and reinforcement learning, has strong adaptability and independent decision-making ability, and can optimize behavior strategies according to feedback … (such as …","https://www.nature.com/articles/s41598-025-16458-8","https://scholar.google.com/scholar?q=related:xu9vTOnOZAgJ:scholar.google.com/&scioq=guitar%7C%22electric+guitar%22+%22artificial+intelligence%22%7C%22machine+learning%22%7C%22deep+learning%22%7C%22audio+analysis%22+feedback%7C%22performance+analysis%22%7Cevaluation%7Cexpressivity&hl=en&as_sdt=2007"
1,"CAN Mazlan, SI Koning, MYM Yusoff, ...","Artificial Intelligence in Music Education: Trends, Challenges, and Future Directions",2025,"… Artificial Intelligence …","ieeexplore.ieee.org","https://ieeexplore.ieee.org/abstract/document/11158139/","https://scholar.google.com/scholar?cites=15403999886920973802&as_sdt=2005&sciodt=2007&hl=en",981,"2025-12-14 08:01:17","","","","",,,,,1,1.00,0,4,1,"… years, driven by advancements in machine learning, natural language processing, and … -time feedback mechanisms in music education [4]–[8]. AI-driven platforms utilize deep learning …","","https://scholar.google.com/scholar?q=related:6v0UhEgAxtUJ:scholar.google.com/&scioq=guitar%7C%22electric+guitar%22+%22artificial+intelligence%22%7C%22machine+learning%22%7C%22deep+learning%22%7C%22audio+analysis%22+feedback%7C%22performance+analysis%22%7Cevaluation%7Cexpressivity&hl=en&as_sdt=2007"
0,"S Kumar, S Ghosh, Y Lin, Y Chen, R Duraiswami, ...","PolyAudio: Advancing Multi-Audio Analysis & Reasoning in Large Audio Language Models",,"openreview.net","","https://openreview.net/forum?id=Tq0oPUyVTz","",982,"2025-12-14 08:01:17","","","","",,,,,0,0.00,0,6,,"… EVALUATION BENCHMARKS Our evaluation for multi-audio analysis and reasoning is centered around following benchmarks: POLYAUDIO-BENCH: Our primary evaluation is …","https://openreview.net/pdf?id=Tq0oPUyVTz","https://scholar.google.com/scholar?q=related:lmu5g1r6PPsJ:scholar.google.com/&scioq=guitar%7C%22electric+guitar%22+%22artificial+intelligence%22%7C%22machine+learning%22%7C%22deep+learning%22%7C%22audio+analysis%22+feedback%7C%22performance+analysis%22%7Cevaluation%7Cexpressivity&hl=en&as_sdt=2007"
1,"B Wira","Neural Audio Sculpting Towards Autonomous Multitrack Sonic Transformations",2025,"","engrxiv.org","https://engrxiv.org/preprint/view/4957","https://scholar.google.com/scholar?cites=446817085305653273&as_sdt=2005&sciodt=2007&hl=en",983,"2025-12-14 08:01:17","","","","",,,,,1,1.00,1,1,1,"… the emerging integration of deep learning techniques, … production pipelines creates a feedback loop wherein compositional … Bass and Guitar stems yielded more accurate reproductions, …","https://engrxiv.org/preprint/download/4957/8464","https://scholar.google.com/scholar?q=related:GQg4kcVpMwYJ:scholar.google.com/&scioq=guitar%7C%22electric+guitar%22+%22artificial+intelligence%22%7C%22machine+learning%22%7C%22deep+learning%22%7C%22audio+analysis%22+feedback%7C%22performance+analysis%22%7Cevaluation%7Cexpressivity&hl=en&as_sdt=2007"
1,"T Senatori, D Nardone, M Lo Giudice, A Salvini","Explainable instrument classification: from MFCC mean-vector models to CNNs on MFCC and mel-spectrograms with t-SNE and Grad-CAM insights",2025,"Information","mdpi.com","https://www.mdpi.com/2078-2489/16/10/864","https://scholar.google.com/scholar?cites=7141208214060148758&as_sdt=2005&sciodt=2007&hl=en",984,"2025-12-14 08:01:17","HTML","","","",,,,,1,1.00,0,4,1,"… to this intersection between deep learning, signal processing, … the accordion, acoustic guitar, banjo, bass guitar, clarinet, … the development, training, and evaluation of neural networks: it …","https://www.mdpi.com/2078-2489/16/10/864","https://scholar.google.com/scholar?q=related:Figo8girGmMJ:scholar.google.com/&scioq=guitar%7C%22electric+guitar%22+%22artificial+intelligence%22%7C%22machine+learning%22%7C%22deep+learning%22%7C%22audio+analysis%22+feedback%7C%22performance+analysis%22%7Cevaluation%7Cexpressivity&hl=en&as_sdt=2007"
0,"LM Wicaksana, MA Bianto, I Pasha, ...","Whisper Model and Lexrank Algorithm as an Efficient Solution for YouTube Video Transcription and Summarization",2025,"… of Artificial Intelligence …","ioinformatic.org","https://ioinformatic.org/index.php/JAIEA/article/view/1259","",985,"2025-12-14 08:01:17","","","","",,,,,0,0.00,0,4,1,"… machine learning approaches has shown promising results in multidocument scenarios using ROUGE as the evaluation … But if you put the guitar in a place that is easy to see, like in the …","https://ioinformatic.org/index.php/JAIEA/article/download/1259/909","https://scholar.google.com/scholar?q=related:oYkhlw9wSf4J:scholar.google.com/&scioq=guitar%7C%22electric+guitar%22+%22artificial+intelligence%22%7C%22machine+learning%22%7C%22deep+learning%22%7C%22audio+analysis%22+feedback%7C%22performance+analysis%22%7Cevaluation%7Cexpressivity&hl=en&as_sdt=2007"
3,"R Vivian","From artificial intelligence to real dummies",2025,"Digital Technologies Research and Applications","ojs.ukscip.com","http://ojs.ukscip.com/index.php/dtra/article/view/1205","https://scholar.google.com/scholar?cites=6130446925686039444&as_sdt=2005&sciodt=2007&hl=en",986,"2025-12-14 08:01:17","","","","",,,,,3,3.00,3,1,1,"… But beware: by analyzing students’ answers and providing instant feedback, digital … You can ask it to write a poem like Rimbaud, paint like Hopper, or play guitar like Hendrix, and it will …","http://ojs.ukscip.com/index.php/dtra/article/download/1205/854","https://scholar.google.com/scholar?q=related:lOPml_-4E1UJ:scholar.google.com/&scioq=guitar%7C%22electric+guitar%22+%22artificial+intelligence%22%7C%22machine+learning%22%7C%22deep+learning%22%7C%22audio+analysis%22+feedback%7C%22performance+analysis%22%7Cevaluation%7Cexpressivity&hl=en&as_sdt=2007"
0,"C Liebe, SA Schill, CE Smith, JA Ovi","Quest: Human Learning-A Framework for Incorporating Generative-AI Teaching and Learning Instruction in STEM Pre-Service Teacher Preparation (Evaluation)",2025,"2025 ASEE Annual …","peer.asee.org","https://peer.asee.org/quest-human-learning-a-framework-for-incorporating-generative-ai-teaching-and-learning-instruction-in-stem-pre-service-teacher-preparation-evaluation","",987,"2025-12-14 08:01:17","","","","",,,,,0,0.00,0,4,1,"… using advanced statistical and machine learning techniques. … Add a summary and evaluation of how any LLM provided a … all of the keys on a keyboard or all the strings on a guitar. …","https://peer.asee.org/quest-human-learning-a-framework-for-incorporating-generative-ai-teaching-and-learning-instruction-in-stem-pre-service-teacher-preparation-evaluation.pdf","https://scholar.google.com/scholar?q=related:4EedIX_bLd4J:scholar.google.com/&scioq=guitar%7C%22electric+guitar%22+%22artificial+intelligence%22%7C%22machine+learning%22%7C%22deep+learning%22%7C%22audio+analysis%22+feedback%7C%22performance+analysis%22%7Cevaluation%7Cexpressivity&hl=en&as_sdt=2007"
0,"T ADAMČÍK","GENERATION OF GUITAR TABS FROM SIGNAL",,"theses.cz","","https://theses.cz/id/rclurl/xadamc08-tab_generation_Archive.pdf","",988,"2025-12-14 08:01:17","PDF","","","",,,,,0,0.00,0,1,,"… Find an analytical and/or machine learning technique for conversion of guitar signals to tabs, make … The evaluation dataset consists of 7 pairs of synthetic and real recordings with a total …","https://theses.cz/id/rclurl/xadamc08-tab_generation_Archive.pdf","https://scholar.google.com/scholar?q=related:ULBMtIiaAt4J:scholar.google.com/&scioq=guitar%7C%22electric+guitar%22+%22artificial+intelligence%22%7C%22machine+learning%22%7C%22deep+learning%22%7C%22audio+analysis%22+feedback%7C%22performance+analysis%22%7Cevaluation%7Cexpressivity&hl=en&as_sdt=2007"
0,"M Wachter, S Murgul, M Heizmann","Beat-Based Rhythm Quantization of MIDI Performances",2025,"arXiv preprint arXiv:2508.19262","arxiv.org","https://arxiv.org/abs/2508.19262","",989,"2025-12-14 08:01:17","","","","",,,,,0,0.00,0,3,1,"… We propose a confusion-based evaluation metric tailored to … Extending beyond piano, we adapted the model to guitar … -of-the-art probabilistic and deep learning-based approaches. We …","https://arxiv.org/pdf/2508.19262","https://scholar.google.com/scholar?q=related:VCiJth-UmuUJ:scholar.google.com/&scioq=guitar%7C%22electric+guitar%22+%22artificial+intelligence%22%7C%22machine+learning%22%7C%22deep+learning%22%7C%22audio+analysis%22+feedback%7C%22performance+analysis%22%7Cevaluation%7Cexpressivity&hl=en&as_sdt=2007"
1,"N Jaffe, JA Burgoyne","Musical Source Separation Bake-Off: Comparing Objective Metrics with Human Perception",2025,"arXiv preprint arXiv:2507.06917","arxiv.org","https://arxiv.org/abs/2507.06917","https://scholar.google.com/scholar?cites=16388277181254552769&as_sdt=2005&sciodt=2007&hl=en",990,"2025-12-14 08:01:17","","","","",,,,,1,1.00,1,2,1,"… In this study, we conducted a largescale listener evaluation on … —encompassing remaining instruments such as guitar or piano. In … [8] as a novel deep-learning metric that compares the …","https://arxiv.org/pdf/2507.06917","https://scholar.google.com/scholar?q=related:wUxRfUTbbuMJ:scholar.google.com/&scioq=guitar%7C%22electric+guitar%22+%22artificial+intelligence%22%7C%22machine+learning%22%7C%22deep+learning%22%7C%22audio+analysis%22+feedback%7C%22performance+analysis%22%7Cevaluation%7Cexpressivity&hl=en&as_sdt=2007"
1,"F Heyen, M Labudda, M Sedlmair, ...","GuitarPie: Using the Fretboard of an Electric Guitar for Audio-Based Pie Menu Interaction",2025,"Proceedings of the 38th …","dl.acm.org","https://dl.acm.org/doi/abs/10.1145/3746059.3747799","https://scholar.google.com/scholar?cites=12467232153850585711&as_sdt=2005&sciodt=2007&hl=en",991,"2025-12-14 08:01:17","","10.1145/3746059.3747799","","",,,,,1,1.00,0,4,1,"… In the recent years, the uptake of deep learning techniques led to many robust monophonic and … Our qualitative evaluation solely focuses on how guitarists learn and use GuitarPie, …","https://andreasfender.com/publications/PDFs/GuitarPie_authorgenerated.pdf","https://scholar.google.com/scholar?q=related:b6KX9paBBK0J:scholar.google.com/&scioq=guitar%7C%22electric+guitar%22+%22artificial+intelligence%22%7C%22machine+learning%22%7C%22deep+learning%22%7C%22audio+analysis%22+feedback%7C%22performance+analysis%22%7Cevaluation%7Cexpressivity&hl=en&as_sdt=2007"
10,"S Kumar, Š Sedláček, V Lokegaonkar, F López, ...","Mmau-pro: A challenging and comprehensive benchmark for holistic evaluation of audio general intelligence",2025,"arXiv preprint arXiv …","arxiv.org","https://arxiv.org/abs/2508.13992","https://scholar.google.com/scholar?cites=1855944460260289734&as_sdt=2005&sciodt=2007&hl=en",992,"2025-12-14 08:01:17","","","","",,,,,10,10.00,2,5,1,"… For evaluation of multiaudio, for models that do not support multi-audio analysis, we … What is the selling point of the guitar solo around 2:45? Options: 1) Fast staccato notes, 2) …","https://arxiv.org/pdf/2508.13992","https://scholar.google.com/scholar?q=related:xiyrRKejwRkJ:scholar.google.com/&scioq=guitar%7C%22electric+guitar%22+%22artificial+intelligence%22%7C%22machine+learning%22%7C%22deep+learning%22%7C%22audio+analysis%22+feedback%7C%22performance+analysis%22%7Cevaluation%7Cexpressivity&hl=en&as_sdt=2007"
0,"LV Mandaric, E Brajkovic","AI Technologies in Music Education: Personalized Learning for Elementary School Students",2025,"… in Education and Artificial Intelligence …","books.google.com","https://books.google.com/books?hl=en&lr=&id=wSCOEQAAQBAJ&oi=fnd&pg=PA182&dq=guitar%7C%22electric+guitar%22+%22artificial+intelligence%22%7C%22machine+learning%22%7C%22deep+learning%22%7C%22audio+analysis%22+feedback%7C%22performance+analysis%22%7Cevaluation%7Cexpressivity&ots=3iEw6EnlUL&sig=usVMLi3pFmuKl9WK3F8CZ0fGjVs","",993,"2025-12-14 08:01:17","","","","",,,,,0,0.00,0,2,1,"… feedback based on predefined rules [1]. However, with advancements in artificial intelligence, particularly in machine learning and … mances on instruments like guitar and piano, offering …","","https://scholar.google.com/scholar?q=related:hkO0HwRtCu0J:scholar.google.com/&scioq=guitar%7C%22electric+guitar%22+%22artificial+intelligence%22%7C%22machine+learning%22%7C%22deep+learning%22%7C%22audio+analysis%22+feedback%7C%22performance+analysis%22%7Cevaluation%7Cexpressivity&hl=en&as_sdt=2007"
1,"R Mukherjee, S Singh, V Akram","Predicting Ecological Footprints in India Using Machine Learning Techniques",2025,"Studies in Microeconomics","journals.sagepub.com","https://journals.sagepub.com/doi/abs/10.1177/23210222251371388","https://scholar.google.com/scholar?cites=184016382614981766&as_sdt=2005&sciodt=2007&hl=en",994,"2025-12-14 08:01:17","","10.1177/23210222251371388","","",,,,,1,1.00,0,3,1,"… The function can be compared to tuning a guitar to find the perfect sound, where one tries … Considering the performance in the evaluation data set, the RF model performs well among …","","https://scholar.google.com/scholar?q=related:hkyezuzBjQIJ:scholar.google.com/&scioq=guitar%7C%22electric+guitar%22+%22artificial+intelligence%22%7C%22machine+learning%22%7C%22deep+learning%22%7C%22audio+analysis%22+feedback%7C%22performance+analysis%22%7Cevaluation%7Cexpressivity&hl=en&as_sdt=2007"
1,"CJ Steinmetz, C Uhle, F Everardo, C Mitcheltree, ...","Audio signal processing in the artificial intelligence era: challenges and directions",2025,"Journal of the Audio …","merl.com","https://www.merl.com/publications/docs/TR2025-116.pdf","https://scholar.google.com/scholar?cites=18011849418389353679&as_sdt=2005&sciodt=2007&hl=en",995,"2025-12-14 08:01:17","PDF","","","",,,,,1,1.00,0,5,1,"… data) and loss functions for computing an evaluation criterion quantifying how well a computed … Ostermann, “Classification of guitar effects and extraction of their parameter settings from …","https://www.merl.com/publications/docs/TR2025-116.pdf","https://scholar.google.com/scholar?q=related:z3Tsep3x9vkJ:scholar.google.com/&scioq=guitar%7C%22electric+guitar%22+%22artificial+intelligence%22%7C%22machine+learning%22%7C%22deep+learning%22%7C%22audio+analysis%22+feedback%7C%22performance+analysis%22%7Cevaluation%7Cexpressivity&hl=en&as_sdt=2007"
0,"MK Singh, WH Liao, Y Mitsufuji","A Comprehensive Real-World Assessment of Audio Watermarking Algorithms: Will They Survive Neural Codecs?",,"Threshold (dB)","researchgate.net","https://www.researchgate.net/profile/Yigitcan-Oezer/publication/396812950_A_Comprehensive_Real-World_Assessment_of_Audio_Watermarking_Algorithms_Will_They_Survive_Neural_Codecs/links/6902edd8368b49329fa83bb5/A-Comprehensive-Real-World-Assessment-of-Audio-Watermarking-Algorithms-Will-They-Survive-Neural-Codecs.pdf","",996,"2025-12-14 08:01:17","PDF","","","",,,,,0,0.00,0,3,,"… We introduced a systematic evaluation framework for deep learning-based audio watermarking algorithms, addressing important gaps in robustness analysis and benchmarking. We de…","https://www.researchgate.net/profile/Yigitcan-Oezer/publication/396812950_A_Comprehensive_Real-World_Assessment_of_Audio_Watermarking_Algorithms_Will_They_Survive_Neural_Codecs/links/6902edd8368b49329fa83bb5/A-Comprehensive-Real-World-Assessment-of-Audio-Watermarking-Algorithms-Will-They-Survive-Neural-Codecs.pdf","https://scholar.google.com/scholar?q=related:kAUYGe1vlPYJ:scholar.google.com/&scioq=guitar%7C%22electric+guitar%22+%22artificial+intelligence%22%7C%22machine+learning%22%7C%22deep+learning%22%7C%22audio+analysis%22+feedback%7C%22performance+analysis%22%7Cevaluation%7Cexpressivity&hl=en&as_sdt=2007"
0,"M Cristescu","Conceptual Bridges in Machine Learning",2025,"","repository.tudelft.nl","https://repository.tudelft.nl/record/uuid:37b9155d-9173-4e7b-bbaa-a6f95dcffc0e","",997,"2025-12-14 08:01:17","","","","",,,,,0,0.00,0,1,1,"… To assess the quality of the generated analogies, we conducted an expert evaluation. This evaluation focused on three key criteria that capture both the quality and the structure of each …","https://repository.tudelft.nl/file/File_88f426a0-d1bd-4e21-bfca-fa6b4b5661e7","https://scholar.google.com/scholar?q=related:Zfg1cksT1MQJ:scholar.google.com/&scioq=guitar%7C%22electric+guitar%22+%22artificial+intelligence%22%7C%22machine+learning%22%7C%22deep+learning%22%7C%22audio+analysis%22+feedback%7C%22performance+analysis%22%7Cevaluation%7Cexpressivity&hl=en&as_sdt=2007"
0,"Y Liu","Deep Neural Network and SVM-Based Multiclass Musical Instruments Classification Using MFCC, STFT, and Related Acoustic Features",2025,"Informatica","informatica.si","https://www.informatica.si/index.php/informatica/article/view/8730","",998,"2025-12-14 08:01:17","","","","",,,,,0,0.00,0,1,1,"… Using Deep Learning (DL) alongside Artificial Intelligence … distribution during the training and evaluation of the models, … range of the acoustic guitar and bass guitar. Not too dissimilar to …","https://www.informatica.si/index.php/informatica/article/download/8730/4879","https://scholar.google.com/scholar?q=related:ChoxIGGlXfYJ:scholar.google.com/&scioq=guitar%7C%22electric+guitar%22+%22artificial+intelligence%22%7C%22machine+learning%22%7C%22deep+learning%22%7C%22audio+analysis%22+feedback%7C%22performance+analysis%22%7Cevaluation%7Cexpressivity&hl=en&as_sdt=2007"
